I0521 02:57:51.285789 12151 server.go:1291] Starting language server process with pid 12151
I0521 02:57:51.287630 12151 server.go:328] Setting GOMAXPROCS to 4
I0521 02:57:51.289096 12151 server.go:471] Language server will attempt to listen on host localhost
I0521 02:57:51.291514 12151 server.go:485] Language server listening on random port at 34659 for HTTPS (gRPC)
I0521 02:57:51.291557 12151 server.go:492] Language server listening on random port at 35513 for HTTP
I0521 02:57:51.915491 12151 auth_provider.go:546] [AuthProvider] SetProjectID called with projectID: ""
I0521 02:57:51.915527 12151 auth_provider.go:554] [AuthProvider] SetLocation called with location: ""
W0521 02:57:51.939681 12151 launchmanager.go:68] Entering local chrome mode! This is WRONG unless you are running tests or in eval mode on Linux.
I0521 02:57:53.699175 12151 http_helpers.go:182] URL: https://daily-cloudcode-pa.googleapis.com/v1internal:loadCodeAssist Trace: 0x9e280f392b8e2bf7
I0521 02:57:53.880966 12151 http_helpers.go:182] URL: https://daily-cloudcode-pa.googleapis.com/v1internal:loadCodeAssist Trace: 0x4f0a23e046b605cc
I0521 02:57:54.528602 12151 http_helpers.go:182] URL: https://daily-cloudcode-pa.googleapis.com/v1internal:fetchAvailableModels Trace: 0xa242e372855dd399
I0521 02:57:54.534516 12151 server.go:2235] Auth succeeded, refreshing features and managers
I0521 02:57:54.922565 12151 server.go:2241] State refresh took 388ms
I0521 02:57:54.924027 12151 projects_migration.go:447] Projects migration already started or completed, skipping
I0521 02:57:55.027852 12151 server.go:1109] Serving UI bundle from embedded assets
I0521 02:57:55.032327 12151 server.go:1899] initialized server successfully in 3.745343159s
I0521 03:03:52.849114 12151 http_helpers.go:182] URL: https://daily-cloudcode-pa.googleapis.com/v1internal:fetchAvailableModels Trace: 0x134cd86cf51673a4
I0521 03:03:53.367617 12151 http_helpers.go:182] URL: https://daily-cloudcode-pa.googleapis.com/v1internal:loadCodeAssist Trace: 0x2e0758e403e11072
I0521 03:09:52.791901 12151 http_helpers.go:182] URL: https://daily-cloudcode-pa.googleapis.com/v1internal:fetchAvailableModels Trace: 0xeaa54a5d27967103
I0521 03:09:53.308414 12151 http_helpers.go:182] URL: https://daily-cloudcode-pa.googleapis.com/v1internal:loadCodeAssist Trace: 0xda2bb8d993b8cbef
E0521 03:11:05.877050 12151 repo.go:340] failed to create patch for untracked file config/antigravity2/config/Cache/Cache_Data/002081dddd2250a5_0: bytes are not valid utf8
E0521 03:11:05.877621 12151 repo.go:340] failed to create patch for untracked file config/antigravity2/config/Cache/Cache_Data/00bb339372a02fe2_0: bytes are not valid utf8
E0521 03:11:05.878342 12151 repo.go:340] failed to create patch for untracked file config/antigravity2/config/Cache/Cache_Data/010feafdc0332159_0: bytes are not valid utf8
E0521 03:11:05.878941 12151 repo.go:340] failed to create patch for untracked file config/antigravity2/config/Cache/Cache_Data/014719b48e4786c7_0: bytes are not valid utf8
E0521 03:11:05.879539 12151 repo.go:340] failed to create patch for untracked file config/antigravity2/config/Cache/Cache_Data/028e163bdb1619d1_0: bytes are not valid utf8
E0521 03:11:05.879960 12151 repo.go:340] failed to create patch for untracked file config/antigravity2/config/Cache/Cache_Data/02c919f8ff1350ca_0: bytes are not valid utf8
E0521 03:11:05.880462 12151 repo.go:340] failed to create patch for untracked file config/antigravity2/config/Cache/Cache_Data/02d1f1803c3474a2_0: bytes are not valid utf8
E0521 03:11:05.881216 12151 repo.go:340] failed to create patch for untracked file config/antigravity2/config/Cache/Cache_Data/02ea645d364adf0e_0: bytes are not valid utf8
E0521 03:11:05.882016 12151 repo.go:340] failed to create patch for untracked file config/antigravity2/config/Cache/Cache_Data/06ddad21073efe65_0: bytes are not valid utf8
E0521 03:11:05.882432 12151 repo.go:340] failed to create patch for untracked file config/antigravity2/config/Cache/Cache_Data/076e263cd7cab022_0: bytes are not valid utf8
E0521 03:11:05.883475 12151 repo.go:340] failed to create patch for untracked file config/antigravity2/config/Cache/Cache_Data/079589d2979c227f_0: bytes are not valid utf8
E0521 03:11:05.884435 12151 repo.go:340] failed to create patch for untracked file config/antigravity2/config/Cache/Cache_Data/07f8dcf3f3c4604a_0: bytes are not valid utf8
E0521 03:11:05.884845 12151 repo.go:340] failed to create patch for untracked file config/antigravity2/config/Cache/Cache_Data/081b97e1646a1004_0: bytes are not valid utf8
E0521 03:11:05.885233 12151 repo.go:340] failed to create patch for untracked file config/antigravity2/config/Cache/Cache_Data/0a363164f52e2d5c_0: bytes are not valid utf8
E0521 03:11:05.885628 12151 repo.go:340] failed to create patch for untracked file config/antigravity2/config/Cache/Cache_Data/0abdb4d384399c73_0: bytes are not valid utf8
E0521 03:11:05.886153 12151 repo.go:340] failed to create patch for untracked file config/antigravity2/config/Cache/Cache_Data/0bb8c0ad87b41a05_0: bytes are not valid utf8
E0521 03:11:05.886547 12151 repo.go:340] failed to create patch for untracked file config/antigravity2/config/Cache/Cache_Data/0c4b75f55333778a_0: bytes are not valid utf8
E0521 03:11:05.887184 12151 repo.go:340] failed to create patch for untracked file config/antigravity2/config/Cache/Cache_Data/0c5f581ee9448c0b_0: bytes are not valid utf8
E0521 03:11:05.887634 12151 repo.go:340] failed to create patch for untracked file config/antigravity2/config/Cache/Cache_Data/0c8c7964fa38f254_0: bytes are not valid utf8
E0521 03:11:05.888720 12151 repo.go:340] failed to create patch for untracked file config/antigravity2/config/Cache/Cache_Data/0cbdfa421a515f1d_0: bytes are not valid utf8
E0521 03:11:05.889555 12151 repo.go:340] failed to create patch for untracked file config/antigravity2/config/Cache/Cache_Data/0dcc91d14330f88d_0: bytes are not valid utf8
E0521 03:11:05.890348 12151 repo.go:340] failed to create patch for untracked file config/antigravity2/config/Cache/Cache_Data/122845d4875ed470_0: bytes are not valid utf8
E0521 03:11:05.891274 12151 repo.go:340] failed to create patch for untracked file config/antigravity2/config/Cache/Cache_Data/124f820429e1e943_0: bytes are not valid utf8
E0521 03:11:05.892209 12151 repo.go:340] failed to create patch for untracked file config/antigravity2/config/Cache/Cache_Data/138d62048e8bd67c_0: bytes are not valid utf8
E0521 03:11:05.892855 12151 repo.go:340] failed to create patch for untracked file config/antigravity2/config/Cache/Cache_Data/13b20c348e9f0738_0: bytes are not valid utf8
E0521 03:11:05.894210 12151 repo.go:340] failed to create patch for untracked file config/antigravity2/config/Cache/Cache_Data/149d5cbef7afa412_0: bytes are not valid utf8
E0521 03:11:05.901080 12151 repo.go:340] failed to create patch for untracked file config/antigravity2/config/Cache/Cache_Data/155bce453aabfb88_0: bytes are not valid utf8
E0521 03:11:05.901587 12151 repo.go:340] failed to create patch for untracked file config/antigravity2/config/Cache/Cache_Data/157038944e4dd059_0: bytes are not valid utf8
E0521 03:11:05.901984 12151 repo.go:340] failed to create patch for untracked file config/antigravity2/config/Cache/Cache_Data/15c2e1f7c204928d_0: bytes are not valid utf8
E0521 03:11:05.902443 12151 repo.go:340] failed to create patch for untracked file config/antigravity2/config/Cache/Cache_Data/15f74e0513ef1728_0: bytes are not valid utf8
E0521 03:11:05.903227 12151 repo.go:340] failed to create patch for untracked file config/antigravity2/config/Cache/Cache_Data/16781074218af218_0: bytes are not valid utf8
E0521 03:11:05.903675 12151 repo.go:340] failed to create patch for untracked file config/antigravity2/config/Cache/Cache_Data/169d0cb84b3ddd6c_0: bytes are not valid utf8
E0521 03:11:05.904050 12151 repo.go:340] failed to create patch for untracked file config/antigravity2/config/Cache/Cache_Data/16fcf2b3dc9c5e0f_0: bytes are not valid utf8
E0521 03:11:05.904507 12151 repo.go:340] failed to create patch for untracked file config/antigravity2/config/Cache/Cache_Data/1739bfbad75ea456_0: bytes are not valid utf8
E0521 03:11:05.905301 12151 repo.go:340] failed to create patch for untracked file config/antigravity2/config/Cache/Cache_Data/1798e83b60a367e9_0: bytes are not valid utf8
E0521 03:11:05.905818 12151 repo.go:340] failed to create patch for untracked file config/antigravity2/config/Cache/Cache_Data/1bed9367a28797bf_0: bytes are not valid utf8
E0521 03:11:05.906881 12151 repo.go:340] failed to create patch for untracked file config/antigravity2/config/Cache/Cache_Data/1d95419a73cf6884_0: bytes are not valid utf8
E0521 03:11:05.907643 12151 repo.go:340] failed to create patch for untracked file config/antigravity2/config/Cache/Cache_Data/1e413c6b43ef44b0_0: bytes are not valid utf8
E0521 03:11:05.908080 12151 repo.go:340] failed to create patch for untracked file config/antigravity2/config/Cache/Cache_Data/1e8e3566383671de_0: bytes are not valid utf8
E0521 03:11:05.908440 12151 repo.go:340] failed to create patch for untracked file config/antigravity2/config/Cache/Cache_Data/1ee7d32fd6cfe8fa_0: bytes are not valid utf8
E0521 03:11:05.909443 12151 repo.go:340] failed to create patch for untracked file config/antigravity2/config/Cache/Cache_Data/1fb3bf879e32f7ae_0: bytes are not valid utf8
E0521 03:11:05.910622 12151 repo.go:340] failed to create patch for untracked file config/antigravity2/config/Cache/Cache_Data/2007937f7cfe4aab_0: bytes are not valid utf8
E0521 03:11:05.911405 12151 repo.go:340] failed to create patch for untracked file config/antigravity2/config/Cache/Cache_Data/21d802169d8615fc_0: bytes are not valid utf8
E0521 03:11:05.912116 12151 repo.go:340] failed to create patch for untracked file config/antigravity2/config/Cache/Cache_Data/22bf92702bbdb047_0: bytes are not valid utf8
E0521 03:11:05.912515 12151 repo.go:340] failed to create patch for untracked file config/antigravity2/config/Cache/Cache_Data/231459b6036e0d10_0: bytes are not valid utf8
E0521 03:11:05.912920 12151 repo.go:340] failed to create patch for untracked file config/antigravity2/config/Cache/Cache_Data/2393d1acce47e863_0: bytes are not valid utf8
E0521 03:11:05.913277 12151 discovery.go:335] Failed to load JSON config file /home/dev/.gemini/config/mcp_config.json: unexpected end of JSON input
E0521 03:11:05.913551 12151 repo.go:340] failed to create patch for untracked file config/antigravity2/config/Cache/Cache_Data/23d20abf1963666c_0: bytes are not valid utf8
E0521 03:11:05.913966 12151 repo.go:340] failed to create patch for untracked file config/antigravity2/config/Cache/Cache_Data/2427be2794bbba69_0: bytes are not valid utf8
E0521 03:11:05.914550 12151 repo.go:340] failed to create patch for untracked file config/antigravity2/config/Cache/Cache_Data/256739624e55a5f3_0: bytes are not valid utf8
E0521 03:11:05.914966 12151 repo.go:340] failed to create patch for untracked file config/antigravity2/config/Cache/Cache_Data/26d09ebceab42497_0: bytes are not valid utf8
E0521 03:11:05.915681 12151 repo.go:340] failed to create patch for untracked file config/antigravity2/config/Cache/Cache_Data/28a5a5d671ba0af9_0: bytes are not valid utf8
E0521 03:11:05.916473 12151 repo.go:340] failed to create patch for untracked file config/antigravity2/config/Cache/Cache_Data/2a790e9512bbfc4f_0: bytes are not valid utf8
E0521 03:11:05.917438 12151 repo.go:340] failed to create patch for untracked file config/antigravity2/config/Cache/Cache_Data/2aa80b3821f86786_0: bytes are not valid utf8
E0521 03:11:05.917865 12151 repo.go:340] failed to create patch for untracked file config/antigravity2/config/Cache/Cache_Data/2b747c8668e8f2d9_0: bytes are not valid utf8
E0521 03:11:05.918553 12151 repo.go:340] failed to create patch for untracked file config/antigravity2/config/Cache/Cache_Data/2d1d24084067d6d7_0: bytes are not valid utf8
E0521 03:11:05.919034 12151 repo.go:340] failed to create patch for untracked file config/antigravity2/config/Cache/Cache_Data/2dba39f526e23093_0: bytes are not valid utf8
E0521 03:11:05.919822 12151 repo.go:340] failed to create patch for untracked file config/antigravity2/config/Cache/Cache_Data/2e1c8cfe16c90dcf_0: bytes are not valid utf8
E0521 03:11:05.920304 12151 repo.go:340] failed to create patch for untracked file config/antigravity2/config/Cache/Cache_Data/2edf4246771f6bc6_0: bytes are not valid utf8
E0521 03:11:05.920729 12151 repo.go:340] failed to create patch for untracked file config/antigravity2/config/Cache/Cache_Data/30322e4777408804_0: bytes are not valid utf8
E0521 03:11:05.921468 12151 repo.go:340] failed to create patch for untracked file config/antigravity2/config/Cache/Cache_Data/3176c783085e4516_0: bytes are not valid utf8
E0521 03:11:05.921880 12151 repo.go:340] failed to create patch for untracked file config/antigravity2/config/Cache/Cache_Data/3194fea65a3d6b4b_0: bytes are not valid utf8
E0521 03:11:05.922304 12151 repo.go:340] failed to create patch for untracked file config/antigravity2/config/Cache/Cache_Data/3214021c55d520c2_0: bytes are not valid utf8
E0521 03:11:05.922689 12151 repo.go:340] failed to create patch for untracked file config/antigravity2/config/Cache/Cache_Data/325e237a7c60a1fb_0: bytes are not valid utf8
E0521 03:11:05.923103 12151 repo.go:340] failed to create patch for untracked file config/antigravity2/config/Cache/Cache_Data/32b8d315bcfa87ce_0: bytes are not valid utf8
E0521 03:11:05.923492 12151 repo.go:340] failed to create patch for untracked file config/antigravity2/config/Cache/Cache_Data/33b73badf9bdc24e_0: bytes are not valid utf8
E0521 03:11:05.923863 12151 repo.go:340] failed to create patch for untracked file config/antigravity2/config/Cache/Cache_Data/340b5662b898ac4b_0: bytes are not valid utf8
E0521 03:11:05.924790 12151 repo.go:340] failed to create patch for untracked file config/antigravity2/config/Cache/Cache_Data/3481a54308005f5b_0: bytes are not valid utf8
E0521 03:11:05.925226 12151 repo.go:340] failed to create patch for untracked file config/antigravity2/config/Cache/Cache_Data/361f99b90c7c0e5b_0: bytes are not valid utf8
E0521 03:11:05.925630 12151 repo.go:340] failed to create patch for untracked file config/antigravity2/config/Cache/Cache_Data/364f20028ff353dd_0: bytes are not valid utf8
E0521 03:11:05.926484 12151 repo.go:340] failed to create patch for untracked file config/antigravity2/config/Cache/Cache_Data/374e2a0a8f528478_0: bytes are not valid utf8
E0521 03:11:05.926887 12151 repo.go:340] failed to create patch for untracked file config/antigravity2/config/Cache/Cache_Data/38d45d1b9a93759d_0: bytes are not valid utf8
E0521 03:11:05.927600 12151 repo.go:340] failed to create patch for untracked file config/antigravity2/config/Cache/Cache_Data/3930749a50fe0cfc_0: bytes are not valid utf8
E0521 03:11:05.927975 12151 repo.go:340] failed to create patch for untracked file config/antigravity2/config/Cache/Cache_Data/3971e154c184cba0_0: bytes are not valid utf8
E0521 03:11:05.928344 12151 repo.go:340] failed to create patch for untracked file config/antigravity2/config/Cache/Cache_Data/3a15cebc78a6542b_0: bytes are not valid utf8
E0521 03:11:05.928702 12151 repo.go:340] failed to create patch for untracked file config/antigravity2/config/Cache/Cache_Data/3a86372ab70a79c4_0: bytes are not valid utf8
E0521 03:11:05.929126 12151 repo.go:340] failed to create patch for untracked file config/antigravity2/config/Cache/Cache_Data/3b533273a4416994_0: bytes are not valid utf8
E0521 03:11:05.929808 12151 repo.go:340] failed to create patch for untracked file config/antigravity2/config/Cache/Cache_Data/3d402e198b46afb0_0: bytes are not valid utf8
E0521 03:11:05.930158 12151 repo.go:340] failed to create patch for untracked file config/antigravity2/config/Cache/Cache_Data/3da5c229792de826_0: bytes are not valid utf8
E0521 03:11:05.930509 12151 repo.go:340] failed to create patch for untracked file config/antigravity2/config/Cache/Cache_Data/3dd1437ad69a2fe5_0: bytes are not valid utf8
E0521 03:11:05.930885 12151 repo.go:340] failed to create patch for untracked file config/antigravity2/config/Cache/Cache_Data/3f307ecd1c6ee3bb_0: bytes are not valid utf8
E0521 03:11:05.932346 12151 repo.go:340] failed to create patch for untracked file config/antigravity2/config/Cache/Cache_Data/3fb7128c41de8e9f_0: bytes are not valid utf8
E0521 03:11:05.932735 12151 repo.go:340] failed to create patch for untracked file config/antigravity2/config/Cache/Cache_Data/4030ddf409313378_0: bytes are not valid utf8
E0521 03:11:05.933099 12151 repo.go:340] failed to create patch for untracked file config/antigravity2/config/Cache/Cache_Data/41798dde8d943186_0: bytes are not valid utf8
E0521 03:11:05.933622 12151 repo.go:340] failed to create patch for untracked file config/antigravity2/config/Cache/Cache_Data/41b08808024acb92_0: bytes are not valid utf8
E0521 03:11:05.934038 12151 repo.go:340] failed to create patch for untracked file config/antigravity2/config/Cache/Cache_Data/41c945ceeafa7c20_0: bytes are not valid utf8
E0521 03:11:05.934097 12151 repo.go:340] failed to create patch for untracked file config/antigravity2/config/Cache/Cache_Data/4206a7f1d96a6bbb_0: bytes are not valid utf8
E0521 03:11:05.934600 12151 repo.go:340] failed to create patch for untracked file config/antigravity2/config/Cache/Cache_Data/4316d5de02d4d719_0: bytes are not valid utf8
E0521 03:11:05.934922 12151 repo.go:340] failed to create patch for untracked file config/antigravity2/config/Cache/Cache_Data/4350b0aa13ff5247_0: bytes are not valid utf8
E0521 03:11:05.936205 12151 repo.go:340] failed to create patch for untracked file config/antigravity2/config/Cache/Cache_Data/44f48bf8a9301784_0: bytes are not valid utf8
E0521 03:11:05.937239 12151 repo.go:340] failed to create patch for untracked file config/antigravity2/config/Cache/Cache_Data/459f76a418866458_0: bytes are not valid utf8
E0521 03:11:05.938344 12151 repo.go:340] failed to create patch for untracked file config/antigravity2/config/Cache/Cache_Data/45bab976d31dc7a6_0: bytes are not valid utf8
E0521 03:11:05.938776 12151 repo.go:340] failed to create patch for untracked file config/antigravity2/config/Cache/Cache_Data/45dba839a0108c36_0: bytes are not valid utf8
E0521 03:11:05.939661 12151 repo.go:340] failed to create patch for untracked file config/antigravity2/config/Cache/Cache_Data/461ff5c71d91b0b7_0: bytes are not valid utf8
E0521 03:11:05.940387 12151 repo.go:340] failed to create patch for untracked file config/antigravity2/config/Cache/Cache_Data/4638d732181ee00b_0: bytes are not valid utf8
E0521 03:11:05.940778 12151 repo.go:340] failed to create patch for untracked file config/antigravity2/config/Cache/Cache_Data/46bda2292e9886c5_0: bytes are not valid utf8
E0521 03:11:05.941192 12151 repo.go:340] failed to create patch for untracked file config/antigravity2/config/Cache/Cache_Data/470645464aab578c_0: bytes are not valid utf8
E0521 03:11:05.941732 12151 repo.go:340] failed to create patch for untracked file config/antigravity2/config/Cache/Cache_Data/47f0b34e9f611fde_0: bytes are not valid utf8
E0521 03:11:05.942101 12151 repo.go:340] failed to create patch for untracked file config/antigravity2/config/Cache/Cache_Data/4990b1532386b09b_0: bytes are not valid utf8
E0521 03:11:05.942620 12151 repo.go:340] failed to create patch for untracked file config/antigravity2/config/Cache/Cache_Data/49d5bf64653da8f8_0: bytes are not valid utf8
E0521 03:11:05.943006 12151 repo.go:340] failed to create patch for untracked file config/antigravity2/config/Cache/Cache_Data/4b1c61f4e039ef09_0: bytes are not valid utf8
E0521 03:11:05.943366 12151 repo.go:340] failed to create patch for untracked file config/antigravity2/config/Cache/Cache_Data/4bfdf77cd46c89dd_0: bytes are not valid utf8
E0521 03:11:05.943761 12151 repo.go:340] failed to create patch for untracked file config/antigravity2/config/Cache/Cache_Data/4c31ab23de475d07_0: bytes are not valid utf8
E0521 03:11:05.944140 12151 repo.go:340] failed to create patch for untracked file config/antigravity2/config/Cache/Cache_Data/4ccf9bee5a6774e1_0: bytes are not valid utf8
E0521 03:11:05.944769 12151 repo.go:340] failed to create patch for untracked file config/antigravity2/config/Cache/Cache_Data/4ea83fe18f111c3f_0: bytes are not valid utf8
E0521 03:11:05.945249 12151 repo.go:340] failed to create patch for untracked file config/antigravity2/config/Cache/Cache_Data/4f90edabf8736f8c_0: bytes are not valid utf8
E0521 03:11:05.945685 12151 repo.go:340] failed to create patch for untracked file config/antigravity2/config/Cache/Cache_Data/50779a25fe76a628_0: bytes are not valid utf8
E0521 03:11:05.946331 12151 repo.go:340] failed to create patch for untracked file config/antigravity2/config/Cache/Cache_Data/51601d8fcdf5481d_0: bytes are not valid utf8
E0521 03:11:05.946796 12151 repo.go:340] failed to create patch for untracked file config/antigravity2/config/Cache/Cache_Data/51e6257fd7166f39_0: bytes are not valid utf8
E0521 03:11:05.947181 12151 repo.go:340] failed to create patch for untracked file config/antigravity2/config/Cache/Cache_Data/5283edf90cf4ab50_0: bytes are not valid utf8
E0521 03:11:05.947635 12151 repo.go:340] failed to create patch for untracked file config/antigravity2/config/Cache/Cache_Data/52a61386ddcb24b3_0: bytes are not valid utf8
E0521 03:11:05.948306 12151 repo.go:340] failed to create patch for untracked file config/antigravity2/config/Cache/Cache_Data/5369889dca8b00fc_0: bytes are not valid utf8
E0521 03:11:05.949607 12151 repo.go:340] failed to create patch for untracked file config/antigravity2/config/Cache/Cache_Data/53b3573e7162572d_0: bytes are not valid utf8
E0521 03:11:05.950396 12151 repo.go:340] failed to create patch for untracked file config/antigravity2/config/Cache/Cache_Data/5406f1c618f3ba46_0: bytes are not valid utf8
E0521 03:11:05.950897 12151 repo.go:340] failed to create patch for untracked file config/antigravity2/config/Cache/Cache_Data/54e4d0acda86af59_0: bytes are not valid utf8
E0521 03:11:05.951385 12151 repo.go:340] failed to create patch for untracked file config/antigravity2/config/Cache/Cache_Data/55771e19515e75ad_0: bytes are not valid utf8
E0521 03:11:05.952352 12151 repo.go:340] failed to create patch for untracked file config/antigravity2/config/Cache/Cache_Data/55abb97984fe534b_0: bytes are not valid utf8
E0521 03:11:05.952830 12151 repo.go:340] failed to create patch for untracked file config/antigravity2/config/Cache/Cache_Data/570a3ea9c682ec3f_0: bytes are not valid utf8
E0521 03:11:05.953539 12151 repo.go:340] failed to create patch for untracked file config/antigravity2/config/Cache/Cache_Data/59af10e9bff0ec7a_0: bytes are not valid utf8
E0521 03:11:05.953992 12151 repo.go:340] failed to create patch for untracked file config/antigravity2/config/Cache/Cache_Data/5b39c5b199f9be29_0: bytes are not valid utf8
E0521 03:11:05.954450 12151 repo.go:340] failed to create patch for untracked file config/antigravity2/config/Cache/Cache_Data/5be0a1ef2e301441_0: bytes are not valid utf8
E0521 03:11:05.955312 12151 repo.go:340] failed to create patch for untracked file config/antigravity2/config/Cache/Cache_Data/5c4033c70fa592db_0: bytes are not valid utf8
E0521 03:11:05.956066 12151 repo.go:340] failed to create patch for untracked file config/antigravity2/config/Cache/Cache_Data/5c60b3f4e9ca2c2a_0: bytes are not valid utf8
E0521 03:11:05.956817 12151 repo.go:340] failed to create patch for untracked file config/antigravity2/config/Cache/Cache_Data/5cd3a1543f477d85_0: bytes are not valid utf8
E0521 03:11:05.957440 12151 repo.go:340] failed to create patch for untracked file config/antigravity2/config/Cache/Cache_Data/5d3007f1d8a89b92_0: bytes are not valid utf8
E0521 03:11:05.957870 12151 repo.go:340] failed to create patch for untracked file config/antigravity2/config/Cache/Cache_Data/5d6bf8d15c2deb23_0: bytes are not valid utf8
E0521 03:11:05.958299 12151 repo.go:340] failed to create patch for untracked file config/antigravity2/config/Cache/Cache_Data/5e0d973044b863e8_0: bytes are not valid utf8
E0521 03:11:05.958717 12151 repo.go:340] failed to create patch for untracked file config/antigravity2/config/Cache/Cache_Data/5ec684cad191f200_0: bytes are not valid utf8
E0521 03:11:05.959135 12151 repo.go:340] failed to create patch for untracked file config/antigravity2/config/Cache/Cache_Data/5f5621adee972259_0: bytes are not valid utf8
E0521 03:11:05.959534 12151 repo.go:340] failed to create patch for untracked file config/antigravity2/config/Cache/Cache_Data/609ca5069b09030f_0: bytes are not valid utf8
E0521 03:11:05.959939 12151 repo.go:340] failed to create patch for untracked file config/antigravity2/config/Cache/Cache_Data/60bba5076f3abc94_0: bytes are not valid utf8
E0521 03:11:05.960349 12151 repo.go:340] failed to create patch for untracked file config/antigravity2/config/Cache/Cache_Data/621c103beacef929_0: bytes are not valid utf8
E0521 03:11:05.960746 12151 repo.go:340] failed to create patch for untracked file config/antigravity2/config/Cache/Cache_Data/6232f9923f9d5bfd_0: bytes are not valid utf8
E0521 03:11:05.961157 12151 repo.go:340] failed to create patch for untracked file config/antigravity2/config/Cache/Cache_Data/628e5e3c9f2cd724_0: bytes are not valid utf8
E0521 03:11:05.961545 12151 repo.go:340] failed to create patch for untracked file config/antigravity2/config/Cache/Cache_Data/6312f0608717eee7_0: bytes are not valid utf8
E0521 03:11:05.961596 12151 repo.go:340] failed to create patch for untracked file config/antigravity2/config/Cache/Cache_Data/64501463f5665574_0: bytes are not valid utf8
E0521 03:11:05.962073 12151 repo.go:340] failed to create patch for untracked file config/antigravity2/config/Cache/Cache_Data/652e8ba4564bfbb1_0: bytes are not valid utf8
E0521 03:11:05.962780 12151 repo.go:340] failed to create patch for untracked file config/antigravity2/config/Cache/Cache_Data/65ef0b3bf9cc8141_0: bytes are not valid utf8
E0521 03:11:05.963164 12151 repo.go:340] failed to create patch for untracked file config/antigravity2/config/Cache/Cache_Data/679661f778ae5fae_0: bytes are not valid utf8
E0521 03:11:05.963544 12151 repo.go:340] failed to create patch for untracked file config/antigravity2/config/Cache/Cache_Data/68e16fcb98b150e0_0: bytes are not valid utf8
E0521 03:11:05.963927 12151 repo.go:340] failed to create patch for untracked file config/antigravity2/config/Cache/Cache_Data/6908de3a42d7ced3_0: bytes are not valid utf8
E0521 03:11:05.964479 12151 repo.go:340] failed to create patch for untracked file config/antigravity2/config/Cache/Cache_Data/6aa88a07b100fe2d_0: bytes are not valid utf8
E0521 03:11:05.964981 12151 repo.go:340] failed to create patch for untracked file config/antigravity2/config/Cache/Cache_Data/6c192b8de2eb3ff6_0: bytes are not valid utf8
E0521 03:11:05.965419 12151 repo.go:340] failed to create patch for untracked file config/antigravity2/config/Cache/Cache_Data/6ca4efed0723de17_0: bytes are not valid utf8
E0521 03:11:05.966119 12151 repo.go:340] failed to create patch for untracked file config/antigravity2/config/Cache/Cache_Data/6d27a62f7d174c8b_0: bytes are not valid utf8
E0521 03:11:05.966504 12151 repo.go:340] failed to create patch for untracked file config/antigravity2/config/Cache/Cache_Data/6dd3f80102d37723_0: bytes are not valid utf8
E0521 03:11:05.966899 12151 repo.go:340] failed to create patch for untracked file config/antigravity2/config/Cache/Cache_Data/6ed7790fd2027854_0: bytes are not valid utf8
E0521 03:11:05.967246 12151 repo.go:340] failed to create patch for untracked file config/antigravity2/config/Cache/Cache_Data/6f27eb94d7279bea_0: bytes are not valid utf8
E0521 03:11:05.967956 12151 repo.go:340] failed to create patch for untracked file config/antigravity2/config/Cache/Cache_Data/6f88f235fe7f56a9_0: bytes are not valid utf8
E0521 03:11:05.969038 12151 repo.go:340] failed to create patch for untracked file config/antigravity2/config/Cache/Cache_Data/6fcb8d610f9ca825_0: bytes are not valid utf8
E0521 03:11:05.969734 12151 repo.go:340] failed to create patch for untracked file config/antigravity2/config/Cache/Cache_Data/6fee78944f4c6928_0: bytes are not valid utf8
E0521 03:11:05.970849 12151 repo.go:340] failed to create patch for untracked file config/antigravity2/config/Cache/Cache_Data/7045bc6c484a14b1_0: bytes are not valid utf8
E0521 03:11:05.971671 12151 repo.go:340] failed to create patch for untracked file config/antigravity2/config/Cache/Cache_Data/717a81c9b8c3962a_0: bytes are not valid utf8
E0521 03:11:05.972128 12151 repo.go:340] failed to create patch for untracked file config/antigravity2/config/Cache/Cache_Data/72ec9b345989594d_0: bytes are not valid utf8
E0521 03:11:05.972926 12151 repo.go:340] failed to create patch for untracked file config/antigravity2/config/Cache/Cache_Data/730c93df59930772_0: bytes are not valid utf8
E0521 03:11:05.973562 12151 repo.go:340] failed to create patch for untracked file config/antigravity2/config/Cache/Cache_Data/73839c2bad518d9c_0: bytes are not valid utf8
E0521 03:11:05.974402 12151 repo.go:340] failed to create patch for untracked file config/antigravity2/config/Cache/Cache_Data/73a6be990045f1fc_0: bytes are not valid utf8
E0521 03:11:05.974755 12151 repo.go:340] failed to create patch for untracked file config/antigravity2/config/Cache/Cache_Data/7447bf712fe05dcd_0: bytes are not valid utf8
E0521 03:11:05.975123 12151 repo.go:340] failed to create patch for untracked file config/antigravity2/config/Cache/Cache_Data/767627d3bf3b1269_0: bytes are not valid utf8
E0521 03:11:05.976250 12151 repo.go:340] failed to create patch for untracked file config/antigravity2/config/Cache/Cache_Data/769200709423d971_0: bytes are not valid utf8
E0521 03:11:05.978534 12151 repo.go:340] failed to create patch for untracked file config/antigravity2/config/Cache/Cache_Data/76ae2c75a7e52a14_0: bytes are not valid utf8
E0521 03:11:05.980014 12151 repo.go:340] failed to create patch for untracked file config/antigravity2/config/Cache/Cache_Data/76f5911bee59e180_0: bytes are not valid utf8
E0521 03:11:05.981697 12151 repo.go:340] failed to create patch for untracked file config/antigravity2/config/Cache/Cache_Data/78adff58b36ad2cb_0: bytes are not valid utf8
E0521 03:11:05.983428 12151 repo.go:340] failed to create patch for untracked file config/antigravity2/config/Cache/Cache_Data/79133210b244c6a8_0: bytes are not valid utf8
E0521 03:11:05.985071 12151 repo.go:340] failed to create patch for untracked file config/antigravity2/config/Cache/Cache_Data/79bb7b3a4f4c0889_0: bytes are not valid utf8
E0521 03:11:05.986651 12151 repo.go:340] failed to create patch for untracked file config/antigravity2/config/Cache/Cache_Data/7a40c06f8cac2ed7_0: bytes are not valid utf8
E0521 03:11:05.988575 12151 repo.go:340] failed to create patch for untracked file config/antigravity2/config/Cache/Cache_Data/7a91312e3e584766_0: bytes are not valid utf8
E0521 03:11:05.990179 12151 repo.go:340] failed to create patch for untracked file config/antigravity2/config/Cache/Cache_Data/7baa9f48359d9cc5_0: bytes are not valid utf8
E0521 03:11:05.991788 12151 repo.go:340] failed to create patch for untracked file config/antigravity2/config/Cache/Cache_Data/7dc9a5c0469c17c6_0: bytes are not valid utf8
E0521 03:11:05.993411 12151 repo.go:340] failed to create patch for untracked file config/antigravity2/config/Cache/Cache_Data/7e32b9c4c6e708df_0: bytes are not valid utf8
E0521 03:11:05.995028 12151 repo.go:340] failed to create patch for untracked file config/antigravity2/config/Cache/Cache_Data/7f2e4bcf7d0038f8_0: bytes are not valid utf8
E0521 03:11:05.997039 12151 repo.go:340] failed to create patch for untracked file config/antigravity2/config/Cache/Cache_Data/80094afdb49c051b_0: bytes are not valid utf8
E0521 03:11:05.998584 12151 repo.go:340] failed to create patch for untracked file config/antigravity2/config/Cache/Cache_Data/8123ca3ee498c5f5_0: bytes are not valid utf8
E0521 03:11:06.000387 12151 repo.go:340] failed to create patch for untracked file config/antigravity2/config/Cache/Cache_Data/83b0fa867d732092_0: bytes are not valid utf8
E0521 03:11:06.002001 12151 repo.go:340] failed to create patch for untracked file config/antigravity2/config/Cache/Cache_Data/83d6a8af43d910c4_0: bytes are not valid utf8
E0521 03:11:06.007252 12151 repo.go:340] failed to create patch for untracked file config/antigravity2/config/Cache/Cache_Data/846928834b887ce5_0: bytes are not valid utf8
E0521 03:11:06.008869 12151 repo.go:340] failed to create patch for untracked file config/antigravity2/config/Cache/Cache_Data/84b867d768834c4e_0: bytes are not valid utf8
E0521 03:11:06.010491 12151 repo.go:340] failed to create patch for untracked file config/antigravity2/config/Cache/Cache_Data/854e15f9602734a4_0: bytes are not valid utf8
E0521 03:11:06.012082 12151 repo.go:340] failed to create patch for untracked file config/antigravity2/config/Cache/Cache_Data/85f485a61f73f710_0: bytes are not valid utf8
E0521 03:11:06.013651 12151 repo.go:340] failed to create patch for untracked file config/antigravity2/config/Cache/Cache_Data/86a452afcc45a0f0_0: bytes are not valid utf8
E0521 03:11:06.015238 12151 repo.go:340] failed to create patch for untracked file config/antigravity2/config/Cache/Cache_Data/86cffbb213094a3c_0: bytes are not valid utf8
E0521 03:11:06.016892 12151 repo.go:340] failed to create patch for untracked file config/antigravity2/config/Cache/Cache_Data/8762cc4f9614e6b4_0: bytes are not valid utf8
E0521 03:11:06.018527 12151 repo.go:340] failed to create patch for untracked file config/antigravity2/config/Cache/Cache_Data/89080620ab8a16e2_0: bytes are not valid utf8
E0521 03:11:06.020139 12151 repo.go:340] failed to create patch for untracked file config/antigravity2/config/Cache/Cache_Data/891a558263595ec4_0: bytes are not valid utf8
E0521 03:11:06.022054 12151 repo.go:340] failed to create patch for untracked file config/antigravity2/config/Cache/Cache_Data/8ad8eae8abbd7bc9_0: bytes are not valid utf8
E0521 03:11:06.023649 12151 repo.go:340] failed to create patch for untracked file config/antigravity2/config/Cache/Cache_Data/8b4df6f099c3c228_0: bytes are not valid utf8
E0521 03:11:06.025243 12151 repo.go:340] failed to create patch for untracked file config/antigravity2/config/Cache/Cache_Data/8bab065b3bc6c2f5_0: bytes are not valid utf8
E0521 03:11:06.027644 12151 repo.go:340] failed to create patch for untracked file config/antigravity2/config/Cache/Cache_Data/8be54ac9d5ce0152_0: bytes are not valid utf8
E0521 03:11:06.028290 12151 repo.go:340] failed to create patch for untracked file config/antigravity2/config/Cache/Cache_Data/8bfdbeda0b1adf40_0: bytes are not valid utf8
E0521 03:11:06.030277 12151 repo.go:340] failed to create patch for untracked file config/antigravity2/config/Cache/Cache_Data/8d64e463277d7d1c_0: bytes are not valid utf8
E0521 03:11:06.031854 12151 repo.go:340] failed to create patch for untracked file config/antigravity2/config/Cache/Cache_Data/8d7df44989d0fa9e_0: bytes are not valid utf8
E0521 03:11:06.033854 12151 repo.go:340] failed to create patch for untracked file config/antigravity2/config/Cache/Cache_Data/8d8bbf0556ec8e73_0: bytes are not valid utf8
E0521 03:11:06.035431 12151 repo.go:340] failed to create patch for untracked file config/antigravity2/config/Cache/Cache_Data/8e6b988c9a98a54b_0: bytes are not valid utf8
E0521 03:11:06.036992 12151 repo.go:340] failed to create patch for untracked file config/antigravity2/config/Cache/Cache_Data/8ebeb544f8f44a72_0: bytes are not valid utf8
E0521 03:11:06.038597 12151 repo.go:340] failed to create patch for untracked file config/antigravity2/config/Cache/Cache_Data/8f2fe70ffb83d776_0: bytes are not valid utf8
E0521 03:11:06.040184 12151 repo.go:340] failed to create patch for untracked file config/antigravity2/config/Cache/Cache_Data/8fb488b030bfc2e4_0: bytes are not valid utf8
E0521 03:11:06.041945 12151 repo.go:340] failed to create patch for untracked file config/antigravity2/config/Cache/Cache_Data/8fcfd5c0168cead1_0: bytes are not valid utf8
E0521 03:11:06.043602 12151 repo.go:340] failed to create patch for untracked file config/antigravity2/config/Cache/Cache_Data/915f9c30f10cb466_0: bytes are not valid utf8
E0521 03:11:06.045233 12151 repo.go:340] failed to create patch for untracked file config/antigravity2/config/Cache/Cache_Data/9171a2d6c4a07247_0: bytes are not valid utf8
E0521 03:11:06.046861 12151 repo.go:340] failed to create patch for untracked file config/antigravity2/config/Cache/Cache_Data/918a3334fd216d1b_0: bytes are not valid utf8
E0521 03:11:06.048464 12151 repo.go:340] failed to create patch for untracked file config/antigravity2/config/Cache/Cache_Data/9193dfea1630d69c_0: bytes are not valid utf8
E0521 03:11:06.050078 12151 repo.go:340] failed to create patch for untracked file config/antigravity2/config/Cache/Cache_Data/91a9c58ab43cf1f9_0: bytes are not valid utf8
E0521 03:11:06.051686 12151 repo.go:340] failed to create patch for untracked file config/antigravity2/config/Cache/Cache_Data/92e3ded566b60b53_0: bytes are not valid utf8
E0521 03:11:06.053572 12151 repo.go:340] failed to create patch for untracked file config/antigravity2/config/Cache/Cache_Data/92e85b0eef832e06_0: bytes are not valid utf8
E0521 03:11:06.055264 12151 repo.go:340] failed to create patch for untracked file config/antigravity2/config/Cache/Cache_Data/947f5e893773b10b_0: bytes are not valid utf8
E0521 03:11:06.057088 12151 repo.go:340] failed to create patch for untracked file config/antigravity2/config/Cache/Cache_Data/94b2a72cac2e2d6d_0: bytes are not valid utf8
E0521 03:11:06.058999 12151 repo.go:340] failed to create patch for untracked file config/antigravity2/config/Cache/Cache_Data/965228b7bdb7d11b_0: bytes are not valid utf8
E0521 03:11:06.060554 12151 repo.go:340] failed to create patch for untracked file config/antigravity2/config/Cache/Cache_Data/98915a9cd43e644b_0: bytes are not valid utf8
E0521 03:11:06.062153 12151 repo.go:340] failed to create patch for untracked file config/antigravity2/config/Cache/Cache_Data/98c33a2e10aed6b3_0: bytes are not valid utf8
E0521 03:11:06.064019 12151 repo.go:340] failed to create patch for untracked file config/antigravity2/config/Cache/Cache_Data/999220851946543a_0: bytes are not valid utf8
E0521 03:11:06.065730 12151 repo.go:340] failed to create patch for untracked file config/antigravity2/config/Cache/Cache_Data/999cf15cc032a3d4_0: bytes are not valid utf8
E0521 03:11:06.067332 12151 repo.go:340] failed to create patch for untracked file config/antigravity2/config/Cache/Cache_Data/99d8e515c8bf367a_0: bytes are not valid utf8
E0521 03:11:06.068984 12151 repo.go:340] failed to create patch for untracked file config/antigravity2/config/Cache/Cache_Data/9ba5d8eecd0fb111_0: bytes are not valid utf8
E0521 03:11:06.070652 12151 repo.go:340] failed to create patch for untracked file config/antigravity2/config/Cache/Cache_Data/9be0833b4b11e987_0: bytes are not valid utf8
E0521 03:11:06.072279 12151 repo.go:340] failed to create patch for untracked file config/antigravity2/config/Cache/Cache_Data/9be41ddebb1d0271_0: bytes are not valid utf8
E0521 03:11:06.073892 12151 repo.go:340] failed to create patch for untracked file config/antigravity2/config/Cache/Cache_Data/9c01ad92e6a8fb25_0: bytes are not valid utf8
E0521 03:11:06.076115 12151 repo.go:340] failed to create patch for untracked file config/antigravity2/config/Cache/Cache_Data/9d95f7f547f68df2_0: bytes are not valid utf8
E0521 03:11:06.078131 12151 repo.go:340] failed to create patch for untracked file config/antigravity2/config/Cache/Cache_Data/9ef9e4e3af71f5e3_0: bytes are not valid utf8
E0521 03:11:06.079661 12151 repo.go:340] failed to create patch for untracked file config/antigravity2/config/Cache/Cache_Data/9efc279db91f2b99_0: bytes are not valid utf8
E0521 03:11:06.081236 12151 repo.go:340] failed to create patch for untracked file config/antigravity2/config/Cache/Cache_Data/9f2bb4c037134c80_0: bytes are not valid utf8
E0521 03:11:06.083202 12151 repo.go:340] failed to create patch for untracked file config/antigravity2/config/Cache/Cache_Data/9f44a8497439a734_0: bytes are not valid utf8
E0521 03:11:06.085236 12151 repo.go:340] failed to create patch for untracked file config/antigravity2/config/Cache/Cache_Data/9f50bddbd978eddd_0: bytes are not valid utf8
E0521 03:11:06.087115 12151 repo.go:340] failed to create patch for untracked file config/antigravity2/config/Cache/Cache_Data/9fabdfca8d2ed106_0: bytes are not valid utf8
E0521 03:11:06.088971 12151 repo.go:340] failed to create patch for untracked file config/antigravity2/config/Cache/Cache_Data/a0705471c9b73dff_0: bytes are not valid utf8
E0521 03:11:06.090772 12151 repo.go:340] failed to create patch for untracked file config/antigravity2/config/Cache/Cache_Data/a0e5a5bfb31a0095_0: bytes are not valid utf8
E0521 03:11:06.092693 12151 repo.go:340] failed to create patch for untracked file config/antigravity2/config/Cache/Cache_Data/a40f03e1eb6cb7f1_0: bytes are not valid utf8
E0521 03:11:06.094534 12151 repo.go:340] failed to create patch for untracked file config/antigravity2/config/Cache/Cache_Data/a462f8a6ca110fb0_0: bytes are not valid utf8
E0521 03:11:06.096675 12151 repo.go:340] failed to create patch for untracked file config/antigravity2/config/Cache/Cache_Data/a553aa9f2845347c_0: bytes are not valid utf8
E0521 03:11:06.098422 12151 repo.go:340] failed to create patch for untracked file config/antigravity2/config/Cache/Cache_Data/a59465927c2edcb0_0: bytes are not valid utf8
E0521 03:11:06.100160 12151 repo.go:340] failed to create patch for untracked file config/antigravity2/config/Cache/Cache_Data/a6083732c1aff1d8_0: bytes are not valid utf8
E0521 03:11:06.101907 12151 repo.go:340] failed to create patch for untracked file config/antigravity2/config/Cache/Cache_Data/a6c6afda96a46221_0: bytes are not valid utf8
E0521 03:11:06.103669 12151 repo.go:340] failed to create patch for untracked file config/antigravity2/config/Cache/Cache_Data/a708159789652d0e_0: bytes are not valid utf8
E0521 03:11:06.105439 12151 repo.go:340] failed to create patch for untracked file config/antigravity2/config/Cache/Cache_Data/a865ddc816b5b898_0: bytes are not valid utf8
E0521 03:11:06.107186 12151 repo.go:340] failed to create patch for untracked file config/antigravity2/config/Cache/Cache_Data/aa4e52e32526c422_0: bytes are not valid utf8
E0521 03:11:06.108855 12151 repo.go:340] failed to create patch for untracked file config/antigravity2/config/Cache/Cache_Data/aaeb1a30e605cb8b_0: bytes are not valid utf8
E0521 03:11:06.110571 12151 repo.go:340] failed to create patch for untracked file config/antigravity2/config/Cache/Cache_Data/abb870b08fea400d_0: bytes are not valid utf8
E0521 03:11:06.112198 12151 repo.go:340] failed to create patch for untracked file config/antigravity2/config/Cache/Cache_Data/ad7080b1c672e4f9_0: bytes are not valid utf8
E0521 03:11:06.113894 12151 repo.go:340] failed to create patch for untracked file config/antigravity2/config/Cache/Cache_Data/ad8760d1dbaad1fd_0: bytes are not valid utf8
E0521 03:11:06.115607 12151 repo.go:340] failed to create patch for untracked file config/antigravity2/config/Cache/Cache_Data/ae24f98dee2252f1_0: bytes are not valid utf8
E0521 03:11:06.117624 12151 repo.go:340] failed to create patch for untracked file config/antigravity2/config/Cache/Cache_Data/ae900081c96a162b_0: bytes are not valid utf8
E0521 03:11:06.119255 12151 repo.go:340] failed to create patch for untracked file config/antigravity2/config/Cache/Cache_Data/aee1bbd845a6608a_0: bytes are not valid utf8
E0521 03:11:06.120895 12151 repo.go:340] failed to create patch for untracked file config/antigravity2/config/Cache/Cache_Data/af33040f2e0caa8e_0: bytes are not valid utf8
E0521 03:11:06.122901 12151 repo.go:340] failed to create patch for untracked file config/antigravity2/config/Cache/Cache_Data/b0520a5368e7e41e_0: bytes are not valid utf8
E0521 03:11:06.124552 12151 repo.go:340] failed to create patch for untracked file config/antigravity2/config/Cache/Cache_Data/b0bb56628c1c251c_0: bytes are not valid utf8
E0521 03:11:06.126347 12151 repo.go:340] failed to create patch for untracked file config/antigravity2/config/Cache/Cache_Data/b186f87c6bfb7789_0: bytes are not valid utf8
E0521 03:11:06.128247 12151 repo.go:340] failed to create patch for untracked file config/antigravity2/config/Cache/Cache_Data/b1a0b056056bc8dc_0: bytes are not valid utf8
E0521 03:11:06.129856 12151 repo.go:340] failed to create patch for untracked file config/antigravity2/config/Cache/Cache_Data/b29f24238ef87e4f_0: bytes are not valid utf8
E0521 03:11:06.131451 12151 repo.go:340] failed to create patch for untracked file config/antigravity2/config/Cache/Cache_Data/b30f77a094482d5e_0: bytes are not valid utf8
E0521 03:11:06.133444 12151 repo.go:340] failed to create patch for untracked file config/antigravity2/config/Cache/Cache_Data/b30f8694ba5bcd23_0: bytes are not valid utf8
I0521 03:11:06.134191 12151 encoder_embed.go:109] [CDP Discovery] Successfully discovered Electron WS URL: ws://127.0.0.1:42733/devtools/browser/e49da8e0-6c16-4556-90b9-4c457e13ae57
E0521 03:11:06.134224 12151 repo.go:340] failed to create patch for untracked file config/antigravity2/config/Cache/Cache_Data/b351d8d57046860a_0: bytes are not valid utf8
E0521 03:11:06.134664 12151 repo.go:340] failed to create patch for untracked file config/antigravity2/config/Cache/Cache_Data/b38a68882bcd75ff_0: bytes are not valid utf8
E0521 03:11:06.135119 12151 repo.go:340] failed to create patch for untracked file config/antigravity2/config/Cache/Cache_Data/b3c533d685808df5_0: bytes are not valid utf8
E0521 03:11:06.135555 12151 repo.go:340] failed to create patch for untracked file config/antigravity2/config/Cache/Cache_Data/b455fa4accc5d417_0: bytes are not valid utf8
E0521 03:11:06.135710 12151 repo.go:340] failed to create patch for untracked file config/antigravity2/config/Cache/Cache_Data/b502774a5e296fde_0: bytes are not valid utf8
E0521 03:11:06.136142 12151 repo.go:340] failed to create patch for untracked file config/antigravity2/config/Cache/Cache_Data/b5802311c7bc70ec_0: bytes are not valid utf8
E0521 03:11:06.137098 12151 repo.go:340] failed to create patch for untracked file config/antigravity2/config/Cache/Cache_Data/b61c46022f6253b6_0: bytes are not valid utf8
E0521 03:11:06.137966 12151 repo.go:340] failed to create patch for untracked file config/antigravity2/config/Cache/Cache_Data/b61de996d735ab8d_0: bytes are not valid utf8
E0521 03:11:06.138335 12151 repo.go:340] failed to create patch for untracked file config/antigravity2/config/Cache/Cache_Data/b70ad841d24a3419_0: bytes are not valid utf8
E0521 03:11:06.139169 12151 repo.go:340] failed to create patch for untracked file config/antigravity2/config/Cache/Cache_Data/b7508809acd6f9d2_0: bytes are not valid utf8
E0521 03:11:06.139661 12151 repo.go:340] failed to create patch for untracked file config/antigravity2/config/Cache/Cache_Data/b78a46ab20df1f18_0: bytes are not valid utf8
E0521 03:11:06.140009 12151 repo.go:340] failed to create patch for untracked file config/antigravity2/config/Cache/Cache_Data/b931cfc0bc6912d2_0: bytes are not valid utf8
E0521 03:11:06.140365 12151 repo.go:340] failed to create patch for untracked file config/antigravity2/config/Cache/Cache_Data/ba9c8d3e6db0ff2a_0: bytes are not valid utf8
E0521 03:11:06.140739 12151 repo.go:340] failed to create patch for untracked file config/antigravity2/config/Cache/Cache_Data/bb1fc17656a7b362_0: bytes are not valid utf8
E0521 03:11:06.141081 12151 repo.go:340] failed to create patch for untracked file config/antigravity2/config/Cache/Cache_Data/bb4537ffb729c49f_0: bytes are not valid utf8
E0521 03:11:06.141451 12151 repo.go:340] failed to create patch for untracked file config/antigravity2/config/Cache/Cache_Data/bba75a7f3fb90a9a_0: bytes are not valid utf8
E0521 03:11:06.141806 12151 repo.go:340] failed to create patch for untracked file config/antigravity2/config/Cache/Cache_Data/beefa2f768b60294_0: bytes are not valid utf8
E0521 03:11:06.142339 12151 repo.go:340] failed to create patch for untracked file config/antigravity2/config/Cache/Cache_Data/bf7bbf3c9bf5c909_0: bytes are not valid utf8
E0521 03:11:06.142786 12151 repo.go:340] failed to create patch for untracked file config/antigravity2/config/Cache/Cache_Data/c0b91e87583033b8_0: bytes are not valid utf8
E0521 03:11:06.143142 12151 repo.go:340] failed to create patch for untracked file config/antigravity2/config/Cache/Cache_Data/c2075f659762edb0_0: bytes are not valid utf8
E0521 03:11:06.143475 12151 repo.go:340] failed to create patch for untracked file config/antigravity2/config/Cache/Cache_Data/c22ae48733a2e544_0: bytes are not valid utf8
E0521 03:11:06.143835 12151 repo.go:340] failed to create patch for untracked file config/antigravity2/config/Cache/Cache_Data/c385ef2526595e29_0: bytes are not valid utf8
E0521 03:11:06.144181 12151 repo.go:340] failed to create patch for untracked file config/antigravity2/config/Cache/Cache_Data/c391b7dbfe839f95_0: bytes are not valid utf8
E0521 03:11:06.144536 12151 repo.go:340] failed to create patch for untracked file config/antigravity2/config/Cache/Cache_Data/c521610623b9077d_0: bytes are not valid utf8
E0521 03:11:06.144831 12151 repo.go:340] failed to create patch for untracked file config/antigravity2/config/Cache/Cache_Data/c53ed8ee4e0306d2_0: bytes are not valid utf8
E0521 03:11:06.145565 12151 repo.go:340] failed to create patch for untracked file config/antigravity2/config/Cache/Cache_Data/c6601c22d9071ec1_0: bytes are not valid utf8
E0521 03:11:06.145944 12151 repo.go:340] failed to create patch for untracked file config/antigravity2/config/Cache/Cache_Data/c69ab7f7471f0288_0: bytes are not valid utf8
E0521 03:11:06.146626 12151 repo.go:340] failed to create patch for untracked file config/antigravity2/config/Cache/Cache_Data/c6d77a2ef8c34c5e_0: bytes are not valid utf8
E0521 03:11:06.147227 12151 repo.go:340] failed to create patch for untracked file config/antigravity2/config/Cache/Cache_Data/c72baf5e3a02b2ae_0: bytes are not valid utf8
E0521 03:11:06.147608 12151 repo.go:340] failed to create patch for untracked file config/antigravity2/config/Cache/Cache_Data/c736f56f2e6308ee_0: bytes are not valid utf8
E0521 03:11:06.148326 12151 repo.go:340] failed to create patch for untracked file config/antigravity2/config/Cache/Cache_Data/c75999a337d76621_0: bytes are not valid utf8
E0521 03:11:06.148680 12151 repo.go:340] failed to create patch for untracked file config/antigravity2/config/Cache/Cache_Data/c7989f27451f69fc_0: bytes are not valid utf8
E0521 03:11:06.149048 12151 repo.go:340] failed to create patch for untracked file config/antigravity2/config/Cache/Cache_Data/c7abc8b08856e959_0: bytes are not valid utf8
E0521 03:11:06.149503 12151 repo.go:340] failed to create patch for untracked file config/antigravity2/config/Cache/Cache_Data/c83abe0c59d11d61_0: bytes are not valid utf8
E0521 03:11:06.149853 12151 repo.go:340] failed to create patch for untracked file config/antigravity2/config/Cache/Cache_Data/c847524675e84b4d_0: bytes are not valid utf8
E0521 03:11:06.150201 12151 repo.go:340] failed to create patch for untracked file config/antigravity2/config/Cache/Cache_Data/c872bb249e266ca4_0: bytes are not valid utf8
E0521 03:11:06.150550 12151 repo.go:340] failed to create patch for untracked file config/antigravity2/config/Cache/Cache_Data/c8b0be5688104158_0: bytes are not valid utf8
E0521 03:11:06.150918 12151 repo.go:340] failed to create patch for untracked file config/antigravity2/config/Cache/Cache_Data/c967167c12a535a3_0: bytes are not valid utf8
E0521 03:11:06.151611 12151 repo.go:340] failed to create patch for untracked file config/antigravity2/config/Cache/Cache_Data/c9c1a44968e4dd75_0: bytes are not valid utf8
E0521 03:11:06.151979 12151 repo.go:340] failed to create patch for untracked file config/antigravity2/config/Cache/Cache_Data/c9fd235a9406375d_0: bytes are not valid utf8
E0521 03:11:06.152335 12151 repo.go:340] failed to create patch for untracked file config/antigravity2/config/Cache/Cache_Data/ca26aa1c347665b5_0: bytes are not valid utf8
E0521 03:11:06.153028 12151 repo.go:340] failed to create patch for untracked file config/antigravity2/config/Cache/Cache_Data/cbc1da18be20541a_0: bytes are not valid utf8
E0521 03:11:06.153487 12151 repo.go:340] failed to create patch for untracked file config/antigravity2/config/Cache/Cache_Data/cc232c70aa1c7f99_0: bytes are not valid utf8
E0521 03:11:06.154053 12151 repo.go:340] failed to create patch for untracked file config/antigravity2/config/Cache/Cache_Data/cc646d5163b9df80_0: bytes are not valid utf8
E0521 03:11:06.154466 12151 repo.go:340] failed to create patch for untracked file config/antigravity2/config/Cache/Cache_Data/cc804289d1a6c501_0: bytes are not valid utf8
E0521 03:11:06.154912 12151 repo.go:340] failed to create patch for untracked file config/antigravity2/config/Cache/Cache_Data/cd8a641f6821fc47_0: bytes are not valid utf8
E0521 03:11:06.155328 12151 repo.go:340] failed to create patch for untracked file config/antigravity2/config/Cache/Cache_Data/cd977638398f4136_0: bytes are not valid utf8
E0521 03:11:06.155879 12151 repo.go:340] failed to create patch for untracked file config/antigravity2/config/Cache/Cache_Data/cda09dca9c190acc_0: bytes are not valid utf8
E0521 03:11:06.156681 12151 repo.go:340] failed to create patch for untracked file config/antigravity2/config/Cache/Cache_Data/cdd26266aa4dff4b_0: bytes are not valid utf8
E0521 03:11:06.157876 12151 repo.go:340] failed to create patch for untracked file config/antigravity2/config/Cache/Cache_Data/cf15c7c6f05d1555_0: bytes are not valid utf8
E0521 03:11:06.158249 12151 repo.go:340] failed to create patch for untracked file config/antigravity2/config/Cache/Cache_Data/cfade6b8b0bd49c1_0: bytes are not valid utf8
E0521 03:11:06.158623 12151 repo.go:340] failed to create patch for untracked file config/antigravity2/config/Cache/Cache_Data/d0b50b29b5ae3a3f_0: bytes are not valid utf8
E0521 03:11:06.159052 12151 repo.go:340] failed to create patch for untracked file config/antigravity2/config/Cache/Cache_Data/d0c6fd2ad06de9e1_0: bytes are not valid utf8
E0521 03:11:06.159476 12151 repo.go:340] failed to create patch for untracked file config/antigravity2/config/Cache/Cache_Data/d4743d788f1ff609_0: bytes are not valid utf8
E0521 03:11:06.159944 12151 repo.go:340] failed to create patch for untracked file config/antigravity2/config/Cache/Cache_Data/d6718590088d8d75_0: bytes are not valid utf8
E0521 03:11:06.160387 12151 repo.go:340] failed to create patch for untracked file config/antigravity2/config/Cache/Cache_Data/d707651c8fcb1019_0: bytes are not valid utf8
E0521 03:11:06.160823 12151 repo.go:340] failed to create patch for untracked file config/antigravity2/config/Cache/Cache_Data/d77e51ea386291fe_0: bytes are not valid utf8
E0521 03:11:06.161621 12151 repo.go:340] failed to create patch for untracked file config/antigravity2/config/Cache/Cache_Data/d7937d009d647146_0: bytes are not valid utf8
E0521 03:11:06.162006 12151 repo.go:340] failed to create patch for untracked file config/antigravity2/config/Cache/Cache_Data/d7bbed1ee29fae1c_0: bytes are not valid utf8
E0521 03:11:06.162377 12151 repo.go:340] failed to create patch for untracked file config/antigravity2/config/Cache/Cache_Data/d875f72580dbbad8_0: bytes are not valid utf8
E0521 03:11:06.162768 12151 repo.go:340] failed to create patch for untracked file config/antigravity2/config/Cache/Cache_Data/d896d71e89a9d0cf_0: bytes are not valid utf8
E0521 03:11:06.163140 12151 repo.go:340] failed to create patch for untracked file config/antigravity2/config/Cache/Cache_Data/d8a945d5bf2993b2_0: bytes are not valid utf8
E0521 03:11:06.163505 12151 repo.go:340] failed to create patch for untracked file config/antigravity2/config/Cache/Cache_Data/d9c74acfdde89d2b_0: bytes are not valid utf8
E0521 03:11:06.164326 12151 repo.go:340] failed to create patch for untracked file config/antigravity2/config/Cache/Cache_Data/d9e46bfa7dc1ccf6_0: bytes are not valid utf8
E0521 03:11:06.165016 12151 repo.go:340] failed to create patch for untracked file config/antigravity2/config/Cache/Cache_Data/da7895523c5baf1d_0: bytes are not valid utf8
E0521 03:11:06.165487 12151 repo.go:340] failed to create patch for untracked file config/antigravity2/config/Cache/Cache_Data/db5f0bc9f8ef954a_0: bytes are not valid utf8
E0521 03:11:06.165893 12151 repo.go:340] failed to create patch for untracked file config/antigravity2/config/Cache/Cache_Data/db9de5501626a965_0: bytes are not valid utf8
E0521 03:11:06.166283 12151 repo.go:340] failed to create patch for untracked file config/antigravity2/config/Cache/Cache_Data/dc2865d37b5bfb8d_0: bytes are not valid utf8
E0521 03:11:06.166684 12151 repo.go:340] failed to create patch for untracked file config/antigravity2/config/Cache/Cache_Data/dc4cf6416aaaa730_0: bytes are not valid utf8
E0521 03:11:06.167243 12151 repo.go:340] failed to create patch for untracked file config/antigravity2/config/Cache/Cache_Data/dd4fc40eee9b63c8_0: bytes are not valid utf8
E0521 03:11:06.167684 12151 repo.go:340] failed to create patch for untracked file config/antigravity2/config/Cache/Cache_Data/dd6331974daa504a_0: bytes are not valid utf8
E0521 03:11:06.168210 12151 repo.go:340] failed to create patch for untracked file config/antigravity2/config/Cache/Cache_Data/dddbfea5c145f995_0: bytes are not valid utf8
E0521 03:11:06.168587 12151 repo.go:340] failed to create patch for untracked file config/antigravity2/config/Cache/Cache_Data/ddf386dc1fc4c6af_0: bytes are not valid utf8
E0521 03:11:06.168964 12151 repo.go:340] failed to create patch for untracked file config/antigravity2/config/Cache/Cache_Data/de5858ffb4d60728_0: bytes are not valid utf8
E0521 03:11:06.169344 12151 repo.go:340] failed to create patch for untracked file config/antigravity2/config/Cache/Cache_Data/df5c09504f199260_0: bytes are not valid utf8
E0521 03:11:06.169714 12151 repo.go:340] failed to create patch for untracked file config/antigravity2/config/Cache/Cache_Data/e0ab3c620379dc78_0: bytes are not valid utf8
E0521 03:11:06.170102 12151 repo.go:340] failed to create patch for untracked file config/antigravity2/config/Cache/Cache_Data/e0cb3fc15def9ce9_0: bytes are not valid utf8
E0521 03:11:06.170478 12151 repo.go:340] failed to create patch for untracked file config/antigravity2/config/Cache/Cache_Data/e18b86b2518ae9f5_0: bytes are not valid utf8
E0521 03:11:06.170864 12151 repo.go:340] failed to create patch for untracked file config/antigravity2/config/Cache/Cache_Data/e2bd465512020ec3_0: bytes are not valid utf8
E0521 03:11:06.171236 12151 repo.go:340] failed to create patch for untracked file config/antigravity2/config/Cache/Cache_Data/e3ad4e2e4fb87035_0: bytes are not valid utf8
E0521 03:11:06.171690 12151 repo.go:340] failed to create patch for untracked file config/antigravity2/config/Cache/Cache_Data/e4a3ee43d11e96f8_0: bytes are not valid utf8
E0521 03:11:06.172079 12151 repo.go:340] failed to create patch for untracked file config/antigravity2/config/Cache/Cache_Data/e5fe19f7756280be_0: bytes are not valid utf8
E0521 03:11:06.172696 12151 repo.go:340] failed to create patch for untracked file config/antigravity2/config/Cache/Cache_Data/e68bfbc85d49f203_0: bytes are not valid utf8
E0521 03:11:06.173110 12151 repo.go:340] failed to create patch for untracked file config/antigravity2/config/Cache/Cache_Data/e7dc9b5fb1781b0f_0: bytes are not valid utf8
E0521 03:11:06.173471 12151 repo.go:340] failed to create patch for untracked file config/antigravity2/config/Cache/Cache_Data/e7e0894a0c66bca2_0: bytes are not valid utf8
E0521 03:11:06.173856 12151 repo.go:340] failed to create patch for untracked file config/antigravity2/config/Cache/Cache_Data/e7e864416dabea85_0: bytes are not valid utf8
E0521 03:11:06.174233 12151 repo.go:340] failed to create patch for untracked file config/antigravity2/config/Cache/Cache_Data/e801eedf76b3cf41_0: bytes are not valid utf8
E0521 03:11:06.174591 12151 repo.go:340] failed to create patch for untracked file config/antigravity2/config/Cache/Cache_Data/e81ef44b3b957026_0: bytes are not valid utf8
E0521 03:11:06.174630 12151 repo.go:340] failed to create patch for untracked file config/antigravity2/config/Cache/Cache_Data/e86e900147abc611_0: bytes are not valid utf8
E0521 03:11:06.175268 12151 repo.go:340] failed to create patch for untracked file config/antigravity2/config/Cache/Cache_Data/e9bbd3bb22a9effa_0: bytes are not valid utf8
E0521 03:11:06.175956 12151 repo.go:340] failed to create patch for untracked file config/antigravity2/config/Cache/Cache_Data/e9c2c927d32b97da_0: bytes are not valid utf8
E0521 03:11:06.176305 12151 repo.go:340] failed to create patch for untracked file config/antigravity2/config/Cache/Cache_Data/eab78673fb962e79_0: bytes are not valid utf8
E0521 03:11:06.176684 12151 repo.go:340] failed to create patch for untracked file config/antigravity2/config/Cache/Cache_Data/eafe687f8d3ae5d2_0: bytes are not valid utf8
E0521 03:11:06.177035 12151 repo.go:340] failed to create patch for untracked file config/antigravity2/config/Cache/Cache_Data/eb877b6dcd0db58e_0: bytes are not valid utf8
E0521 03:11:06.177426 12151 repo.go:340] failed to create patch for untracked file config/antigravity2/config/Cache/Cache_Data/ec05236e86f77c60_0: bytes are not valid utf8
E0521 03:11:06.177812 12151 repo.go:340] failed to create patch for untracked file config/antigravity2/config/Cache/Cache_Data/ec2e325fcd263327_0: bytes are not valid utf8
E0521 03:11:06.178199 12151 repo.go:340] failed to create patch for untracked file config/antigravity2/config/Cache/Cache_Data/eed5dad27df18a26_0: bytes are not valid utf8
E0521 03:11:06.179145 12151 repo.go:340] failed to create patch for untracked file config/antigravity2/config/Cache/Cache_Data/ef2225ab123f913f_0: bytes are not valid utf8
E0521 03:11:06.179484 12151 repo.go:340] failed to create patch for untracked file config/antigravity2/config/Cache/Cache_Data/efae0a5f4e87776a_0: bytes are not valid utf8
E0521 03:11:06.180159 12151 repo.go:340] failed to create patch for untracked file config/antigravity2/config/Cache/Cache_Data/f020858a3e82c6a9_0: bytes are not valid utf8
E0521 03:11:06.180548 12151 repo.go:340] failed to create patch for untracked file config/antigravity2/config/Cache/Cache_Data/f07f614e8f29e027_0: bytes are not valid utf8
E0521 03:11:06.180907 12151 repo.go:340] failed to create patch for untracked file config/antigravity2/config/Cache/Cache_Data/f10100d36b6d873c_0: bytes are not valid utf8
E0521 03:11:06.181757 12151 repo.go:340] failed to create patch for untracked file config/antigravity2/config/Cache/Cache_Data/f1041d188a543247_0: bytes are not valid utf8
E0521 03:11:06.182112 12151 repo.go:340] failed to create patch for untracked file config/antigravity2/config/Cache/Cache_Data/f22103b2d0b1a3e8_0: bytes are not valid utf8
E0521 03:11:06.182155 12151 repo.go:340] failed to create patch for untracked file config/antigravity2/config/Cache/Cache_Data/f237348abfae0baf_0: bytes are not valid utf8
E0521 03:11:06.182520 12151 repo.go:340] failed to create patch for untracked file config/antigravity2/config/Cache/Cache_Data/f26fab2f0e838342_0: bytes are not valid utf8
E0521 03:11:06.182907 12151 repo.go:340] failed to create patch for untracked file config/antigravity2/config/Cache/Cache_Data/f34c3761aff9850c_0: bytes are not valid utf8
E0521 03:11:06.183257 12151 repo.go:340] failed to create patch for untracked file config/antigravity2/config/Cache/Cache_Data/f3aaf7415c975dc8_0: bytes are not valid utf8
E0521 03:11:06.183598 12151 repo.go:340] failed to create patch for untracked file config/antigravity2/config/Cache/Cache_Data/f3c6031cf434e141_0: bytes are not valid utf8
E0521 03:11:06.183959 12151 repo.go:340] failed to create patch for untracked file config/antigravity2/config/Cache/Cache_Data/f44b5f22832f0ac1_0: bytes are not valid utf8
E0521 03:11:06.184329 12151 repo.go:340] failed to create patch for untracked file config/antigravity2/config/Cache/Cache_Data/f4e8a564f20b087a_0: bytes are not valid utf8
E0521 03:11:06.184716 12151 repo.go:340] failed to create patch for untracked file config/antigravity2/config/Cache/Cache_Data/f4f78f884b43fae6_0: bytes are not valid utf8
E0521 03:11:06.185104 12151 repo.go:340] failed to create patch for untracked file config/antigravity2/config/Cache/Cache_Data/f89f20b0d9ff4d17_0: bytes are not valid utf8
E0521 03:11:06.185742 12151 repo.go:340] failed to create patch for untracked file config/antigravity2/config/Cache/Cache_Data/f8ddd3796c0be43c_0: bytes are not valid utf8
E0521 03:11:06.186148 12151 repo.go:340] failed to create patch for untracked file config/antigravity2/config/Cache/Cache_Data/fa32988949371fd1_0: bytes are not valid utf8
E0521 03:11:06.186523 12151 repo.go:340] failed to create patch for untracked file config/antigravity2/config/Cache/Cache_Data/facf05f23b888e78_0: bytes are not valid utf8
E0521 03:11:06.186905 12151 repo.go:340] failed to create patch for untracked file config/antigravity2/config/Cache/Cache_Data/fc0f554a5ea55d5d_0: bytes are not valid utf8
E0521 03:11:06.187257 12151 repo.go:340] failed to create patch for untracked file config/antigravity2/config/Cache/Cache_Data/fce55e2a45ed0509_0: bytes are not valid utf8
E0521 03:11:06.187819 12151 repo.go:340] failed to create patch for untracked file config/antigravity2/config/Cache/Cache_Data/fdeafb454bf30953_0: bytes are not valid utf8
E0521 03:11:06.188189 12151 repo.go:340] failed to create patch for untracked file config/antigravity2/config/Cache/Cache_Data/fe108bdd259755e0_0: bytes are not valid utf8
E0521 03:11:06.188870 12151 repo.go:340] failed to create patch for untracked file config/antigravity2/config/Cache/Cache_Data/ff07e4004101ea6b_0: bytes are not valid utf8
E0521 03:11:06.189236 12151 repo.go:340] failed to create patch for untracked file config/antigravity2/config/Cache/Cache_Data/ff0be7837becc33d_0: bytes are not valid utf8
E0521 03:11:06.189560 12151 repo.go:340] failed to create patch for untracked file config/antigravity2/config/Cache/Cache_Data/index: bytes are not valid utf8
E0521 03:11:06.189603 12151 repo.go:340] failed to create patch for untracked file config/antigravity2/config/Cache/Cache_Data/index-dir/the-real-index: bytes are not valid utf8
E0521 03:11:06.189944 12151 repo.go:340] failed to create patch for untracked file config/antigravity2/config/Cache/No_Vary_Search/snapshot.baf: bytes are not valid utf8
E0521 03:11:06.190822 12151 repo.go:340] failed to create patch for untracked file config/antigravity2/config/CachedData/15487b3041e65228cae24980a3f796c905ef582c/chrome/js/0e79f6423aa5e5bb_0: bytes are not valid utf8
E0521 03:11:06.191141 12151 repo.go:340] failed to create patch for untracked file config/antigravity2/config/CachedData/15487b3041e65228cae24980a3f796c905ef582c/chrome/js/1412f10cc8ac2841_0: bytes are not valid utf8
E0521 03:11:06.191568 12151 repo.go:340] failed to create patch for untracked file config/antigravity2/config/CachedData/15487b3041e65228cae24980a3f796c905ef582c/chrome/js/15015e93faac1200_0: bytes are not valid utf8
E0521 03:11:06.191982 12151 repo.go:340] failed to create patch for untracked file config/antigravity2/config/CachedData/15487b3041e65228cae24980a3f796c905ef582c/chrome/js/19655c4dc36d2503_0: bytes are not valid utf8
E0521 03:11:06.192298 12151 repo.go:340] failed to create patch for untracked file config/antigravity2/config/CachedData/15487b3041e65228cae24980a3f796c905ef582c/chrome/js/19965e6b504b339b_0: bytes are not valid utf8
E0521 03:11:06.192620 12151 repo.go:340] failed to create patch for untracked file config/antigravity2/config/CachedData/15487b3041e65228cae24980a3f796c905ef582c/chrome/js/1a2439f1c9d919e5_0: bytes are not valid utf8
E0521 03:11:06.193512 12151 repo.go:340] failed to create patch for untracked file config/antigravity2/config/CachedData/15487b3041e65228cae24980a3f796c905ef582c/chrome/js/1d69adb42c202506_0: bytes are not valid utf8
E0521 03:11:06.193842 12151 repo.go:340] failed to create patch for untracked file config/antigravity2/config/CachedData/15487b3041e65228cae24980a3f796c905ef582c/chrome/js/3af2728e8265ca46_0: bytes are not valid utf8
E0521 03:11:06.194155 12151 repo.go:340] failed to create patch for untracked file config/antigravity2/config/CachedData/15487b3041e65228cae24980a3f796c905ef582c/chrome/js/439098fc554bd106_0: bytes are not valid utf8
E0521 03:11:06.195107 12151 repo.go:340] failed to create patch for untracked file config/antigravity2/config/CachedData/15487b3041e65228cae24980a3f796c905ef582c/chrome/js/5efa2a531faeea09_0: bytes are not valid utf8
E0521 03:11:06.195633 12151 repo.go:340] failed to create patch for untracked file config/antigravity2/config/CachedData/15487b3041e65228cae24980a3f796c905ef582c/chrome/js/5f33ce70b19b9835_0: bytes are not valid utf8
E0521 03:11:06.196574 12151 repo.go:340] failed to create patch for untracked file config/antigravity2/config/CachedData/15487b3041e65228cae24980a3f796c905ef582c/chrome/js/63593560b98d1198_0: bytes are not valid utf8
E0521 03:11:06.196909 12151 repo.go:340] failed to create patch for untracked file config/antigravity2/config/CachedData/15487b3041e65228cae24980a3f796c905ef582c/chrome/js/696ad8f4420bcd5a_0: bytes are not valid utf8
E0521 03:11:06.197334 12151 repo.go:340] failed to create patch for untracked file config/antigravity2/config/CachedData/15487b3041e65228cae24980a3f796c905ef582c/chrome/js/6bbe7f136f6f192a_0: bytes are not valid utf8
E0521 03:11:06.197985 12151 repo.go:340] failed to create patch for untracked file config/antigravity2/config/CachedData/15487b3041e65228cae24980a3f796c905ef582c/chrome/js/95a872cae4ec7cd2_0: bytes are not valid utf8
E0521 03:11:06.198293 12151 repo.go:340] failed to create patch for untracked file config/antigravity2/config/CachedData/15487b3041e65228cae24980a3f796c905ef582c/chrome/js/98420c0e64587c25_0: bytes are not valid utf8
E0521 03:11:06.198607 12151 repo.go:340] failed to create patch for untracked file config/antigravity2/config/CachedData/15487b3041e65228cae24980a3f796c905ef582c/chrome/js/9ec611f1cc0a8772_0: bytes are not valid utf8
E0521 03:11:06.198934 12151 repo.go:340] failed to create patch for untracked file config/antigravity2/config/CachedData/15487b3041e65228cae24980a3f796c905ef582c/chrome/js/a2d2ccbe2ff2851b_0: bytes are not valid utf8
E0521 03:11:06.199680 12151 repo.go:340] failed to create patch for untracked file config/antigravity2/config/CachedData/15487b3041e65228cae24980a3f796c905ef582c/chrome/js/b5430823b3b4422d_0: bytes are not valid utf8
E0521 03:11:06.199991 12151 repo.go:340] failed to create patch for untracked file config/antigravity2/config/CachedData/15487b3041e65228cae24980a3f796c905ef582c/chrome/js/b9f204d6271f270c_0: bytes are not valid utf8
E0521 03:11:06.200316 12151 repo.go:340] failed to create patch for untracked file config/antigravity2/config/CachedData/15487b3041e65228cae24980a3f796c905ef582c/chrome/js/d568594705660f84_0: bytes are not valid utf8
E0521 03:11:06.200625 12151 repo.go:340] failed to create patch for untracked file config/antigravity2/config/CachedData/15487b3041e65228cae24980a3f796c905ef582c/chrome/js/e92ce7042969d91a_0: bytes are not valid utf8
E0521 03:11:06.200938 12151 repo.go:340] failed to create patch for untracked file config/antigravity2/config/CachedData/15487b3041e65228cae24980a3f796c905ef582c/chrome/js/ee042257d0e9e5b5_0: bytes are not valid utf8
E0521 03:11:06.201310 12151 repo.go:340] failed to create patch for untracked file config/antigravity2/config/CachedData/15487b3041e65228cae24980a3f796c905ef582c/chrome/js/f42e68350f5d2c73_0: bytes are not valid utf8
E0521 03:11:06.201640 12151 repo.go:340] failed to create patch for untracked file config/antigravity2/config/CachedData/15487b3041e65228cae24980a3f796c905ef582c/chrome/js/fcf44baef859f52d_0: bytes are not valid utf8
E0521 03:11:06.202230 12151 repo.go:340] failed to create patch for untracked file config/antigravity2/config/CachedData/15487b3041e65228cae24980a3f796c905ef582c/chrome/js/ff85f984f3090107_0: bytes are not valid utf8
E0521 03:11:06.202544 12151 repo.go:340] failed to create patch for untracked file config/antigravity2/config/CachedData/15487b3041e65228cae24980a3f796c905ef582c/chrome/js/index: bytes are not valid utf8
E0521 03:11:06.202854 12151 repo.go:340] failed to create patch for untracked file config/antigravity2/config/CachedData/15487b3041e65228cae24980a3f796c905ef582c/chrome/js/index-dir/the-real-index: bytes are not valid utf8
E0521 03:11:06.203165 12151 repo.go:340] failed to create patch for untracked file config/antigravity2/config/CachedData/15487b3041e65228cae24980a3f796c905ef582c/chrome/wasm/index: bytes are not valid utf8
E0521 03:11:06.203467 12151 repo.go:340] failed to create patch for untracked file config/antigravity2/config/CachedData/15487b3041e65228cae24980a3f796c905ef582c/chrome/wasm/index-dir/the-real-index: bytes are not valid utf8
E0521 03:11:06.204101 12151 repo.go:340] failed to create patch for untracked file config/antigravity2/config/Code Cache/js/0eaa949fed5d5a12_0: bytes are not valid utf8
E0521 03:11:06.204134 12151 repo.go:340] failed to create patch for untracked file config/antigravity2/config/Code Cache/js/25832dd4535eb2f1_0: bytes are not valid utf8
E0521 03:11:06.204162 12151 repo.go:340] failed to create patch for untracked file config/antigravity2/config/Code Cache/js/2efac5d55a1bcc14_0: bytes are not valid utf8
E0521 03:11:06.204460 12151 repo.go:340] failed to create patch for untracked file config/antigravity2/config/Code Cache/js/b16e59fd1b2b5382_0: bytes are not valid utf8
E0521 03:11:06.204487 12151 repo.go:340] failed to create patch for untracked file config/antigravity2/config/Code Cache/js/b9d462e42f3f1b43_0: bytes are not valid utf8
E0521 03:11:06.204867 12151 repo.go:340] failed to create patch for untracked file config/antigravity2/config/Code Cache/js/e8ab5bdf37bc4718_0: bytes are not valid utf8
E0521 03:11:06.205173 12151 repo.go:340] failed to create patch for untracked file config/antigravity2/config/Code Cache/js/index: bytes are not valid utf8
E0521 03:11:06.205201 12151 repo.go:340] failed to create patch for untracked file config/antigravity2/config/Code Cache/js/index-dir/the-real-index: bytes are not valid utf8
E0521 03:11:06.205508 12151 repo.go:340] failed to create patch for untracked file config/antigravity2/config/Code Cache/wasm/index: bytes are not valid utf8
E0521 03:11:06.205793 12151 repo.go:340] failed to create patch for untracked file config/antigravity2/config/Code Cache/wasm/index-dir/the-real-index: bytes are not valid utf8
E0521 03:11:06.205824 12151 repo.go:340] failed to create patch for untracked file config/antigravity2/config/Cookies: bytes are not valid utf8
E0521 03:11:06.206808 12151 repo.go:340] failed to create patch for untracked file config/antigravity2/config/Crashpad/pending/03c9ca2f-fecc-43f1-bd34-73cc099ed43e.meta: bytes are not valid utf8
E0521 03:11:06.207124 12151 repo.go:340] failed to create patch for untracked file config/antigravity2/config/Crashpad/pending/0d325476-3ae7-456b-beb3-a33108284c93.meta: bytes are not valid utf8
E0521 03:11:06.207431 12151 repo.go:340] failed to create patch for untracked file config/antigravity2/config/Crashpad/pending/1021fa22-deb4-4f9a-810c-ece9702f7c71.meta: bytes are not valid utf8
E0521 03:11:06.207720 12151 repo.go:340] failed to create patch for untracked file config/antigravity2/config/Crashpad/pending/121b68cd-d0c5-4e26-b2d9-f93cedaaf09e.meta: bytes are not valid utf8
E0521 03:11:06.208005 12151 repo.go:340] failed to create patch for untracked file config/antigravity2/config/Crashpad/pending/2d90a9d1-3867-4d07-a337-6704404e4f62.meta: bytes are not valid utf8
E0521 03:11:06.208281 12151 repo.go:340] failed to create patch for untracked file config/antigravity2/config/Crashpad/pending/3dc3bf72-d56d-4b20-b65f-a2c1f68c9c9d.meta: bytes are not valid utf8
E0521 03:11:06.208790 12151 repo.go:340] failed to create patch for untracked file config/antigravity2/config/Crashpad/pending/447b519f-29ca-40da-bb23-896758531372.meta: bytes are not valid utf8
E0521 03:11:06.209274 12151 repo.go:340] failed to create patch for untracked file config/antigravity2/config/Crashpad/pending/49ece0dd-8291-4ef8-8158-b4f5057c2c22.meta: bytes are not valid utf8
E0521 03:11:06.209580 12151 repo.go:340] failed to create patch for untracked file config/antigravity2/config/Crashpad/pending/4fb65cea-314d-4870-8e66-bea5419abc98.meta: bytes are not valid utf8
E0521 03:11:06.209880 12151 repo.go:340] failed to create patch for untracked file config/antigravity2/config/Crashpad/pending/5b84aa05-c4e6-482a-8bb0-b13b4c815e29.meta: bytes are not valid utf8
E0521 03:11:06.210165 12151 repo.go:340] failed to create patch for untracked file config/antigravity2/config/Crashpad/pending/5d838da0-a6de-4a34-96f5-a3fe19755852.meta: bytes are not valid utf8
E0521 03:11:06.210473 12151 repo.go:340] failed to create patch for untracked file config/antigravity2/config/Crashpad/pending/628a73f3-b6a9-4836-8307-c9d32058320c.meta: bytes are not valid utf8
E0521 03:11:06.210798 12151 repo.go:340] failed to create patch for untracked file config/antigravity2/config/Crashpad/pending/6480507b-440a-4b00-b269-ca09525a067a.meta: bytes are not valid utf8
E0521 03:11:06.211125 12151 repo.go:340] failed to create patch for untracked file config/antigravity2/config/Crashpad/pending/659e72b8-98bf-45fb-93b5-dab8e95102a8.meta: bytes are not valid utf8
E0521 03:11:06.211428 12151 repo.go:340] failed to create patch for untracked file config/antigravity2/config/Crashpad/pending/6b5788c3-6fb8-429a-a23c-b12db62baf1f.meta: bytes are not valid utf8
E0521 03:11:06.211722 12151 repo.go:340] failed to create patch for untracked file config/antigravity2/config/Crashpad/pending/6e0b49ca-06d4-4130-a113-61848e001ace.meta: bytes are not valid utf8
E0521 03:11:06.212021 12151 repo.go:340] failed to create patch for untracked file config/antigravity2/config/Crashpad/pending/766981f3-e335-457a-81bd-a01ef02f782a.meta: bytes are not valid utf8
E0521 03:11:06.212334 12151 repo.go:340] failed to create patch for untracked file config/antigravity2/config/Crashpad/pending/76716f88-fbaa-41bc-bed0-51e5a800f2f5.meta: bytes are not valid utf8
E0521 03:11:06.212640 12151 repo.go:340] failed to create patch for untracked file config/antigravity2/config/Crashpad/pending/77475a50-d967-47a9-9066-12d46997dce5.meta: bytes are not valid utf8
E0521 03:11:06.212953 12151 repo.go:340] failed to create patch for untracked file config/antigravity2/config/Crashpad/pending/7e4e90c1-b987-4e86-91af-ff8f965c73c4.meta: bytes are not valid utf8
E0521 03:11:06.213270 12151 repo.go:340] failed to create patch for untracked file config/antigravity2/config/Crashpad/pending/8064d4c2-22d7-458d-80ba-ee468cf1258f.meta: bytes are not valid utf8
E0521 03:11:06.232736 12151 repo.go:340] failed to create patch for untracked file config/antigravity2/config/Crashpad/pending/875d365e-2bca-4eb2-b0ea-e19af76cbfe8.meta: bytes are not valid utf8
E0521 03:11:06.237154 12151 repo.go:340] failed to create patch for untracked file config/antigravity2/config/Crashpad/pending/8b9b5af8-3555-4c20-ab8a-4ee689ab9e44.meta: bytes are not valid utf8
E0521 03:11:06.239569 12151 repo.go:340] failed to create patch for untracked file config/antigravity2/config/Crashpad/pending/8eeb504f-a8bd-48c3-856f-91b152b419e0.meta: bytes are not valid utf8
E0521 03:11:06.239855 12151 repo.go:340] failed to create patch for untracked file config/antigravity2/config/Crashpad/pending/8fbca957-3fd5-4259-90dd-57b8294311c5.meta: bytes are not valid utf8
E0521 03:11:06.240129 12151 repo.go:340] failed to create patch for untracked file config/antigravity2/config/Crashpad/pending/907e5662-dfe2-46c1-9d7e-22783cdf91ca.meta: bytes are not valid utf8
E0521 03:11:06.240426 12151 repo.go:340] failed to create patch for untracked file config/antigravity2/config/Crashpad/pending/960ae642-9f06-49a2-b911-b36db89d76e1.meta: bytes are not valid utf8
E0521 03:11:06.240729 12151 repo.go:340] failed to create patch for untracked file config/antigravity2/config/Crashpad/pending/980164ad-a2b5-4748-9c6e-8887a635c380.meta: bytes are not valid utf8
E0521 03:11:06.241012 12151 repo.go:340] failed to create patch for untracked file config/antigravity2/config/Crashpad/pending/99c6ee7e-d6e4-4943-9288-3668fe8ab709.meta: bytes are not valid utf8
E0521 03:11:06.241278 12151 repo.go:340] failed to create patch for untracked file config/antigravity2/config/Crashpad/pending/9e479777-4e04-4be5-9852-4e28e4096019.meta: bytes are not valid utf8
E0521 03:11:06.241524 12151 repo.go:340] failed to create patch for untracked file config/antigravity2/config/Crashpad/pending/ad534da6-707e-409d-92c9-61977a23ecaa.meta: bytes are not valid utf8
E0521 03:11:06.241783 12151 repo.go:340] failed to create patch for untracked file config/antigravity2/config/Crashpad/pending/ae6aae9c-e634-4888-9821-314ed0b15c2b.meta: bytes are not valid utf8
E0521 03:11:06.242038 12151 repo.go:340] failed to create patch for untracked file config/antigravity2/config/Crashpad/pending/b4daecb8-e15f-4bf3-9f3f-af74ee9ab293.meta: bytes are not valid utf8
E0521 03:11:06.242287 12151 repo.go:340] failed to create patch for untracked file config/antigravity2/config/Crashpad/pending/b51a362b-41bf-4174-94b4-e09601119c55.meta: bytes are not valid utf8
E0521 03:11:06.242550 12151 repo.go:340] failed to create patch for untracked file config/antigravity2/config/Crashpad/pending/b95bf061-b4d5-483c-aab8-985c861fceb3.meta: bytes are not valid utf8
E0521 03:11:06.242787 12151 repo.go:340] failed to create patch for untracked file config/antigravity2/config/Crashpad/pending/c6e6ada8-0b34-4127-834e-cbaea2130cec.meta: bytes are not valid utf8
E0521 03:11:06.243033 12151 repo.go:340] failed to create patch for untracked file config/antigravity2/config/Crashpad/pending/c7d1dc4f-5807-4415-9680-40d9f64f87e4.meta: bytes are not valid utf8
E0521 03:11:06.243294 12151 repo.go:340] failed to create patch for untracked file config/antigravity2/config/Crashpad/pending/c8d239ca-2973-45bc-ae3b-65e844c5922f.meta: bytes are not valid utf8
E0521 03:11:06.243534 12151 repo.go:340] failed to create patch for untracked file config/antigravity2/config/Crashpad/pending/d60b9e35-fd30-47f3-8c37-2a72f7e3c570.meta: bytes are not valid utf8
E0521 03:11:06.243777 12151 repo.go:340] failed to create patch for untracked file config/antigravity2/config/Crashpad/pending/d94ddeff-cacd-4c2a-ba00-2975c33164b4.meta: bytes are not valid utf8
E0521 03:11:06.244019 12151 repo.go:340] failed to create patch for untracked file config/antigravity2/config/Crashpad/pending/de381f13-1a29-49bf-ab5b-0c5962363dcd.meta: bytes are not valid utf8
E0521 03:11:06.244264 12151 repo.go:340] failed to create patch for untracked file config/antigravity2/config/Crashpad/pending/e1074fa0-7164-469f-b0cd-4f8e29fbc7e4.meta: bytes are not valid utf8
E0521 03:11:06.244506 12151 repo.go:340] failed to create patch for untracked file config/antigravity2/config/Crashpad/pending/e28b3f06-2369-4095-8267-a378b7a049d4.meta: bytes are not valid utf8
E0521 03:11:06.244753 12151 repo.go:340] failed to create patch for untracked file config/antigravity2/config/Crashpad/pending/e436feaf-7b29-47ab-a113-387e2a3bd56e.meta: bytes are not valid utf8
E0521 03:11:06.244782 12151 repo.go:340] failed to create patch for untracked file config/antigravity2/config/Crashpad/pending/e520b9ed-e308-443f-ad3a-9e1c37218ef8.meta: bytes are not valid utf8
E0521 03:11:06.245041 12151 repo.go:340] failed to create patch for untracked file config/antigravity2/config/Crashpad/pending/e6cdcf26-a0ea-41c3-83ff-ae8b7847dbe8.meta: bytes are not valid utf8
E0521 03:11:06.245273 12151 repo.go:340] failed to create patch for untracked file config/antigravity2/config/Crashpad/settings.dat: bytes are not valid utf8
E0521 03:11:06.245523 12151 repo.go:340] failed to create patch for untracked file config/antigravity2/config/DIPS: bytes are not valid utf8
E0521 03:11:06.245563 12151 repo.go:340] failed to create patch for untracked file config/antigravity2/config/DIPS-wal: bytes are not valid utf8
E0521 03:11:06.245588 12151 repo.go:340] failed to create patch for untracked file config/antigravity2/config/DawnGraphiteCache/data_0: bytes are not valid utf8
E0521 03:11:06.245616 12151 repo.go:340] failed to create patch for untracked file config/antigravity2/config/DawnGraphiteCache/data_2: bytes are not valid utf8
E0521 03:11:06.245640 12151 repo.go:340] failed to create patch for untracked file config/antigravity2/config/DawnGraphiteCache/data_3: bytes are not valid utf8
E0521 03:11:06.245668 12151 repo.go:340] failed to create patch for untracked file config/antigravity2/config/DawnWebGPUCache/data_0: bytes are not valid utf8
E0521 03:11:06.245694 12151 repo.go:340] failed to create patch for untracked file config/antigravity2/config/DawnWebGPUCache/data_2: bytes are not valid utf8
E0521 03:11:06.245718 12151 repo.go:340] failed to create patch for untracked file config/antigravity2/config/DawnWebGPUCache/data_3: bytes are not valid utf8
E0521 03:11:06.245773 12151 repo.go:340] failed to create patch for untracked file config/antigravity2/config/GPUCache/data_0: bytes are not valid utf8
E0521 03:11:06.245804 12151 repo.go:340] failed to create patch for untracked file config/antigravity2/config/GPUCache/data_3: bytes are not valid utf8
E0521 03:11:06.246930 12151 repo.go:340] failed to create patch for untracked file config/antigravity2/config/Local Storage/leveldb/000005.ldb: bytes are not valid utf8
E0521 03:11:06.246957 12151 repo.go:340] failed to create patch for untracked file config/antigravity2/config/Local Storage/leveldb/000006.log: bytes are not valid utf8
E0521 03:11:06.247561 12151 repo.go:340] failed to create patch for untracked file config/antigravity2/config/Local Storage/leveldb/MANIFEST-000001: bytes are not valid utf8
E0521 03:11:06.247621 12151 repo.go:340] failed to create patch for untracked file config/antigravity2/config/Session Storage/000003.log: bytes are not valid utf8
E0521 03:11:06.247680 12151 repo.go:340] failed to create patch for untracked file config/antigravity2/config/Session Storage/MANIFEST-000001: bytes are not valid utf8
E0521 03:11:06.248196 12151 repo.go:340] failed to create patch for untracked file config/antigravity2/config/Shared Dictionary/cache/index: bytes are not valid utf8
E0521 03:11:06.248519 12151 repo.go:340] failed to create patch for untracked file config/antigravity2/config/Shared Dictionary/cache/index-dir/the-real-index: bytes are not valid utf8
E0521 03:11:06.249021 12151 repo.go:340] failed to create patch for untracked file config/antigravity2/config/Shared Dictionary/db: bytes are not valid utf8
E0521 03:11:06.249334 12151 repo.go:340] failed to create patch for untracked file config/antigravity2/config/SharedStorage: bytes are not valid utf8
E0521 03:11:06.249382 12151 repo.go:340] failed to create patch for untracked file config/antigravity2/config/SingletonSocket: open /home/dev/AI_Workflow/config/antigravity2/config/SingletonSocket: no such device or address
E0521 03:11:06.249715 12151 repo.go:340] failed to create patch for untracked file config/antigravity2/config/Trust Tokens: bytes are not valid utf8
E0521 03:11:06.272553 12151 repo.go:340] failed to create patch for untracked file config/antigravity2/config/User/workspaceStorage/15658956d36c5b9118e4fcbfc311675f/state.vscdb: bytes are not valid utf8
E0521 03:11:06.273180 12151 repo.go:340] failed to create patch for untracked file config/antigravity2/config/User/workspaceStorage/15658956d36c5b9118e4fcbfc311675f/state.vscdb.backup: bytes are not valid utf8
E0521 03:11:06.274018 12151 repo.go:340] failed to create patch for untracked file config/antigravity2/config/User/workspaceStorage/50939eaf7762befe4019204f84d195ac/state.vscdb: bytes are not valid utf8
E0521 03:11:06.274549 12151 repo.go:340] failed to create patch for untracked file config/antigravity2/config/User/workspaceStorage/50939eaf7762befe4019204f84d195ac/state.vscdb.backup: bytes are not valid utf8
E0521 03:11:06.276171 12151 repo.go:340] failed to create patch for untracked file config/antigravity2/config/User/workspaceStorage/73aa57fdf3b8f95798e939505e437542/state.vscdb: bytes are not valid utf8
E0521 03:11:06.277083 12151 repo.go:340] failed to create patch for untracked file config/antigravity2/config/User/workspaceStorage/73aa57fdf3b8f95798e939505e437542/state.vscdb.backup: bytes are not valid utf8
E0521 03:11:06.278020 12151 repo.go:340] failed to create patch for untracked file config/antigravity2/config/User/workspaceStorage/755c9f9523ca938869bb1a858d8fd23a/state.vscdb: bytes are not valid utf8
E0521 03:11:06.278758 12151 repo.go:340] failed to create patch for untracked file config/antigravity2/config/User/workspaceStorage/755c9f9523ca938869bb1a858d8fd23a/state.vscdb.backup: bytes are not valid utf8
E0521 03:11:06.280119 12151 repo.go:340] failed to create patch for untracked file config/antigravity2/config/User/workspaceStorage/7a90480ef3c0717c7d948d26b5476169/state.vscdb: bytes are not valid utf8
E0521 03:11:06.280806 12151 repo.go:340] failed to create patch for untracked file config/antigravity2/config/User/workspaceStorage/7a90480ef3c0717c7d948d26b5476169/state.vscdb.backup: bytes are not valid utf8
E0521 03:11:06.282017 12151 repo.go:340] failed to create patch for untracked file config/antigravity2/config/User/workspaceStorage/86cf0232c1f473317c3fa4659f2f75dc/state.vscdb: bytes are not valid utf8
E0521 03:11:06.282666 12151 repo.go:340] failed to create patch for untracked file config/antigravity2/config/User/workspaceStorage/86cf0232c1f473317c3fa4659f2f75dc/state.vscdb.backup: bytes are not valid utf8
E0521 03:11:06.283954 12151 repo.go:340] failed to create patch for untracked file config/antigravity2/config/User/workspaceStorage/91d63d165d7ce21c8c83f5dd3eec569a/state.vscdb: bytes are not valid utf8
E0521 03:11:06.284715 12151 repo.go:340] failed to create patch for untracked file config/antigravity2/config/User/workspaceStorage/91d63d165d7ce21c8c83f5dd3eec569a/state.vscdb.backup: bytes are not valid utf8
E0521 03:11:06.286512 12151 repo.go:340] failed to create patch for untracked file config/antigravity2/config/User/workspaceStorage/c1c39365df5e729d1b6c51312cb17305/state.vscdb: bytes are not valid utf8
E0521 03:11:06.287199 12151 repo.go:340] failed to create patch for untracked file config/antigravity2/config/User/workspaceStorage/c1c39365df5e729d1b6c51312cb17305/state.vscdb.backup: bytes are not valid utf8
E0521 03:11:06.288224 12151 repo.go:340] failed to create patch for untracked file config/antigravity2/config/User/workspaceStorage/de045d141a8b035fd6afde5a0c3a97e9/state.vscdb: bytes are not valid utf8
E0521 03:11:06.288910 12151 repo.go:340] failed to create patch for untracked file config/antigravity2/config/User/workspaceStorage/de045d141a8b035fd6afde5a0c3a97e9/state.vscdb.backup: bytes are not valid utf8
E0521 03:11:06.290413 12151 repo.go:340] failed to create patch for untracked file config/antigravity2/config/User/workspaceStorage/ecffc08541970d244edcbcf63830f8c2/state.vscdb: bytes are not valid utf8
E0521 03:11:06.291024 12151 repo.go:340] failed to create patch for untracked file config/antigravity2/config/User/workspaceStorage/ecffc08541970d244edcbcf63830f8c2/state.vscdb.backup: bytes are not valid utf8
E0521 03:11:06.292789 12151 repo.go:340] failed to create patch for untracked file config/antigravity2/config/User/workspaceStorage/f282f157da16bf2ce290c7a1ed52dc30/state.vscdb: bytes are not valid utf8
E0521 03:11:06.293533 12151 repo.go:340] failed to create patch for untracked file config/antigravity2/config/User/workspaceStorage/f282f157da16bf2ce290c7a1ed52dc30/state.vscdb.backup: bytes are not valid utf8
E0521 03:11:06.297531 12151 repo.go:340] failed to create patch for untracked file config/antigravity2/config/WebStorage/1/CacheStorage/b20f8617-76c8-4b20-aa8b-bd9cd97a0e67/b9df29791f5ba169_0: bytes are not valid utf8
E0521 03:11:06.306161 12151 repo.go:340] failed to create patch for untracked file config/antigravity2/config/WebStorage/1/CacheStorage/b20f8617-76c8-4b20-aa8b-bd9cd97a0e67/bbce78436c726fff_0: bytes are not valid utf8
E0521 03:11:06.309405 12151 repo.go:340] failed to create patch for untracked file config/antigravity2/config/WebStorage/1/CacheStorage/b20f8617-76c8-4b20-aa8b-bd9cd97a0e67/index: bytes are not valid utf8
E0521 03:11:06.309761 12151 repo.go:340] failed to create patch for untracked file config/antigravity2/config/WebStorage/1/CacheStorage/b20f8617-76c8-4b20-aa8b-bd9cd97a0e67/index-dir/the-real-index: bytes are not valid utf8
E0521 03:11:06.310079 12151 repo.go:340] failed to create patch for untracked file config/antigravity2/config/WebStorage/1/CacheStorage/index.txt: bytes are not valid utf8
E0521 03:11:06.310437 12151 repo.go:340] failed to create patch for untracked file config/antigravity2/config/WebStorage/10/CacheStorage/6e63d5ad-e3c4-4710-9709-ab5d4cf7abaa/index: bytes are not valid utf8
E0521 03:11:06.310768 12151 repo.go:340] failed to create patch for untracked file config/antigravity2/config/WebStorage/10/CacheStorage/6e63d5ad-e3c4-4710-9709-ab5d4cf7abaa/index-dir/the-real-index: bytes are not valid utf8
E0521 03:11:06.311083 12151 repo.go:340] failed to create patch for untracked file config/antigravity2/config/WebStorage/10/CacheStorage/index.txt: bytes are not valid utf8
E0521 03:11:06.311505 12151 repo.go:340] failed to create patch for untracked file config/antigravity2/config/WebStorage/11/CacheStorage/872b8231-95e2-4cbc-8999-06a444763730/03b69e70acfaaa8e_0: bytes are not valid utf8
E0521 03:11:06.312208 12151 repo.go:340] failed to create patch for untracked file config/antigravity2/config/WebStorage/11/CacheStorage/872b8231-95e2-4cbc-8999-06a444763730/1314a8e69295ccc4_0: bytes are not valid utf8
E0521 03:11:06.312509 12151 repo.go:340] failed to create patch for untracked file config/antigravity2/config/WebStorage/11/CacheStorage/872b8231-95e2-4cbc-8999-06a444763730/1c9b3d11038f4ee7_0: bytes are not valid utf8
E0521 03:11:06.312812 12151 repo.go:340] failed to create patch for untracked file config/antigravity2/config/WebStorage/11/CacheStorage/872b8231-95e2-4cbc-8999-06a444763730/1fca42f1e3bae043_0: bytes are not valid utf8
E0521 03:11:06.313216 12151 repo.go:340] failed to create patch for untracked file config/antigravity2/config/WebStorage/11/CacheStorage/872b8231-95e2-4cbc-8999-06a444763730/2043a5c096a67169_0: bytes are not valid utf8
E0521 03:11:06.313590 12151 repo.go:340] failed to create patch for untracked file config/antigravity2/config/WebStorage/11/CacheStorage/872b8231-95e2-4cbc-8999-06a444763730/2043a5c096a67169_1: bytes are not valid utf8
E0521 03:11:06.314200 12151 repo.go:340] failed to create patch for untracked file config/antigravity2/config/WebStorage/11/CacheStorage/872b8231-95e2-4cbc-8999-06a444763730/22629c4e0e876d29_0: bytes are not valid utf8
E0521 03:11:06.314783 12151 repo.go:340] failed to create patch for untracked file config/antigravity2/config/WebStorage/11/CacheStorage/872b8231-95e2-4cbc-8999-06a444763730/22629c4e0e876d29_1: bytes are not valid utf8
E0521 03:11:06.315076 12151 repo.go:340] failed to create patch for untracked file config/antigravity2/config/WebStorage/11/CacheStorage/872b8231-95e2-4cbc-8999-06a444763730/26a9ccfaa0444b64_0: bytes are not valid utf8
E0521 03:11:06.315481 12151 repo.go:340] failed to create patch for untracked file config/antigravity2/config/WebStorage/11/CacheStorage/872b8231-95e2-4cbc-8999-06a444763730/2c226aef6470ab65_0: bytes are not valid utf8
E0521 03:11:06.316009 12151 repo.go:340] failed to create patch for untracked file config/antigravity2/config/WebStorage/11/CacheStorage/872b8231-95e2-4cbc-8999-06a444763730/2c887d325da612e0_0: bytes are not valid utf8
E0521 03:11:06.316552 12151 repo.go:340] failed to create patch for untracked file config/antigravity2/config/WebStorage/11/CacheStorage/872b8231-95e2-4cbc-8999-06a444763730/33e1b7e52c05a6d8_0: bytes are not valid utf8
E0521 03:11:06.317218 12151 repo.go:340] failed to create patch for untracked file config/antigravity2/config/WebStorage/11/CacheStorage/872b8231-95e2-4cbc-8999-06a444763730/4c71ed69b5334af6_0: bytes are not valid utf8
E0521 03:11:06.317869 12151 repo.go:340] failed to create patch for untracked file config/antigravity2/config/WebStorage/11/CacheStorage/872b8231-95e2-4cbc-8999-06a444763730/6432258f6e8dacc0_0: bytes are not valid utf8
E0521 03:11:06.318557 12151 repo.go:340] failed to create patch for untracked file config/antigravity2/config/WebStorage/11/CacheStorage/872b8231-95e2-4cbc-8999-06a444763730/6b669152cb92883f_0: bytes are not valid utf8
E0521 03:11:06.319038 12151 repo.go:340] failed to create patch for untracked file config/antigravity2/config/WebStorage/11/CacheStorage/872b8231-95e2-4cbc-8999-06a444763730/7b90d09d53e4d877_0: bytes are not valid utf8
E0521 03:11:06.319672 12151 repo.go:340] failed to create patch for untracked file config/antigravity2/config/WebStorage/11/CacheStorage/872b8231-95e2-4cbc-8999-06a444763730/7ca70e49fa059027_0: bytes are not valid utf8
E0521 03:11:06.320266 12151 repo.go:340] failed to create patch for untracked file config/antigravity2/config/WebStorage/11/CacheStorage/872b8231-95e2-4cbc-8999-06a444763730/7ca70e49fa059027_1: bytes are not valid utf8
E0521 03:11:06.320610 12151 repo.go:340] failed to create patch for untracked file config/antigravity2/config/WebStorage/11/CacheStorage/872b8231-95e2-4cbc-8999-06a444763730/8810552154d32640_0: bytes are not valid utf8
E0521 03:11:06.321218 12151 repo.go:340] failed to create patch for untracked file config/antigravity2/config/WebStorage/11/CacheStorage/872b8231-95e2-4cbc-8999-06a444763730/8e2f307e4dcb439a_0: bytes are not valid utf8
E0521 03:11:06.321627 12151 repo.go:340] failed to create patch for untracked file config/antigravity2/config/WebStorage/11/CacheStorage/872b8231-95e2-4cbc-8999-06a444763730/b0dce097ff91a3eb_0: bytes are not valid utf8
E0521 03:11:06.321996 12151 repo.go:340] failed to create patch for untracked file config/antigravity2/config/WebStorage/11/CacheStorage/872b8231-95e2-4cbc-8999-06a444763730/b5c05fe62faae4e9_0: bytes are not valid utf8
E0521 03:11:06.322526 12151 repo.go:340] failed to create patch for untracked file config/antigravity2/config/WebStorage/11/CacheStorage/872b8231-95e2-4cbc-8999-06a444763730/bf02686f7f9f93bd_0: bytes are not valid utf8
E0521 03:11:06.323010 12151 repo.go:340] failed to create patch for untracked file config/antigravity2/config/WebStorage/11/CacheStorage/872b8231-95e2-4cbc-8999-06a444763730/c99304c05582e2d9_0: bytes are not valid utf8
E0521 03:11:06.323832 12151 repo.go:340] failed to create patch for untracked file config/antigravity2/config/WebStorage/11/CacheStorage/872b8231-95e2-4cbc-8999-06a444763730/d456187eca56764d_0: bytes are not valid utf8
E0521 03:11:06.324220 12151 repo.go:340] failed to create patch for untracked file config/antigravity2/config/WebStorage/11/CacheStorage/872b8231-95e2-4cbc-8999-06a444763730/d676e666bea72923_0: bytes are not valid utf8
E0521 03:11:06.324948 12151 repo.go:340] failed to create patch for untracked file config/antigravity2/config/WebStorage/11/CacheStorage/872b8231-95e2-4cbc-8999-06a444763730/dbdc88700ef00620_0: bytes are not valid utf8
E0521 03:11:06.325413 12151 repo.go:340] failed to create patch for untracked file config/antigravity2/config/WebStorage/11/CacheStorage/872b8231-95e2-4cbc-8999-06a444763730/ddd0b4f78fa7667c_0: bytes are not valid utf8
E0521 03:11:06.325889 12151 repo.go:340] failed to create patch for untracked file config/antigravity2/config/WebStorage/11/CacheStorage/872b8231-95e2-4cbc-8999-06a444763730/e46cae63bf80914f_0: bytes are not valid utf8
E0521 03:11:06.326438 12151 repo.go:340] failed to create patch for untracked file config/antigravity2/config/WebStorage/11/CacheStorage/872b8231-95e2-4cbc-8999-06a444763730/e724cadd480fd096_0: bytes are not valid utf8
E0521 03:11:06.326816 12151 repo.go:340] failed to create patch for untracked file config/antigravity2/config/WebStorage/11/CacheStorage/872b8231-95e2-4cbc-8999-06a444763730/f11e9b206b465236_0: bytes are not valid utf8
E0521 03:11:06.327125 12151 repo.go:340] failed to create patch for untracked file config/antigravity2/config/WebStorage/11/CacheStorage/872b8231-95e2-4cbc-8999-06a444763730/index: bytes are not valid utf8
E0521 03:11:06.327408 12151 repo.go:340] failed to create patch for untracked file config/antigravity2/config/WebStorage/11/CacheStorage/872b8231-95e2-4cbc-8999-06a444763730/index-dir/the-real-index: bytes are not valid utf8
E0521 03:11:06.327699 12151 repo.go:340] failed to create patch for untracked file config/antigravity2/config/WebStorage/11/CacheStorage/index.txt: bytes are not valid utf8
E0521 03:11:06.328303 12151 repo.go:340] failed to create patch for untracked file config/antigravity2/config/WebStorage/11/IndexedDB/indexeddb.leveldb/000003.log: bytes are not valid utf8
E0521 03:11:06.329515 12151 repo.go:340] failed to create patch for untracked file config/antigravity2/config/WebStorage/11/IndexedDB/indexeddb.leveldb/MANIFEST-000001: bytes are not valid utf8
E0521 03:11:06.329957 12151 repo.go:340] failed to create patch for untracked file config/antigravity2/config/WebStorage/12/CacheStorage/0b560fb6-55e6-4dd5-bbe2-6911f5f66208/index: bytes are not valid utf8
E0521 03:11:06.330259 12151 repo.go:340] failed to create patch for untracked file config/antigravity2/config/WebStorage/12/CacheStorage/0b560fb6-55e6-4dd5-bbe2-6911f5f66208/index-dir/the-real-index: bytes are not valid utf8
E0521 03:11:06.330546 12151 repo.go:340] failed to create patch for untracked file config/antigravity2/config/WebStorage/12/CacheStorage/index.txt: bytes are not valid utf8
E0521 03:11:06.331126 12151 repo.go:340] failed to create patch for untracked file config/antigravity2/config/WebStorage/13/CacheStorage/1497d049-3693-402a-b9e0-93a9bb7b4876/97f38ed997d3bd6d_0: bytes are not valid utf8
E0521 03:11:06.331911 12151 repo.go:340] failed to create patch for untracked file config/antigravity2/config/WebStorage/13/CacheStorage/1497d049-3693-402a-b9e0-93a9bb7b4876/ee79b44d55e9623f_0: bytes are not valid utf8
E0521 03:11:06.332204 12151 repo.go:340] failed to create patch for untracked file config/antigravity2/config/WebStorage/13/CacheStorage/1497d049-3693-402a-b9e0-93a9bb7b4876/index: bytes are not valid utf8
E0521 03:11:06.332493 12151 repo.go:340] failed to create patch for untracked file config/antigravity2/config/WebStorage/13/CacheStorage/1497d049-3693-402a-b9e0-93a9bb7b4876/index-dir/the-real-index: bytes are not valid utf8
E0521 03:11:06.332793 12151 repo.go:340] failed to create patch for untracked file config/antigravity2/config/WebStorage/13/CacheStorage/index.txt: bytes are not valid utf8
E0521 03:11:06.333341 12151 repo.go:340] failed to create patch for untracked file config/antigravity2/config/WebStorage/14/CacheStorage/172f63c5-9cbc-44a3-a278-37416c7cfe68/41a9ad453cd17034_0: bytes are not valid utf8
E0521 03:11:06.333661 12151 repo.go:340] failed to create patch for untracked file config/antigravity2/config/WebStorage/14/CacheStorage/172f63c5-9cbc-44a3-a278-37416c7cfe68/index: bytes are not valid utf8
E0521 03:11:06.333958 12151 repo.go:340] failed to create patch for untracked file config/antigravity2/config/WebStorage/14/CacheStorage/172f63c5-9cbc-44a3-a278-37416c7cfe68/index-dir/the-real-index: bytes are not valid utf8
E0521 03:11:06.334237 12151 repo.go:340] failed to create patch for untracked file config/antigravity2/config/WebStorage/14/CacheStorage/index.txt: bytes are not valid utf8
E0521 03:11:06.335021 12151 repo.go:340] failed to create patch for untracked file config/antigravity2/config/WebStorage/15/CacheStorage/92715ff5-571c-4337-a16d-0551f3108e46/8e2f96579c253618_0: bytes are not valid utf8
E0521 03:11:06.335329 12151 repo.go:340] failed to create patch for untracked file config/antigravity2/config/WebStorage/15/CacheStorage/92715ff5-571c-4337-a16d-0551f3108e46/index: bytes are not valid utf8
E0521 03:11:06.335629 12151 repo.go:340] failed to create patch for untracked file config/antigravity2/config/WebStorage/15/CacheStorage/92715ff5-571c-4337-a16d-0551f3108e46/index-dir/the-real-index: bytes are not valid utf8
E0521 03:11:06.335917 12151 repo.go:340] failed to create patch for untracked file config/antigravity2/config/WebStorage/15/CacheStorage/index.txt: bytes are not valid utf8
E0521 03:11:06.336197 12151 repo.go:340] failed to create patch for untracked file config/antigravity2/config/WebStorage/17/CacheStorage/630cf5e2-c3a0-4023-943e-e6338099f5ff/003cab2c31a969c7_0: bytes are not valid utf8
E0521 03:11:06.336506 12151 repo.go:340] failed to create patch for untracked file config/antigravity2/config/WebStorage/17/CacheStorage/630cf5e2-c3a0-4023-943e-e6338099f5ff/010748250398627c_0: bytes are not valid utf8
E0521 03:11:06.336852 12151 repo.go:340] failed to create patch for untracked file config/antigravity2/config/WebStorage/17/CacheStorage/630cf5e2-c3a0-4023-943e-e6338099f5ff/018e5c0953a0acde_0: bytes are not valid utf8
E0521 03:11:06.337483 12151 repo.go:340] failed to create patch for untracked file config/antigravity2/config/WebStorage/17/CacheStorage/630cf5e2-c3a0-4023-943e-e6338099f5ff/01ea929f59022867_0: bytes are not valid utf8
E0521 03:11:06.337790 12151 repo.go:340] failed to create patch for untracked file config/antigravity2/config/WebStorage/17/CacheStorage/630cf5e2-c3a0-4023-943e-e6338099f5ff/031d249ed08f7167_0: bytes are not valid utf8
E0521 03:11:06.338082 12151 repo.go:340] failed to create patch for untracked file config/antigravity2/config/WebStorage/17/CacheStorage/630cf5e2-c3a0-4023-943e-e6338099f5ff/03506fb7b9515758_0: bytes are not valid utf8
E0521 03:11:06.338390 12151 repo.go:340] failed to create patch for untracked file config/antigravity2/config/WebStorage/17/CacheStorage/630cf5e2-c3a0-4023-943e-e6338099f5ff/047b1fc6c4e63054_0: bytes are not valid utf8
E0521 03:11:06.338878 12151 repo.go:340] failed to create patch for untracked file config/antigravity2/config/WebStorage/17/CacheStorage/630cf5e2-c3a0-4023-943e-e6338099f5ff/05cefe750f197780_0: bytes are not valid utf8
E0521 03:11:06.339293 12151 repo.go:340] failed to create patch for untracked file config/antigravity2/config/WebStorage/17/CacheStorage/630cf5e2-c3a0-4023-943e-e6338099f5ff/062cbf297ff577d8_0: bytes are not valid utf8
E0521 03:11:06.339592 12151 repo.go:340] failed to create patch for untracked file config/antigravity2/config/WebStorage/17/CacheStorage/630cf5e2-c3a0-4023-943e-e6338099f5ff/0888de80d4f201cd_0: bytes are not valid utf8
E0521 03:11:06.339870 12151 repo.go:340] failed to create patch for untracked file config/antigravity2/config/WebStorage/17/CacheStorage/630cf5e2-c3a0-4023-943e-e6338099f5ff/08987cb5b1c53a95_0: bytes are not valid utf8
E0521 03:11:06.340158 12151 repo.go:340] failed to create patch for untracked file config/antigravity2/config/WebStorage/17/CacheStorage/630cf5e2-c3a0-4023-943e-e6338099f5ff/08b1c23ee6fcae5f_0: bytes are not valid utf8
E0521 03:11:06.340443 12151 repo.go:340] failed to create patch for untracked file config/antigravity2/config/WebStorage/17/CacheStorage/630cf5e2-c3a0-4023-943e-e6338099f5ff/08b5c24b8a9b81a9_0: bytes are not valid utf8
E0521 03:11:06.340739 12151 repo.go:340] failed to create patch for untracked file config/antigravity2/config/WebStorage/17/CacheStorage/630cf5e2-c3a0-4023-943e-e6338099f5ff/096e548301e20482_0: bytes are not valid utf8
E0521 03:11:06.341025 12151 repo.go:340] failed to create patch for untracked file config/antigravity2/config/WebStorage/17/CacheStorage/630cf5e2-c3a0-4023-943e-e6338099f5ff/0aa2759748f24206_0: bytes are not valid utf8
E0521 03:11:06.341631 12151 repo.go:340] failed to create patch for untracked file config/antigravity2/config/WebStorage/17/CacheStorage/630cf5e2-c3a0-4023-943e-e6338099f5ff/0b26ad4627e77e84_0: bytes are not valid utf8
E0521 03:11:06.341920 12151 repo.go:340] failed to create patch for untracked file config/antigravity2/config/WebStorage/17/CacheStorage/630cf5e2-c3a0-4023-943e-e6338099f5ff/0b76d5f7ee034f96_0: bytes are not valid utf8
E0521 03:11:06.342589 12151 repo.go:340] failed to create patch for untracked file config/antigravity2/config/WebStorage/17/CacheStorage/630cf5e2-c3a0-4023-943e-e6338099f5ff/0bd5b919254ea8fa_0: bytes are not valid utf8
E0521 03:11:06.342900 12151 repo.go:340] failed to create patch for untracked file config/antigravity2/config/WebStorage/17/CacheStorage/630cf5e2-c3a0-4023-943e-e6338099f5ff/0fa3ce5bf792e5f5_0: bytes are not valid utf8
E0521 03:11:06.343189 12151 repo.go:340] failed to create patch for untracked file config/antigravity2/config/WebStorage/17/CacheStorage/630cf5e2-c3a0-4023-943e-e6338099f5ff/0fcca9286dcd25b3_0: bytes are not valid utf8
E0521 03:11:06.343479 12151 repo.go:340] failed to create patch for untracked file config/antigravity2/config/WebStorage/17/CacheStorage/630cf5e2-c3a0-4023-943e-e6338099f5ff/0ffa0ae984230b8b_0: bytes are not valid utf8
E0521 03:11:06.343762 12151 repo.go:340] failed to create patch for untracked file config/antigravity2/config/WebStorage/17/CacheStorage/630cf5e2-c3a0-4023-943e-e6338099f5ff/1061de6d22e7594e_0: bytes are not valid utf8
E0521 03:11:06.344152 12151 repo.go:340] failed to create patch for untracked file config/antigravity2/config/WebStorage/17/CacheStorage/630cf5e2-c3a0-4023-943e-e6338099f5ff/10fcaea52ef36e3b_0: bytes are not valid utf8
E0521 03:11:06.344436 12151 repo.go:340] failed to create patch for untracked file config/antigravity2/config/WebStorage/17/CacheStorage/630cf5e2-c3a0-4023-943e-e6338099f5ff/110a65b0dd13577a_0: bytes are not valid utf8
E0521 03:11:06.344726 12151 repo.go:340] failed to create patch for untracked file config/antigravity2/config/WebStorage/17/CacheStorage/630cf5e2-c3a0-4023-943e-e6338099f5ff/127c325b0336a456_0: bytes are not valid utf8
E0521 03:11:06.345011 12151 repo.go:340] failed to create patch for untracked file config/antigravity2/config/WebStorage/17/CacheStorage/630cf5e2-c3a0-4023-943e-e6338099f5ff/1317d94c1a71dc6e_0: bytes are not valid utf8
E0521 03:11:06.345287 12151 repo.go:340] failed to create patch for untracked file config/antigravity2/config/WebStorage/17/CacheStorage/630cf5e2-c3a0-4023-943e-e6338099f5ff/16acd127dabb6a07_0: bytes are not valid utf8
E0521 03:11:06.345881 12151 repo.go:340] failed to create patch for untracked file config/antigravity2/config/WebStorage/17/CacheStorage/630cf5e2-c3a0-4023-943e-e6338099f5ff/16c2d87736eb05ed_0: bytes are not valid utf8
E0521 03:11:06.346403 12151 repo.go:340] failed to create patch for untracked file config/antigravity2/config/WebStorage/17/CacheStorage/630cf5e2-c3a0-4023-943e-e6338099f5ff/17e71374cf4e4b13_0: bytes are not valid utf8
E0521 03:11:06.346892 12151 repo.go:340] failed to create patch for untracked file config/antigravity2/config/WebStorage/17/CacheStorage/630cf5e2-c3a0-4023-943e-e6338099f5ff/18c0e05f7c52c2df_0: bytes are not valid utf8
E0521 03:11:06.347186 12151 repo.go:340] failed to create patch for untracked file config/antigravity2/config/WebStorage/17/CacheStorage/630cf5e2-c3a0-4023-943e-e6338099f5ff/19396a7b83a7a573_0: bytes are not valid utf8
E0521 03:11:06.347483 12151 repo.go:340] failed to create patch for untracked file config/antigravity2/config/WebStorage/17/CacheStorage/630cf5e2-c3a0-4023-943e-e6338099f5ff/19f2cc79b4d22037_0: bytes are not valid utf8
E0521 03:11:06.348006 12151 repo.go:340] failed to create patch for untracked file config/antigravity2/config/WebStorage/17/CacheStorage/630cf5e2-c3a0-4023-943e-e6338099f5ff/19fd2a7beee563a6_0: bytes are not valid utf8
E0521 03:11:06.348289 12151 repo.go:340] failed to create patch for untracked file config/antigravity2/config/WebStorage/17/CacheStorage/630cf5e2-c3a0-4023-943e-e6338099f5ff/1b744e631b1ffe80_0: bytes are not valid utf8
E0521 03:11:06.348691 12151 repo.go:340] failed to create patch for untracked file config/antigravity2/config/WebStorage/17/CacheStorage/630cf5e2-c3a0-4023-943e-e6338099f5ff/1b7732f871a2e1be_0: bytes are not valid utf8
E0521 03:11:06.349371 12151 repo.go:340] failed to create patch for untracked file config/antigravity2/config/WebStorage/17/CacheStorage/630cf5e2-c3a0-4023-943e-e6338099f5ff/1b7740aa0ce91be5_0: bytes are not valid utf8
E0521 03:11:06.349694 12151 repo.go:340] failed to create patch for untracked file config/antigravity2/config/WebStorage/17/CacheStorage/630cf5e2-c3a0-4023-943e-e6338099f5ff/1ce0b4e14d806da9_0: bytes are not valid utf8
E0521 03:11:06.350005 12151 repo.go:340] failed to create patch for untracked file config/antigravity2/config/WebStorage/17/CacheStorage/630cf5e2-c3a0-4023-943e-e6338099f5ff/1ce9a92381bf5d62_0: bytes are not valid utf8
E0521 03:11:06.350292 12151 repo.go:340] failed to create patch for untracked file config/antigravity2/config/WebStorage/17/CacheStorage/630cf5e2-c3a0-4023-943e-e6338099f5ff/1cf2d1d44ea7fd69_0: bytes are not valid utf8
E0521 03:11:06.350593 12151 repo.go:340] failed to create patch for untracked file config/antigravity2/config/WebStorage/17/CacheStorage/630cf5e2-c3a0-4023-943e-e6338099f5ff/1dd90607d2152e0e_0: bytes are not valid utf8
E0521 03:11:06.350864 12151 repo.go:340] failed to create patch for untracked file config/antigravity2/config/WebStorage/17/CacheStorage/630cf5e2-c3a0-4023-943e-e6338099f5ff/1e5087bd2fcc9fe0_0: bytes are not valid utf8
E0521 03:11:06.351148 12151 repo.go:340] failed to create patch for untracked file config/antigravity2/config/WebStorage/17/CacheStorage/630cf5e2-c3a0-4023-943e-e6338099f5ff/1f31c3a64265846e_0: bytes are not valid utf8
E0521 03:11:06.351430 12151 repo.go:340] failed to create patch for untracked file config/antigravity2/config/WebStorage/17/CacheStorage/630cf5e2-c3a0-4023-943e-e6338099f5ff/20231a5c5d14506a_0: bytes are not valid utf8
E0521 03:11:06.351727 12151 repo.go:340] failed to create patch for untracked file config/antigravity2/config/WebStorage/17/CacheStorage/630cf5e2-c3a0-4023-943e-e6338099f5ff/20c74a547a36a52d_0: bytes are not valid utf8
E0521 03:11:06.352101 12151 repo.go:340] failed to create patch for untracked file config/antigravity2/config/WebStorage/17/CacheStorage/630cf5e2-c3a0-4023-943e-e6338099f5ff/2117e8cd2eae4b1d_0: bytes are not valid utf8
E0521 03:11:06.352408 12151 repo.go:340] failed to create patch for untracked file config/antigravity2/config/WebStorage/17/CacheStorage/630cf5e2-c3a0-4023-943e-e6338099f5ff/21b8b91f5ad84d66_0: bytes are not valid utf8
E0521 03:11:06.352777 12151 repo.go:340] failed to create patch for untracked file config/antigravity2/config/WebStorage/17/CacheStorage/630cf5e2-c3a0-4023-943e-e6338099f5ff/2283a84934e3de4d_0: bytes are not valid utf8
E0521 03:11:06.353068 12151 repo.go:340] failed to create patch for untracked file config/antigravity2/config/WebStorage/17/CacheStorage/630cf5e2-c3a0-4023-943e-e6338099f5ff/23ea8a15cfc3c617_0: bytes are not valid utf8
E0521 03:11:06.353361 12151 repo.go:340] failed to create patch for untracked file config/antigravity2/config/WebStorage/17/CacheStorage/630cf5e2-c3a0-4023-943e-e6338099f5ff/247dd05fef785997_0: bytes are not valid utf8
E0521 03:11:06.353766 12151 repo.go:340] failed to create patch for untracked file config/antigravity2/config/WebStorage/17/CacheStorage/630cf5e2-c3a0-4023-943e-e6338099f5ff/26681c0af1ded29e_0: bytes are not valid utf8
E0521 03:11:06.354054 12151 repo.go:340] failed to create patch for untracked file config/antigravity2/config/WebStorage/17/CacheStorage/630cf5e2-c3a0-4023-943e-e6338099f5ff/26879ff612cf26cd_0: bytes are not valid utf8
E0521 03:11:06.354363 12151 repo.go:340] failed to create patch for untracked file config/antigravity2/config/WebStorage/17/CacheStorage/630cf5e2-c3a0-4023-943e-e6338099f5ff/2845e4179de61a1d_0: bytes are not valid utf8
E0521 03:11:06.354655 12151 repo.go:340] failed to create patch for untracked file config/antigravity2/config/WebStorage/17/CacheStorage/630cf5e2-c3a0-4023-943e-e6338099f5ff/28e0e0080a711c7f_0: bytes are not valid utf8
E0521 03:11:06.354939 12151 repo.go:340] failed to create patch for untracked file config/antigravity2/config/WebStorage/17/CacheStorage/630cf5e2-c3a0-4023-943e-e6338099f5ff/2905a81c6fd24393_0: bytes are not valid utf8
E0521 03:11:06.355249 12151 repo.go:340] failed to create patch for untracked file config/antigravity2/config/WebStorage/17/CacheStorage/630cf5e2-c3a0-4023-943e-e6338099f5ff/29341b24248e5a88_0: bytes are not valid utf8
E0521 03:11:06.355528 12151 repo.go:340] failed to create patch for untracked file config/antigravity2/config/WebStorage/17/CacheStorage/630cf5e2-c3a0-4023-943e-e6338099f5ff/2a81606fcefc1875_0: bytes are not valid utf8
E0521 03:11:06.355831 12151 repo.go:340] failed to create patch for untracked file config/antigravity2/config/WebStorage/17/CacheStorage/630cf5e2-c3a0-4023-943e-e6338099f5ff/2a9552b95918dcc6_0: bytes are not valid utf8
E0521 03:11:06.356140 12151 repo.go:340] failed to create patch for untracked file config/antigravity2/config/WebStorage/17/CacheStorage/630cf5e2-c3a0-4023-943e-e6338099f5ff/2b8113c4eae6df47_0: bytes are not valid utf8
E0521 03:11:06.356427 12151 repo.go:340] failed to create patch for untracked file config/antigravity2/config/WebStorage/17/CacheStorage/630cf5e2-c3a0-4023-943e-e6338099f5ff/2b8a2f2ba9d3f185_0: bytes are not valid utf8
E0521 03:11:06.356879 12151 repo.go:340] failed to create patch for untracked file config/antigravity2/config/WebStorage/17/CacheStorage/630cf5e2-c3a0-4023-943e-e6338099f5ff/2ccc0b9148da7d2f_0: bytes are not valid utf8
E0521 03:11:06.357895 12151 repo.go:340] failed to create patch for untracked file config/antigravity2/config/WebStorage/17/CacheStorage/630cf5e2-c3a0-4023-943e-e6338099f5ff/2e23f6c74d2da2f8_0: bytes are not valid utf8
E0521 03:11:06.358368 12151 repo.go:340] failed to create patch for untracked file config/antigravity2/config/WebStorage/17/CacheStorage/630cf5e2-c3a0-4023-943e-e6338099f5ff/2f1fcd642cd75345_0: bytes are not valid utf8
E0521 03:11:06.358714 12151 repo.go:340] failed to create patch for untracked file config/antigravity2/config/WebStorage/17/CacheStorage/630cf5e2-c3a0-4023-943e-e6338099f5ff/31d7507771757e51_0: bytes are not valid utf8
E0521 03:11:06.359003 12151 repo.go:340] failed to create patch for untracked file config/antigravity2/config/WebStorage/17/CacheStorage/630cf5e2-c3a0-4023-943e-e6338099f5ff/32021a87d86f9ac9_0: bytes are not valid utf8
E0521 03:11:06.359351 12151 repo.go:340] failed to create patch for untracked file config/antigravity2/config/WebStorage/17/CacheStorage/630cf5e2-c3a0-4023-943e-e6338099f5ff/329fc861ed0a5bc5_0: bytes are not valid utf8
E0521 03:11:06.359906 12151 repo.go:340] failed to create patch for untracked file config/antigravity2/config/WebStorage/17/CacheStorage/630cf5e2-c3a0-4023-943e-e6338099f5ff/32c6a8b48c2e3bfc_0: bytes are not valid utf8
E0521 03:11:06.360215 12151 repo.go:340] failed to create patch for untracked file config/antigravity2/config/WebStorage/17/CacheStorage/630cf5e2-c3a0-4023-943e-e6338099f5ff/32e294bb849f6843_0: bytes are not valid utf8
E0521 03:11:06.360524 12151 repo.go:340] failed to create patch for untracked file config/antigravity2/config/WebStorage/17/CacheStorage/630cf5e2-c3a0-4023-943e-e6338099f5ff/32e4f70e740d14b4_0: bytes are not valid utf8
E0521 03:11:06.360810 12151 repo.go:340] failed to create patch for untracked file config/antigravity2/config/WebStorage/17/CacheStorage/630cf5e2-c3a0-4023-943e-e6338099f5ff/341e7dcccceeeeac_0: bytes are not valid utf8
E0521 03:11:06.361114 12151 repo.go:340] failed to create patch for untracked file config/antigravity2/config/WebStorage/17/CacheStorage/630cf5e2-c3a0-4023-943e-e6338099f5ff/342aacb4a43ecc62_0: bytes are not valid utf8
E0521 03:11:06.361457 12151 repo.go:340] failed to create patch for untracked file config/antigravity2/config/WebStorage/17/CacheStorage/630cf5e2-c3a0-4023-943e-e6338099f5ff/34ac4326998ef94b_0: bytes are not valid utf8
E0521 03:11:06.361756 12151 repo.go:340] failed to create patch for untracked file config/antigravity2/config/WebStorage/17/CacheStorage/630cf5e2-c3a0-4023-943e-e6338099f5ff/3521ffe7b172b22f_0: bytes are not valid utf8
E0521 03:11:06.362095 12151 repo.go:340] failed to create patch for untracked file config/antigravity2/config/WebStorage/17/CacheStorage/630cf5e2-c3a0-4023-943e-e6338099f5ff/35418ebaa00e8129_0: bytes are not valid utf8
E0521 03:11:06.362773 12151 repo.go:340] failed to create patch for untracked file config/antigravity2/config/WebStorage/17/CacheStorage/630cf5e2-c3a0-4023-943e-e6338099f5ff/357d83a5d685feab_0: bytes are not valid utf8
E0521 03:11:06.363074 12151 repo.go:340] failed to create patch for untracked file config/antigravity2/config/WebStorage/17/CacheStorage/630cf5e2-c3a0-4023-943e-e6338099f5ff/3792c2901c69feb1_0: bytes are not valid utf8
E0521 03:11:06.363367 12151 repo.go:340] failed to create patch for untracked file config/antigravity2/config/WebStorage/17/CacheStorage/630cf5e2-c3a0-4023-943e-e6338099f5ff/39fda5736538467c_0: bytes are not valid utf8
E0521 03:11:06.363741 12151 repo.go:340] failed to create patch for untracked file config/antigravity2/config/WebStorage/17/CacheStorage/630cf5e2-c3a0-4023-943e-e6338099f5ff/3b5788983e48946c_0: bytes are not valid utf8
E0521 03:11:06.364040 12151 repo.go:340] failed to create patch for untracked file config/antigravity2/config/WebStorage/17/CacheStorage/630cf5e2-c3a0-4023-943e-e6338099f5ff/3d20df287f3efae4_0: bytes are not valid utf8
E0521 03:11:06.364322 12151 repo.go:340] failed to create patch for untracked file config/antigravity2/config/WebStorage/17/CacheStorage/630cf5e2-c3a0-4023-943e-e6338099f5ff/3e1c27230952d091_0: bytes are not valid utf8
E0521 03:11:06.364632 12151 repo.go:340] failed to create patch for untracked file config/antigravity2/config/WebStorage/17/CacheStorage/630cf5e2-c3a0-4023-943e-e6338099f5ff/42027fb8d6cbab41_0: bytes are not valid utf8
E0521 03:11:06.365229 12151 repo.go:340] failed to create patch for untracked file config/antigravity2/config/WebStorage/17/CacheStorage/630cf5e2-c3a0-4023-943e-e6338099f5ff/42253f48234fff0e_0: bytes are not valid utf8
E0521 03:11:06.365522 12151 repo.go:340] failed to create patch for untracked file config/antigravity2/config/WebStorage/17/CacheStorage/630cf5e2-c3a0-4023-943e-e6338099f5ff/42c2f58d9e4ebb24_0: bytes are not valid utf8
E0521 03:11:06.365901 12151 repo.go:340] failed to create patch for untracked file config/antigravity2/config/WebStorage/17/CacheStorage/630cf5e2-c3a0-4023-943e-e6338099f5ff/43f42b10c6128f69_0: bytes are not valid utf8
E0521 03:11:06.366191 12151 repo.go:340] failed to create patch for untracked file config/antigravity2/config/WebStorage/17/CacheStorage/630cf5e2-c3a0-4023-943e-e6338099f5ff/44dc8dd0760bf3ac_0: bytes are not valid utf8
E0521 03:11:06.366519 12151 repo.go:340] failed to create patch for untracked file config/antigravity2/config/WebStorage/17/CacheStorage/630cf5e2-c3a0-4023-943e-e6338099f5ff/463d57e43d073d96_0: bytes are not valid utf8
E0521 03:11:06.367016 12151 repo.go:340] failed to create patch for untracked file config/antigravity2/config/WebStorage/17/CacheStorage/630cf5e2-c3a0-4023-943e-e6338099f5ff/469e24c770aedc3c_0: bytes are not valid utf8
E0521 03:11:06.367316 12151 repo.go:340] failed to create patch for untracked file config/antigravity2/config/WebStorage/17/CacheStorage/630cf5e2-c3a0-4023-943e-e6338099f5ff/46e3bf912ee4dee8_0: bytes are not valid utf8
E0521 03:11:06.367686 12151 repo.go:340] failed to create patch for untracked file config/antigravity2/config/WebStorage/17/CacheStorage/630cf5e2-c3a0-4023-943e-e6338099f5ff/477f739436bd405c_0: bytes are not valid utf8
E0521 03:11:06.367971 12151 repo.go:340] failed to create patch for untracked file config/antigravity2/config/WebStorage/17/CacheStorage/630cf5e2-c3a0-4023-943e-e6338099f5ff/4893f192c29c7e91_0: bytes are not valid utf8
E0521 03:11:06.368321 12151 repo.go:340] failed to create patch for untracked file config/antigravity2/config/WebStorage/17/CacheStorage/630cf5e2-c3a0-4023-943e-e6338099f5ff/493f5cc81bbb42ab_0: bytes are not valid utf8
E0521 03:11:06.368612 12151 repo.go:340] failed to create patch for untracked file config/antigravity2/config/WebStorage/17/CacheStorage/630cf5e2-c3a0-4023-943e-e6338099f5ff/49d6dfc9ccac1af1_0: bytes are not valid utf8
E0521 03:11:06.368980 12151 repo.go:340] failed to create patch for untracked file config/antigravity2/config/WebStorage/17/CacheStorage/630cf5e2-c3a0-4023-943e-e6338099f5ff/4a9e42a44c5e6b46_0: bytes are not valid utf8
E0521 03:11:06.369278 12151 repo.go:340] failed to create patch for untracked file config/antigravity2/config/WebStorage/17/CacheStorage/630cf5e2-c3a0-4023-943e-e6338099f5ff/4b08d05e374a6993_0: bytes are not valid utf8
E0521 03:11:06.369571 12151 repo.go:340] failed to create patch for untracked file config/antigravity2/config/WebStorage/17/CacheStorage/630cf5e2-c3a0-4023-943e-e6338099f5ff/4c15e77e03f75359_0: bytes are not valid utf8
E0521 03:11:06.369917 12151 repo.go:340] failed to create patch for untracked file config/antigravity2/config/WebStorage/17/CacheStorage/630cf5e2-c3a0-4023-943e-e6338099f5ff/4cc3a69e66cc879a_0: bytes are not valid utf8
E0521 03:11:06.370223 12151 repo.go:340] failed to create patch for untracked file config/antigravity2/config/WebStorage/17/CacheStorage/630cf5e2-c3a0-4023-943e-e6338099f5ff/4f2eb441700231f7_0: bytes are not valid utf8
E0521 03:11:06.370520 12151 repo.go:340] failed to create patch for untracked file config/antigravity2/config/WebStorage/17/CacheStorage/630cf5e2-c3a0-4023-943e-e6338099f5ff/4f3e369cad9c7056_0: bytes are not valid utf8
E0521 03:11:06.371232 12151 repo.go:340] failed to create patch for untracked file config/antigravity2/config/WebStorage/17/CacheStorage/630cf5e2-c3a0-4023-943e-e6338099f5ff/5004802f12a6a8a8_0: bytes are not valid utf8
E0521 03:11:06.371530 12151 repo.go:340] failed to create patch for untracked file config/antigravity2/config/WebStorage/17/CacheStorage/630cf5e2-c3a0-4023-943e-e6338099f5ff/52a00d76d9fa2373_0: bytes are not valid utf8
E0521 03:11:06.371918 12151 repo.go:340] failed to create patch for untracked file config/antigravity2/config/WebStorage/17/CacheStorage/630cf5e2-c3a0-4023-943e-e6338099f5ff/564dae330b9b699b_0: bytes are not valid utf8
E0521 03:11:06.372275 12151 repo.go:340] failed to create patch for untracked file config/antigravity2/config/WebStorage/17/CacheStorage/630cf5e2-c3a0-4023-943e-e6338099f5ff/56be5488e4938d1d_0: bytes are not valid utf8
E0521 03:11:06.372549 12151 repo.go:340] failed to create patch for untracked file config/antigravity2/config/WebStorage/17/CacheStorage/630cf5e2-c3a0-4023-943e-e6338099f5ff/582d5b0c54529de2_0: bytes are not valid utf8
E0521 03:11:06.372850 12151 repo.go:340] failed to create patch for untracked file config/antigravity2/config/WebStorage/17/CacheStorage/630cf5e2-c3a0-4023-943e-e6338099f5ff/5855e8e60a4aeb2b_0: bytes are not valid utf8
E0521 03:11:06.373130 12151 repo.go:340] failed to create patch for untracked file config/antigravity2/config/WebStorage/17/CacheStorage/630cf5e2-c3a0-4023-943e-e6338099f5ff/597395f039a9add5_0: bytes are not valid utf8
E0521 03:11:06.373541 12151 repo.go:340] failed to create patch for untracked file config/antigravity2/config/WebStorage/17/CacheStorage/630cf5e2-c3a0-4023-943e-e6338099f5ff/5af66b40694caec1_0: bytes are not valid utf8
E0521 03:11:06.373842 12151 repo.go:340] failed to create patch for untracked file config/antigravity2/config/WebStorage/17/CacheStorage/630cf5e2-c3a0-4023-943e-e6338099f5ff/5c3a781882199dae_0: bytes are not valid utf8
E0521 03:11:06.374180 12151 repo.go:340] failed to create patch for untracked file config/antigravity2/config/WebStorage/17/CacheStorage/630cf5e2-c3a0-4023-943e-e6338099f5ff/5d6b440afbc96ffb_0: bytes are not valid utf8
E0521 03:11:06.374458 12151 repo.go:340] failed to create patch for untracked file config/antigravity2/config/WebStorage/17/CacheStorage/630cf5e2-c3a0-4023-943e-e6338099f5ff/5e2311fca371e26d_0: bytes are not valid utf8
E0521 03:11:06.374798 12151 repo.go:340] failed to create patch for untracked file config/antigravity2/config/WebStorage/17/CacheStorage/630cf5e2-c3a0-4023-943e-e6338099f5ff/5e6a7d3037bdc7a0_0: bytes are not valid utf8
E0521 03:11:06.375090 12151 repo.go:340] failed to create patch for untracked file config/antigravity2/config/WebStorage/17/CacheStorage/630cf5e2-c3a0-4023-943e-e6338099f5ff/60960354a4ff0d34_0: bytes are not valid utf8
E0521 03:11:06.375503 12151 repo.go:340] failed to create patch for untracked file config/antigravity2/config/WebStorage/17/CacheStorage/630cf5e2-c3a0-4023-943e-e6338099f5ff/625a75c3014c9483_0: bytes are not valid utf8
E0521 03:11:06.375853 12151 repo.go:340] failed to create patch for untracked file config/antigravity2/config/WebStorage/17/CacheStorage/630cf5e2-c3a0-4023-943e-e6338099f5ff/62db37912b8db987_0: bytes are not valid utf8
E0521 03:11:06.376145 12151 repo.go:340] failed to create patch for untracked file config/antigravity2/config/WebStorage/17/CacheStorage/630cf5e2-c3a0-4023-943e-e6338099f5ff/64be25f249265aa0_0: bytes are not valid utf8
E0521 03:11:06.376452 12151 repo.go:340] failed to create patch for untracked file config/antigravity2/config/WebStorage/17/CacheStorage/630cf5e2-c3a0-4023-943e-e6338099f5ff/6542f3ec1f23ebec_0: bytes are not valid utf8
E0521 03:11:06.376750 12151 repo.go:340] failed to create patch for untracked file config/antigravity2/config/WebStorage/17/CacheStorage/630cf5e2-c3a0-4023-943e-e6338099f5ff/6675aa5c43010f49_0: bytes are not valid utf8
E0521 03:11:06.377332 12151 repo.go:340] failed to create patch for untracked file config/antigravity2/config/WebStorage/17/CacheStorage/630cf5e2-c3a0-4023-943e-e6338099f5ff/669983f95d4ddac4_0: bytes are not valid utf8
E0521 03:11:06.377624 12151 repo.go:340] failed to create patch for untracked file config/antigravity2/config/WebStorage/17/CacheStorage/630cf5e2-c3a0-4023-943e-e6338099f5ff/675578acd1343c13_0: bytes are not valid utf8
E0521 03:11:06.377983 12151 repo.go:340] failed to create patch for untracked file config/antigravity2/config/WebStorage/17/CacheStorage/630cf5e2-c3a0-4023-943e-e6338099f5ff/67a6c65c562152fe_0: bytes are not valid utf8
E0521 03:11:06.378268 12151 repo.go:340] failed to create patch for untracked file config/antigravity2/config/WebStorage/17/CacheStorage/630cf5e2-c3a0-4023-943e-e6338099f5ff/68fe8d0e42b99b23_0: bytes are not valid utf8
E0521 03:11:06.378726 12151 repo.go:340] failed to create patch for untracked file config/antigravity2/config/WebStorage/17/CacheStorage/630cf5e2-c3a0-4023-943e-e6338099f5ff/69eb70b3f45475cf_0: bytes are not valid utf8
E0521 03:11:06.379450 12151 repo.go:340] failed to create patch for untracked file config/antigravity2/config/WebStorage/17/CacheStorage/630cf5e2-c3a0-4023-943e-e6338099f5ff/6a2655116f86f657_0: bytes are not valid utf8
E0521 03:11:06.379755 12151 repo.go:340] failed to create patch for untracked file config/antigravity2/config/WebStorage/17/CacheStorage/630cf5e2-c3a0-4023-943e-e6338099f5ff/6b309e24a3a835e2_0: bytes are not valid utf8
E0521 03:11:06.380097 12151 repo.go:340] failed to create patch for untracked file config/antigravity2/config/WebStorage/17/CacheStorage/630cf5e2-c3a0-4023-943e-e6338099f5ff/6f19740547407e6e_0: bytes are not valid utf8
E0521 03:11:06.380389 12151 repo.go:340] failed to create patch for untracked file config/antigravity2/config/WebStorage/17/CacheStorage/630cf5e2-c3a0-4023-943e-e6338099f5ff/6f7ebd36624dd4f2_0: bytes are not valid utf8
E0521 03:11:06.380681 12151 repo.go:340] failed to create patch for untracked file config/antigravity2/config/WebStorage/17/CacheStorage/630cf5e2-c3a0-4023-943e-e6338099f5ff/70e50b0a4f88f8a9_0: bytes are not valid utf8
E0521 03:11:06.380965 12151 repo.go:340] failed to create patch for untracked file config/antigravity2/config/WebStorage/17/CacheStorage/630cf5e2-c3a0-4023-943e-e6338099f5ff/70fa6f053b7d57ac_0: bytes are not valid utf8
E0521 03:11:06.381257 12151 repo.go:340] failed to create patch for untracked file config/antigravity2/config/WebStorage/17/CacheStorage/630cf5e2-c3a0-4023-943e-e6338099f5ff/713d69ab3a3ef18f_0: bytes are not valid utf8
E0521 03:11:06.381539 12151 repo.go:340] failed to create patch for untracked file config/antigravity2/config/WebStorage/17/CacheStorage/630cf5e2-c3a0-4023-943e-e6338099f5ff/7164710d79c38c9e_0: bytes are not valid utf8
E0521 03:11:06.381820 12151 repo.go:340] failed to create patch for untracked file config/antigravity2/config/WebStorage/17/CacheStorage/630cf5e2-c3a0-4023-943e-e6338099f5ff/71e3ae6912c67685_0: bytes are not valid utf8
E0521 03:11:06.382108 12151 repo.go:340] failed to create patch for untracked file config/antigravity2/config/WebStorage/17/CacheStorage/630cf5e2-c3a0-4023-943e-e6338099f5ff/72fa636d6d2b9778_0: bytes are not valid utf8
E0521 03:11:06.382406 12151 repo.go:340] failed to create patch for untracked file config/antigravity2/config/WebStorage/17/CacheStorage/630cf5e2-c3a0-4023-943e-e6338099f5ff/74612e2ed01fb25e_0: bytes are not valid utf8
E0521 03:11:06.382697 12151 repo.go:340] failed to create patch for untracked file config/antigravity2/config/WebStorage/17/CacheStorage/630cf5e2-c3a0-4023-943e-e6338099f5ff/74e8d22c87175412_0: bytes are not valid utf8
E0521 03:11:06.382988 12151 repo.go:340] failed to create patch for untracked file config/antigravity2/config/WebStorage/17/CacheStorage/630cf5e2-c3a0-4023-943e-e6338099f5ff/751d20232aa9f28e_0: bytes are not valid utf8
E0521 03:11:06.383429 12151 repo.go:340] failed to create patch for untracked file config/antigravity2/config/WebStorage/17/CacheStorage/630cf5e2-c3a0-4023-943e-e6338099f5ff/75aba5142681aa20_0: bytes are not valid utf8
E0521 03:11:06.383724 12151 repo.go:340] failed to create patch for untracked file config/antigravity2/config/WebStorage/17/CacheStorage/630cf5e2-c3a0-4023-943e-e6338099f5ff/7679401a92c92db6_0: bytes are not valid utf8
E0521 03:11:06.384014 12151 repo.go:340] failed to create patch for untracked file config/antigravity2/config/WebStorage/17/CacheStorage/630cf5e2-c3a0-4023-943e-e6338099f5ff/777e40ef26bbe922_0: bytes are not valid utf8
E0521 03:11:06.384374 12151 repo.go:340] failed to create patch for untracked file config/antigravity2/config/WebStorage/17/CacheStorage/630cf5e2-c3a0-4023-943e-e6338099f5ff/789e7c4a05f8a2f1_0: bytes are not valid utf8
E0521 03:11:06.384677 12151 repo.go:340] failed to create patch for untracked file config/antigravity2/config/WebStorage/17/CacheStorage/630cf5e2-c3a0-4023-943e-e6338099f5ff/79fd62d44e1f7b53_0: bytes are not valid utf8
E0521 03:11:06.384954 12151 repo.go:340] failed to create patch for untracked file config/antigravity2/config/WebStorage/17/CacheStorage/630cf5e2-c3a0-4023-943e-e6338099f5ff/7b4ee6442617cc55_0: bytes are not valid utf8
E0521 03:11:06.385300 12151 repo.go:340] failed to create patch for untracked file config/antigravity2/config/WebStorage/17/CacheStorage/630cf5e2-c3a0-4023-943e-e6338099f5ff/7ce19d3740755019_0: bytes are not valid utf8
E0521 03:11:06.385607 12151 repo.go:340] failed to create patch for untracked file config/antigravity2/config/WebStorage/17/CacheStorage/630cf5e2-c3a0-4023-943e-e6338099f5ff/7e19a54c42cdf610_0: bytes are not valid utf8
E0521 03:11:06.385897 12151 repo.go:340] failed to create patch for untracked file config/antigravity2/config/WebStorage/17/CacheStorage/630cf5e2-c3a0-4023-943e-e6338099f5ff/7f6ca20c37344e23_0: bytes are not valid utf8
E0521 03:11:06.386246 12151 repo.go:340] failed to create patch for untracked file config/antigravity2/config/WebStorage/17/CacheStorage/630cf5e2-c3a0-4023-943e-e6338099f5ff/806fc17cab94780f_0: bytes are not valid utf8
E0521 03:11:06.386760 12151 repo.go:340] failed to create patch for untracked file config/antigravity2/config/WebStorage/17/CacheStorage/630cf5e2-c3a0-4023-943e-e6338099f5ff/822ba50f509b97f7_0: bytes are not valid utf8
E0521 03:11:06.387049 12151 repo.go:340] failed to create patch for untracked file config/antigravity2/config/WebStorage/17/CacheStorage/630cf5e2-c3a0-4023-943e-e6338099f5ff/835d3e3504e1f0d5_0: bytes are not valid utf8
E0521 03:11:06.390066 12151 repo.go:340] failed to create patch for untracked file config/antigravity2/config/WebStorage/17/CacheStorage/630cf5e2-c3a0-4023-943e-e6338099f5ff/83b00035bb093030_0: bytes are not valid utf8
E0521 03:11:06.392361 12151 repo.go:340] failed to create patch for untracked file config/antigravity2/config/WebStorage/17/CacheStorage/630cf5e2-c3a0-4023-943e-e6338099f5ff/83f51ce50e8ad0e2_0: bytes are not valid utf8
E0521 03:11:06.392702 12151 repo.go:340] failed to create patch for untracked file config/antigravity2/config/WebStorage/17/CacheStorage/630cf5e2-c3a0-4023-943e-e6338099f5ff/8531b4e263910e38_0: bytes are not valid utf8
E0521 03:11:06.393053 12151 repo.go:340] failed to create patch for untracked file config/antigravity2/config/WebStorage/17/CacheStorage/630cf5e2-c3a0-4023-943e-e6338099f5ff/85aed5b16e7a1d6b_0: bytes are not valid utf8
E0521 03:11:06.393437 12151 repo.go:340] failed to create patch for untracked file config/antigravity2/config/WebStorage/17/CacheStorage/630cf5e2-c3a0-4023-943e-e6338099f5ff/861b153cbb6cecaf_0: bytes are not valid utf8
E0521 03:11:06.394042 12151 repo.go:340] failed to create patch for untracked file config/antigravity2/config/WebStorage/17/CacheStorage/630cf5e2-c3a0-4023-943e-e6338099f5ff/869c63c58967a67d_0: bytes are not valid utf8
E0521 03:11:06.394388 12151 repo.go:340] failed to create patch for untracked file config/antigravity2/config/WebStorage/17/CacheStorage/630cf5e2-c3a0-4023-943e-e6338099f5ff/86a95b153a7fe1c6_0: bytes are not valid utf8
E0521 03:11:06.394789 12151 repo.go:340] failed to create patch for untracked file config/antigravity2/config/WebStorage/17/CacheStorage/630cf5e2-c3a0-4023-943e-e6338099f5ff/8797d452019fb14e_0: bytes are not valid utf8
E0521 03:11:06.395111 12151 repo.go:340] failed to create patch for untracked file config/antigravity2/config/WebStorage/17/CacheStorage/630cf5e2-c3a0-4023-943e-e6338099f5ff/892ba933ab16d766_0: bytes are not valid utf8
E0521 03:11:06.395403 12151 repo.go:340] failed to create patch for untracked file config/antigravity2/config/WebStorage/17/CacheStorage/630cf5e2-c3a0-4023-943e-e6338099f5ff/8947f858d1f5e025_0: bytes are not valid utf8
E0521 03:11:06.395712 12151 repo.go:340] failed to create patch for untracked file config/antigravity2/config/WebStorage/17/CacheStorage/630cf5e2-c3a0-4023-943e-e6338099f5ff/896268ceef4cdd34_0: bytes are not valid utf8
E0521 03:11:06.396069 12151 repo.go:340] failed to create patch for untracked file config/antigravity2/config/WebStorage/17/CacheStorage/630cf5e2-c3a0-4023-943e-e6338099f5ff/899aadd0dc9cb7f4_0: bytes are not valid utf8
E0521 03:11:06.396363 12151 repo.go:340] failed to create patch for untracked file config/antigravity2/config/WebStorage/17/CacheStorage/630cf5e2-c3a0-4023-943e-e6338099f5ff/89c19ffd7e7da6cc_0: bytes are not valid utf8
E0521 03:11:06.396661 12151 repo.go:340] failed to create patch for untracked file config/antigravity2/config/WebStorage/17/CacheStorage/630cf5e2-c3a0-4023-943e-e6338099f5ff/8ce48b9841332289_0: bytes are not valid utf8
E0521 03:11:06.396967 12151 repo.go:340] failed to create patch for untracked file config/antigravity2/config/WebStorage/17/CacheStorage/630cf5e2-c3a0-4023-943e-e6338099f5ff/8ce5be85c9e2bc30_0: bytes are not valid utf8
E0521 03:11:06.397243 12151 repo.go:340] failed to create patch for untracked file config/antigravity2/config/WebStorage/17/CacheStorage/630cf5e2-c3a0-4023-943e-e6338099f5ff/8cfaf5c6f8529a56_0: bytes are not valid utf8
E0521 03:11:06.397688 12151 repo.go:340] failed to create patch for untracked file config/antigravity2/config/WebStorage/17/CacheStorage/630cf5e2-c3a0-4023-943e-e6338099f5ff/8d691f960e8a3906_0: bytes are not valid utf8
E0521 03:11:06.397970 12151 repo.go:340] failed to create patch for untracked file config/antigravity2/config/WebStorage/17/CacheStorage/630cf5e2-c3a0-4023-943e-e6338099f5ff/8de01fb16c7e0452_0: bytes are not valid utf8
E0521 03:11:06.398269 12151 repo.go:340] failed to create patch for untracked file config/antigravity2/config/WebStorage/17/CacheStorage/630cf5e2-c3a0-4023-943e-e6338099f5ff/8e198f8c8d5069bc_0: bytes are not valid utf8
E0521 03:11:06.398552 12151 repo.go:340] failed to create patch for untracked file config/antigravity2/config/WebStorage/17/CacheStorage/630cf5e2-c3a0-4023-943e-e6338099f5ff/8e3952326da5bb3d_0: bytes are not valid utf8
E0521 03:11:06.398905 12151 repo.go:340] failed to create patch for untracked file config/antigravity2/config/WebStorage/17/CacheStorage/630cf5e2-c3a0-4023-943e-e6338099f5ff/8e4ea2c87bb35a10_0: bytes are not valid utf8
E0521 03:11:06.399174 12151 repo.go:340] failed to create patch for untracked file config/antigravity2/config/WebStorage/17/CacheStorage/630cf5e2-c3a0-4023-943e-e6338099f5ff/8e82f081ba108d3c_0: bytes are not valid utf8
E0521 03:11:06.399465 12151 repo.go:340] failed to create patch for untracked file config/antigravity2/config/WebStorage/17/CacheStorage/630cf5e2-c3a0-4023-943e-e6338099f5ff/8e9cb70ea928b8df_0: bytes are not valid utf8
E0521 03:11:06.399756 12151 repo.go:340] failed to create patch for untracked file config/antigravity2/config/WebStorage/17/CacheStorage/630cf5e2-c3a0-4023-943e-e6338099f5ff/8f486198f1992e4a_0: bytes are not valid utf8
E0521 03:11:06.400036 12151 repo.go:340] failed to create patch for untracked file config/antigravity2/config/WebStorage/17/CacheStorage/630cf5e2-c3a0-4023-943e-e6338099f5ff/90dede0f29e88390_0: bytes are not valid utf8
E0521 03:11:06.400341 12151 repo.go:340] failed to create patch for untracked file config/antigravity2/config/WebStorage/17/CacheStorage/630cf5e2-c3a0-4023-943e-e6338099f5ff/91be3f1ad172388c_0: bytes are not valid utf8
E0521 03:11:06.400983 12151 repo.go:340] failed to create patch for untracked file config/antigravity2/config/WebStorage/17/CacheStorage/630cf5e2-c3a0-4023-943e-e6338099f5ff/92c07bc6e83545e1_0: bytes are not valid utf8
E0521 03:11:06.401348 12151 repo.go:340] failed to create patch for untracked file config/antigravity2/config/WebStorage/17/CacheStorage/630cf5e2-c3a0-4023-943e-e6338099f5ff/92f47b33317d7d6c_0: bytes are not valid utf8
E0521 03:11:06.401644 12151 repo.go:340] failed to create patch for untracked file config/antigravity2/config/WebStorage/17/CacheStorage/630cf5e2-c3a0-4023-943e-e6338099f5ff/931cbcf6d292df39_0: bytes are not valid utf8
E0521 03:11:06.401962 12151 repo.go:340] failed to create patch for untracked file config/antigravity2/config/WebStorage/17/CacheStorage/630cf5e2-c3a0-4023-943e-e6338099f5ff/94207531ec63f4e6_0: bytes are not valid utf8
E0521 03:11:06.402372 12151 repo.go:340] failed to create patch for untracked file config/antigravity2/config/WebStorage/17/CacheStorage/630cf5e2-c3a0-4023-943e-e6338099f5ff/9501f35c4807e12a_0: bytes are not valid utf8
E0521 03:11:06.402654 12151 repo.go:340] failed to create patch for untracked file config/antigravity2/config/WebStorage/17/CacheStorage/630cf5e2-c3a0-4023-943e-e6338099f5ff/96f1d100539e260c_0: bytes are not valid utf8
E0521 03:11:06.402965 12151 repo.go:340] failed to create patch for untracked file config/antigravity2/config/WebStorage/17/CacheStorage/630cf5e2-c3a0-4023-943e-e6338099f5ff/97e83fe9bb13894c_0: bytes are not valid utf8
E0521 03:11:06.403699 12151 repo.go:340] failed to create patch for untracked file config/antigravity2/config/WebStorage/17/CacheStorage/630cf5e2-c3a0-4023-943e-e6338099f5ff/97f1b87c4375f54b_0: bytes are not valid utf8
E0521 03:11:06.404465 12151 repo.go:340] failed to create patch for untracked file config/antigravity2/config/WebStorage/17/CacheStorage/630cf5e2-c3a0-4023-943e-e6338099f5ff/98d8dd6b51f5684c_0: bytes are not valid utf8
E0521 03:11:06.404972 12151 repo.go:340] failed to create patch for untracked file config/antigravity2/config/WebStorage/17/CacheStorage/630cf5e2-c3a0-4023-943e-e6338099f5ff/99b6fb3e70ea928d_0: bytes are not valid utf8
E0521 03:11:06.405305 12151 repo.go:340] failed to create patch for untracked file config/antigravity2/config/WebStorage/17/CacheStorage/630cf5e2-c3a0-4023-943e-e6338099f5ff/9add35521b82163b_0: bytes are not valid utf8
E0521 03:11:06.405968 12151 repo.go:340] failed to create patch for untracked file config/antigravity2/config/WebStorage/17/CacheStorage/630cf5e2-c3a0-4023-943e-e6338099f5ff/9bfdd9dc873187ad_0: bytes are not valid utf8
E0521 03:11:06.406316 12151 repo.go:340] failed to create patch for untracked file config/antigravity2/config/WebStorage/17/CacheStorage/630cf5e2-c3a0-4023-943e-e6338099f5ff/9d4588827ceb7a38_0: bytes are not valid utf8
E0521 03:11:06.407071 12151 repo.go:340] failed to create patch for untracked file config/antigravity2/config/WebStorage/17/CacheStorage/630cf5e2-c3a0-4023-943e-e6338099f5ff/9d88e7896e476a33_0: bytes are not valid utf8
E0521 03:11:06.407422 12151 repo.go:340] failed to create patch for untracked file config/antigravity2/config/WebStorage/17/CacheStorage/630cf5e2-c3a0-4023-943e-e6338099f5ff/9e5f739a6a1aceda_0: bytes are not valid utf8
E0521 03:11:06.407842 12151 repo.go:340] failed to create patch for untracked file config/antigravity2/config/WebStorage/17/CacheStorage/630cf5e2-c3a0-4023-943e-e6338099f5ff/9eec8cf6c0b56a8f_0: bytes are not valid utf8
E0521 03:11:06.408221 12151 repo.go:340] failed to create patch for untracked file config/antigravity2/config/WebStorage/17/CacheStorage/630cf5e2-c3a0-4023-943e-e6338099f5ff/a08732a275cf4777_0: bytes are not valid utf8
E0521 03:11:06.408676 12151 repo.go:340] failed to create patch for untracked file config/antigravity2/config/WebStorage/17/CacheStorage/630cf5e2-c3a0-4023-943e-e6338099f5ff/a0de23473ef3021e_0: bytes are not valid utf8
E0521 03:11:06.408990 12151 repo.go:340] failed to create patch for untracked file config/antigravity2/config/WebStorage/17/CacheStorage/630cf5e2-c3a0-4023-943e-e6338099f5ff/a14a85a54861a084_0: bytes are not valid utf8
E0521 03:11:06.409741 12151 repo.go:340] failed to create patch for untracked file config/antigravity2/config/WebStorage/17/CacheStorage/630cf5e2-c3a0-4023-943e-e6338099f5ff/a169f3b4ed733426_0: bytes are not valid utf8
E0521 03:11:06.410030 12151 repo.go:340] failed to create patch for untracked file config/antigravity2/config/WebStorage/17/CacheStorage/630cf5e2-c3a0-4023-943e-e6338099f5ff/a189ed2cd58f7fbf_0: bytes are not valid utf8
E0521 03:11:06.410814 12151 repo.go:340] failed to create patch for untracked file config/antigravity2/config/WebStorage/17/CacheStorage/630cf5e2-c3a0-4023-943e-e6338099f5ff/a2c99c59947f2002_0: bytes are not valid utf8
E0521 03:11:06.411120 12151 repo.go:340] failed to create patch for untracked file config/antigravity2/config/WebStorage/17/CacheStorage/630cf5e2-c3a0-4023-943e-e6338099f5ff/a3ffe8dc0c4aaaff_0: bytes are not valid utf8
E0521 03:11:06.411390 12151 repo.go:340] failed to create patch for untracked file config/antigravity2/config/WebStorage/17/CacheStorage/630cf5e2-c3a0-4023-943e-e6338099f5ff/a40f93c23a5a73fd_0: bytes are not valid utf8
E0521 03:11:06.411815 12151 repo.go:340] failed to create patch for untracked file config/antigravity2/config/WebStorage/17/CacheStorage/630cf5e2-c3a0-4023-943e-e6338099f5ff/a4226987d6ce382e_0: bytes are not valid utf8
E0521 03:11:06.412102 12151 repo.go:340] failed to create patch for untracked file config/antigravity2/config/WebStorage/17/CacheStorage/630cf5e2-c3a0-4023-943e-e6338099f5ff/a48c94607d96fb0c_0: bytes are not valid utf8
E0521 03:11:06.412822 12151 repo.go:340] failed to create patch for untracked file config/antigravity2/config/WebStorage/17/CacheStorage/630cf5e2-c3a0-4023-943e-e6338099f5ff/a533d062a49e3023_0: bytes are not valid utf8
E0521 03:11:06.413174 12151 repo.go:340] failed to create patch for untracked file config/antigravity2/config/WebStorage/17/CacheStorage/630cf5e2-c3a0-4023-943e-e6338099f5ff/a5a5ebc311ab15fa_0: bytes are not valid utf8
E0521 03:11:06.413474 12151 repo.go:340] failed to create patch for untracked file config/antigravity2/config/WebStorage/17/CacheStorage/630cf5e2-c3a0-4023-943e-e6338099f5ff/a5c5928473a335e9_0: bytes are not valid utf8
E0521 03:11:06.413766 12151 repo.go:340] failed to create patch for untracked file config/antigravity2/config/WebStorage/17/CacheStorage/630cf5e2-c3a0-4023-943e-e6338099f5ff/a5ce6b3b56f877ae_0: bytes are not valid utf8
E0521 03:11:06.414057 12151 repo.go:340] failed to create patch for untracked file config/antigravity2/config/WebStorage/17/CacheStorage/630cf5e2-c3a0-4023-943e-e6338099f5ff/a5e764df7f8446f8_0: bytes are not valid utf8
E0521 03:11:06.414340 12151 repo.go:340] failed to create patch for untracked file config/antigravity2/config/WebStorage/17/CacheStorage/630cf5e2-c3a0-4023-943e-e6338099f5ff/a63a120d1c1c85c7_0: bytes are not valid utf8
E0521 03:11:06.414631 12151 repo.go:340] failed to create patch for untracked file config/antigravity2/config/WebStorage/17/CacheStorage/630cf5e2-c3a0-4023-943e-e6338099f5ff/a827983fa1eda4fe_0: bytes are not valid utf8
E0521 03:11:06.414965 12151 repo.go:340] failed to create patch for untracked file config/antigravity2/config/WebStorage/17/CacheStorage/630cf5e2-c3a0-4023-943e-e6338099f5ff/a8a33741fded3989_0: bytes are not valid utf8
E0521 03:11:06.415263 12151 repo.go:340] failed to create patch for untracked file config/antigravity2/config/WebStorage/17/CacheStorage/630cf5e2-c3a0-4023-943e-e6338099f5ff/aa172be1613efa63_0: bytes are not valid utf8
E0521 03:11:06.415551 12151 repo.go:340] failed to create patch for untracked file config/antigravity2/config/WebStorage/17/CacheStorage/630cf5e2-c3a0-4023-943e-e6338099f5ff/aa61d53797bfaf83_0: bytes are not valid utf8
E0521 03:11:06.415839 12151 repo.go:340] failed to create patch for untracked file config/antigravity2/config/WebStorage/17/CacheStorage/630cf5e2-c3a0-4023-943e-e6338099f5ff/aab37167f097b4b7_0: bytes are not valid utf8
E0521 03:11:06.416118 12151 repo.go:340] failed to create patch for untracked file config/antigravity2/config/WebStorage/17/CacheStorage/630cf5e2-c3a0-4023-943e-e6338099f5ff/abdceade56e0b0eb_0: bytes are not valid utf8
E0521 03:11:06.416393 12151 repo.go:340] failed to create patch for untracked file config/antigravity2/config/WebStorage/17/CacheStorage/630cf5e2-c3a0-4023-943e-e6338099f5ff/ad05b993c4441a31_0: bytes are not valid utf8
E0521 03:11:06.416703 12151 repo.go:340] failed to create patch for untracked file config/antigravity2/config/WebStorage/17/CacheStorage/630cf5e2-c3a0-4023-943e-e6338099f5ff/ad79143d2e54bbdf_0: bytes are not valid utf8
E0521 03:11:06.416997 12151 repo.go:340] failed to create patch for untracked file config/antigravity2/config/WebStorage/17/CacheStorage/630cf5e2-c3a0-4023-943e-e6338099f5ff/adcd7af230f91c98_0: bytes are not valid utf8
E0521 03:11:06.417297 12151 repo.go:340] failed to create patch for untracked file config/antigravity2/config/WebStorage/17/CacheStorage/630cf5e2-c3a0-4023-943e-e6338099f5ff/ae266e04031a2753_0: bytes are not valid utf8
E0521 03:11:06.417820 12151 repo.go:340] failed to create patch for untracked file config/antigravity2/config/WebStorage/17/CacheStorage/630cf5e2-c3a0-4023-943e-e6338099f5ff/af4d824366d2e525_0: bytes are not valid utf8
E0521 03:11:06.418442 12151 repo.go:340] failed to create patch for untracked file config/antigravity2/config/WebStorage/17/CacheStorage/630cf5e2-c3a0-4023-943e-e6338099f5ff/b0867956b99c32ac_0: bytes are not valid utf8
E0521 03:11:06.418724 12151 repo.go:340] failed to create patch for untracked file config/antigravity2/config/WebStorage/17/CacheStorage/630cf5e2-c3a0-4023-943e-e6338099f5ff/b094d090867718e5_0: bytes are not valid utf8
E0521 03:11:06.419085 12151 repo.go:340] failed to create patch for untracked file config/antigravity2/config/WebStorage/17/CacheStorage/630cf5e2-c3a0-4023-943e-e6338099f5ff/b12df05c99cb0418_0: bytes are not valid utf8
E0521 03:11:06.419388 12151 repo.go:340] failed to create patch for untracked file config/antigravity2/config/WebStorage/17/CacheStorage/630cf5e2-c3a0-4023-943e-e6338099f5ff/b17cc3c1ad444080_0: bytes are not valid utf8
E0521 03:11:06.419711 12151 repo.go:340] failed to create patch for untracked file config/antigravity2/config/WebStorage/17/CacheStorage/630cf5e2-c3a0-4023-943e-e6338099f5ff/b23acba5246cff7e_0: bytes are not valid utf8
E0521 03:11:06.419989 12151 repo.go:340] failed to create patch for untracked file config/antigravity2/config/WebStorage/17/CacheStorage/630cf5e2-c3a0-4023-943e-e6338099f5ff/b29c4b8b54e50c4a_0: bytes are not valid utf8
E0521 03:11:06.420351 12151 repo.go:340] failed to create patch for untracked file config/antigravity2/config/WebStorage/17/CacheStorage/630cf5e2-c3a0-4023-943e-e6338099f5ff/b2c9222a31bb568a_0: bytes are not valid utf8
E0521 03:11:06.420646 12151 repo.go:340] failed to create patch for untracked file config/antigravity2/config/WebStorage/17/CacheStorage/630cf5e2-c3a0-4023-943e-e6338099f5ff/b2cc63b37b78dac7_0: bytes are not valid utf8
E0521 03:11:06.420987 12151 repo.go:340] failed to create patch for untracked file config/antigravity2/config/WebStorage/17/CacheStorage/630cf5e2-c3a0-4023-943e-e6338099f5ff/b30ed6ed30776a86_0: bytes are not valid utf8
E0521 03:11:06.421262 12151 repo.go:340] failed to create patch for untracked file config/antigravity2/config/WebStorage/17/CacheStorage/630cf5e2-c3a0-4023-943e-e6338099f5ff/b3177bd0e1ff6835_0: bytes are not valid utf8
E0521 03:11:06.421615 12151 repo.go:340] failed to create patch for untracked file config/antigravity2/config/WebStorage/17/CacheStorage/630cf5e2-c3a0-4023-943e-e6338099f5ff/b32c1eefb3ccee07_0: bytes are not valid utf8
E0521 03:11:06.421923 12151 repo.go:340] failed to create patch for untracked file config/antigravity2/config/WebStorage/17/CacheStorage/630cf5e2-c3a0-4023-943e-e6338099f5ff/b437fc7df3ce8ce9_0: bytes are not valid utf8
E0521 03:11:06.422213 12151 repo.go:340] failed to create patch for untracked file config/antigravity2/config/WebStorage/17/CacheStorage/630cf5e2-c3a0-4023-943e-e6338099f5ff/b5200e12d073041e_0: bytes are not valid utf8
E0521 03:11:06.422509 12151 repo.go:340] failed to create patch for untracked file config/antigravity2/config/WebStorage/17/CacheStorage/630cf5e2-c3a0-4023-943e-e6338099f5ff/b54168e444356041_0: bytes are not valid utf8
E0521 03:11:06.422858 12151 repo.go:340] failed to create patch for untracked file config/antigravity2/config/WebStorage/17/CacheStorage/630cf5e2-c3a0-4023-943e-e6338099f5ff/b56b73a597341571_0: bytes are not valid utf8
E0521 03:11:06.423142 12151 repo.go:340] failed to create patch for untracked file config/antigravity2/config/WebStorage/17/CacheStorage/630cf5e2-c3a0-4023-943e-e6338099f5ff/b6be2dbe22751ddc_0: bytes are not valid utf8
E0521 03:11:06.423531 12151 repo.go:340] failed to create patch for untracked file config/antigravity2/config/WebStorage/17/CacheStorage/630cf5e2-c3a0-4023-943e-e6338099f5ff/b76a0e9c94b58d82_0: bytes are not valid utf8
E0521 03:11:06.423832 12151 repo.go:340] failed to create patch for untracked file config/antigravity2/config/WebStorage/17/CacheStorage/630cf5e2-c3a0-4023-943e-e6338099f5ff/b7c2cee809d97c72_0: bytes are not valid utf8
E0521 03:11:06.424331 12151 repo.go:340] failed to create patch for untracked file config/antigravity2/config/WebStorage/17/CacheStorage/630cf5e2-c3a0-4023-943e-e6338099f5ff/b8140b7ebcb94b9f_0: bytes are not valid utf8
E0521 03:11:06.424680 12151 repo.go:340] failed to create patch for untracked file config/antigravity2/config/WebStorage/17/CacheStorage/630cf5e2-c3a0-4023-943e-e6338099f5ff/b8b668fec4fcfc14_0: bytes are not valid utf8
E0521 03:11:06.424999 12151 repo.go:340] failed to create patch for untracked file config/antigravity2/config/WebStorage/17/CacheStorage/630cf5e2-c3a0-4023-943e-e6338099f5ff/b8b9f09cbde2fb92_0: bytes are not valid utf8
E0521 03:11:06.425366 12151 repo.go:340] failed to create patch for untracked file config/antigravity2/config/WebStorage/17/CacheStorage/630cf5e2-c3a0-4023-943e-e6338099f5ff/baad25a85d85dd10_0: bytes are not valid utf8
E0521 03:11:06.425814 12151 repo.go:340] failed to create patch for untracked file config/antigravity2/config/WebStorage/17/CacheStorage/630cf5e2-c3a0-4023-943e-e6338099f5ff/bb42cbeeb167543c_0: bytes are not valid utf8
E0521 03:11:06.428094 12151 repo.go:340] failed to create patch for untracked file config/antigravity2/config/WebStorage/17/CacheStorage/630cf5e2-c3a0-4023-943e-e6338099f5ff/bcaf263449ffdc0a_0: bytes are not valid utf8
E0521 03:11:06.429521 12151 repo.go:340] failed to create patch for untracked file config/antigravity2/config/WebStorage/17/CacheStorage/630cf5e2-c3a0-4023-943e-e6338099f5ff/bcb290af2da80f35_0: bytes are not valid utf8
E0521 03:11:06.429809 12151 repo.go:340] failed to create patch for untracked file config/antigravity2/config/WebStorage/17/CacheStorage/630cf5e2-c3a0-4023-943e-e6338099f5ff/bcc8857e344f6f0e_0: bytes are not valid utf8
E0521 03:11:06.430306 12151 repo.go:340] failed to create patch for untracked file config/antigravity2/config/WebStorage/17/CacheStorage/630cf5e2-c3a0-4023-943e-e6338099f5ff/bf01ccff3f2e2aaf_0: bytes are not valid utf8
E0521 03:11:06.431276 12151 repo.go:340] failed to create patch for untracked file config/antigravity2/config/WebStorage/17/CacheStorage/630cf5e2-c3a0-4023-943e-e6338099f5ff/bf212658f03638c8_0: bytes are not valid utf8
E0521 03:11:06.431627 12151 repo.go:340] failed to create patch for untracked file config/antigravity2/config/WebStorage/17/CacheStorage/630cf5e2-c3a0-4023-943e-e6338099f5ff/bfebdb19bc71ed3f_0: bytes are not valid utf8
E0521 03:11:06.432621 12151 repo.go:340] failed to create patch for untracked file config/antigravity2/config/WebStorage/17/CacheStorage/630cf5e2-c3a0-4023-943e-e6338099f5ff/c02f8cb05932ba72_0: bytes are not valid utf8
E0521 03:11:06.433570 12151 repo.go:340] failed to create patch for untracked file config/antigravity2/config/WebStorage/17/CacheStorage/630cf5e2-c3a0-4023-943e-e6338099f5ff/c05b6925beb5d4c5_0: bytes are not valid utf8
E0521 03:11:06.433936 12151 repo.go:340] failed to create patch for untracked file config/antigravity2/config/WebStorage/17/CacheStorage/630cf5e2-c3a0-4023-943e-e6338099f5ff/c12a5b22c1ef7251_0: bytes are not valid utf8
E0521 03:11:06.434888 12151 repo.go:340] failed to create patch for untracked file config/antigravity2/config/WebStorage/17/CacheStorage/630cf5e2-c3a0-4023-943e-e6338099f5ff/c14eb06496101b8c_0: bytes are not valid utf8
E0521 03:11:06.435364 12151 repo.go:340] failed to create patch for untracked file config/antigravity2/config/WebStorage/17/CacheStorage/630cf5e2-c3a0-4023-943e-e6338099f5ff/c2240f23992abc9e_0: bytes are not valid utf8
E0521 03:11:06.436323 12151 repo.go:340] failed to create patch for untracked file config/antigravity2/config/WebStorage/17/CacheStorage/630cf5e2-c3a0-4023-943e-e6338099f5ff/c35557894c29d454_0: bytes are not valid utf8
E0521 03:11:06.436568 12151 repo.go:340] failed to create patch for untracked file config/antigravity2/config/WebStorage/17/CacheStorage/630cf5e2-c3a0-4023-943e-e6338099f5ff/c7278d1b84e2be1c_0: bytes are not valid utf8
E0521 03:11:06.436828 12151 repo.go:340] failed to create patch for untracked file config/antigravity2/config/WebStorage/17/CacheStorage/630cf5e2-c3a0-4023-943e-e6338099f5ff/c7e9aa30e266971f_0: bytes are not valid utf8
E0521 03:11:06.437074 12151 repo.go:340] failed to create patch for untracked file config/antigravity2/config/WebStorage/17/CacheStorage/630cf5e2-c3a0-4023-943e-e6338099f5ff/c881c67363771471_0: bytes are not valid utf8
E0521 03:11:06.437317 12151 repo.go:340] failed to create patch for untracked file config/antigravity2/config/WebStorage/17/CacheStorage/630cf5e2-c3a0-4023-943e-e6338099f5ff/c8fd9d733e03fc6d_0: bytes are not valid utf8
E0521 03:11:06.437576 12151 repo.go:340] failed to create patch for untracked file config/antigravity2/config/WebStorage/17/CacheStorage/630cf5e2-c3a0-4023-943e-e6338099f5ff/ca840c64d22fdb89_0: bytes are not valid utf8
E0521 03:11:06.437810 12151 repo.go:340] failed to create patch for untracked file config/antigravity2/config/WebStorage/17/CacheStorage/630cf5e2-c3a0-4023-943e-e6338099f5ff/ca867033e0e9841e_0: bytes are not valid utf8
E0521 03:11:06.438050 12151 repo.go:340] failed to create patch for untracked file config/antigravity2/config/WebStorage/17/CacheStorage/630cf5e2-c3a0-4023-943e-e6338099f5ff/cbfd06323697485c_0: bytes are not valid utf8
E0521 03:11:06.438989 12151 repo.go:340] failed to create patch for untracked file config/antigravity2/config/WebStorage/17/CacheStorage/630cf5e2-c3a0-4023-943e-e6338099f5ff/cdee26b7576b12c5_0: bytes are not valid utf8
E0521 03:11:06.439356 12151 repo.go:340] failed to create patch for untracked file config/antigravity2/config/WebStorage/17/CacheStorage/630cf5e2-c3a0-4023-943e-e6338099f5ff/cf898e2f3e904fec_0: bytes are not valid utf8
E0521 03:11:06.439712 12151 repo.go:340] failed to create patch for untracked file config/antigravity2/config/WebStorage/17/CacheStorage/630cf5e2-c3a0-4023-943e-e6338099f5ff/d0ff1f853e8a22a2_0: bytes are not valid utf8
E0521 03:11:06.440068 12151 repo.go:340] failed to create patch for untracked file config/antigravity2/config/WebStorage/17/CacheStorage/630cf5e2-c3a0-4023-943e-e6338099f5ff/d1afd123677ccd78_0: bytes are not valid utf8
E0521 03:11:06.440388 12151 repo.go:340] failed to create patch for untracked file config/antigravity2/config/WebStorage/17/CacheStorage/630cf5e2-c3a0-4023-943e-e6338099f5ff/d239e8d99de44f3e_0: bytes are not valid utf8
E0521 03:11:06.440764 12151 repo.go:340] failed to create patch for untracked file config/antigravity2/config/WebStorage/17/CacheStorage/630cf5e2-c3a0-4023-943e-e6338099f5ff/d3b4bcc2ce5f26db_0: bytes are not valid utf8
E0521 03:11:06.441052 12151 repo.go:340] failed to create patch for untracked file config/antigravity2/config/WebStorage/17/CacheStorage/630cf5e2-c3a0-4023-943e-e6338099f5ff/d3c7848b1b565271_0: bytes are not valid utf8
E0521 03:11:06.441336 12151 repo.go:340] failed to create patch for untracked file config/antigravity2/config/WebStorage/17/CacheStorage/630cf5e2-c3a0-4023-943e-e6338099f5ff/d5d3142a34af91fd_0: bytes are not valid utf8
E0521 03:11:06.441631 12151 repo.go:340] failed to create patch for untracked file config/antigravity2/config/WebStorage/17/CacheStorage/630cf5e2-c3a0-4023-943e-e6338099f5ff/d6889cca57fdff65_0: bytes are not valid utf8
E0521 03:11:06.441931 12151 repo.go:340] failed to create patch for untracked file config/antigravity2/config/WebStorage/17/CacheStorage/630cf5e2-c3a0-4023-943e-e6338099f5ff/d78ce42e3dbe1c02_0: bytes are not valid utf8
E0521 03:11:06.442344 12151 repo.go:340] failed to create patch for untracked file config/antigravity2/config/WebStorage/17/CacheStorage/630cf5e2-c3a0-4023-943e-e6338099f5ff/d85cdca72eb5c045_0: bytes are not valid utf8
E0521 03:11:06.442722 12151 repo.go:340] failed to create patch for untracked file config/antigravity2/config/WebStorage/17/CacheStorage/630cf5e2-c3a0-4023-943e-e6338099f5ff/d8a59f8ec62e2a6a_0: bytes are not valid utf8
E0521 03:11:06.443020 12151 repo.go:340] failed to create patch for untracked file config/antigravity2/config/WebStorage/17/CacheStorage/630cf5e2-c3a0-4023-943e-e6338099f5ff/d909098fdfc571d9_0: bytes are not valid utf8
E0521 03:11:06.443298 12151 repo.go:340] failed to create patch for untracked file config/antigravity2/config/WebStorage/17/CacheStorage/630cf5e2-c3a0-4023-943e-e6338099f5ff/d91b0110b60232bd_0: bytes are not valid utf8
E0521 03:11:06.443588 12151 repo.go:340] failed to create patch for untracked file config/antigravity2/config/WebStorage/17/CacheStorage/630cf5e2-c3a0-4023-943e-e6338099f5ff/d994aec294484ce3_0: bytes are not valid utf8
E0521 03:11:06.443880 12151 repo.go:340] failed to create patch for untracked file config/antigravity2/config/WebStorage/17/CacheStorage/630cf5e2-c3a0-4023-943e-e6338099f5ff/d9a8c74aa5148124_0: bytes are not valid utf8
E0521 03:11:06.444347 12151 repo.go:340] failed to create patch for untracked file config/antigravity2/config/WebStorage/17/CacheStorage/630cf5e2-c3a0-4023-943e-e6338099f5ff/da6b61d1c1ef9d50_0: bytes are not valid utf8
E0521 03:11:06.444648 12151 repo.go:340] failed to create patch for untracked file config/antigravity2/config/WebStorage/17/CacheStorage/630cf5e2-c3a0-4023-943e-e6338099f5ff/dc7aec8e0ed56ecf_0: bytes are not valid utf8
E0521 03:11:06.444991 12151 repo.go:340] failed to create patch for untracked file config/antigravity2/config/WebStorage/17/CacheStorage/630cf5e2-c3a0-4023-943e-e6338099f5ff/dd54ad84ca3015bf_0: bytes are not valid utf8
E0521 03:11:06.445280 12151 repo.go:340] failed to create patch for untracked file config/antigravity2/config/WebStorage/17/CacheStorage/630cf5e2-c3a0-4023-943e-e6338099f5ff/ddbf6f212a4d057f_0: bytes are not valid utf8
E0521 03:11:06.445573 12151 repo.go:340] failed to create patch for untracked file config/antigravity2/config/WebStorage/17/CacheStorage/630cf5e2-c3a0-4023-943e-e6338099f5ff/de87c90385b5c7da_0: bytes are not valid utf8
E0521 03:11:06.445964 12151 repo.go:340] failed to create patch for untracked file config/antigravity2/config/WebStorage/17/CacheStorage/630cf5e2-c3a0-4023-943e-e6338099f5ff/df68db501fbbfa62_0: bytes are not valid utf8
E0521 03:11:06.446245 12151 repo.go:340] failed to create patch for untracked file config/antigravity2/config/WebStorage/17/CacheStorage/630cf5e2-c3a0-4023-943e-e6338099f5ff/dffe382be4a180e7_0: bytes are not valid utf8
E0521 03:11:06.448083 12151 repo.go:340] failed to create patch for untracked file config/antigravity2/config/WebStorage/17/CacheStorage/630cf5e2-c3a0-4023-943e-e6338099f5ff/e00bdbd184c89bbc_0: bytes are not valid utf8
E0521 03:11:06.448424 12151 repo.go:340] failed to create patch for untracked file config/antigravity2/config/WebStorage/17/CacheStorage/630cf5e2-c3a0-4023-943e-e6338099f5ff/e05628c35eda5c65_0: bytes are not valid utf8
E0521 03:11:06.448675 12151 repo.go:340] failed to create patch for untracked file config/antigravity2/config/WebStorage/17/CacheStorage/630cf5e2-c3a0-4023-943e-e6338099f5ff/e07f9a2a589df535_0: bytes are not valid utf8
E0521 03:11:06.448937 12151 repo.go:340] failed to create patch for untracked file config/antigravity2/config/WebStorage/17/CacheStorage/630cf5e2-c3a0-4023-943e-e6338099f5ff/e0f040c8fcb2114f_0: bytes are not valid utf8
E0521 03:11:06.449181 12151 repo.go:340] failed to create patch for untracked file config/antigravity2/config/WebStorage/17/CacheStorage/630cf5e2-c3a0-4023-943e-e6338099f5ff/e1470314ea67d0bf_0: bytes are not valid utf8
E0521 03:11:06.449571 12151 repo.go:340] failed to create patch for untracked file config/antigravity2/config/WebStorage/17/CacheStorage/630cf5e2-c3a0-4023-943e-e6338099f5ff/e20038ea8068d13e_0: bytes are not valid utf8
E0521 03:11:06.449911 12151 repo.go:340] failed to create patch for untracked file config/antigravity2/config/WebStorage/17/CacheStorage/630cf5e2-c3a0-4023-943e-e6338099f5ff/e2ebc4949fefcc29_0: bytes are not valid utf8
E0521 03:11:06.450851 12151 repo.go:340] failed to create patch for untracked file config/antigravity2/config/WebStorage/17/CacheStorage/630cf5e2-c3a0-4023-943e-e6338099f5ff/e4e4f22e9f07d93a_0: bytes are not valid utf8
E0521 03:11:06.451157 12151 repo.go:340] failed to create patch for untracked file config/antigravity2/config/WebStorage/17/CacheStorage/630cf5e2-c3a0-4023-943e-e6338099f5ff/e56af8977c021c5e_0: bytes are not valid utf8
E0521 03:11:06.451465 12151 repo.go:340] failed to create patch for untracked file config/antigravity2/config/WebStorage/17/CacheStorage/630cf5e2-c3a0-4023-943e-e6338099f5ff/e598cba092958b6d_0: bytes are not valid utf8
E0521 03:11:06.452964 12151 repo.go:340] failed to create patch for untracked file config/antigravity2/config/WebStorage/17/CacheStorage/630cf5e2-c3a0-4023-943e-e6338099f5ff/e5f0d0ffbd58964d_0: bytes are not valid utf8
E0521 03:11:06.453268 12151 repo.go:340] failed to create patch for untracked file config/antigravity2/config/WebStorage/17/CacheStorage/630cf5e2-c3a0-4023-943e-e6338099f5ff/e62da1e8576eeb5f_0: bytes are not valid utf8
E0521 03:11:06.453590 12151 repo.go:340] failed to create patch for untracked file config/antigravity2/config/WebStorage/17/CacheStorage/630cf5e2-c3a0-4023-943e-e6338099f5ff/e6defceb2b8327ac_0: bytes are not valid utf8
E0521 03:11:06.453925 12151 repo.go:340] failed to create patch for untracked file config/antigravity2/config/WebStorage/17/CacheStorage/630cf5e2-c3a0-4023-943e-e6338099f5ff/e8e7298951b7b928_0: bytes are not valid utf8
E0521 03:11:06.454250 12151 repo.go:340] failed to create patch for untracked file config/antigravity2/config/WebStorage/17/CacheStorage/630cf5e2-c3a0-4023-943e-e6338099f5ff/edd8e743d489744c_0: bytes are not valid utf8
E0521 03:11:06.454587 12151 repo.go:340] failed to create patch for untracked file config/antigravity2/config/WebStorage/17/CacheStorage/630cf5e2-c3a0-4023-943e-e6338099f5ff/f0725a6a751a1084_0: bytes are not valid utf8
E0521 03:11:06.454929 12151 repo.go:340] failed to create patch for untracked file config/antigravity2/config/WebStorage/17/CacheStorage/630cf5e2-c3a0-4023-943e-e6338099f5ff/f1118ccbc13f817a_0: bytes are not valid utf8
E0521 03:11:06.455848 12151 repo.go:340] failed to create patch for untracked file config/antigravity2/config/WebStorage/17/CacheStorage/630cf5e2-c3a0-4023-943e-e6338099f5ff/f1777bd24435b317_0: bytes are not valid utf8
E0521 03:11:06.456139 12151 repo.go:340] failed to create patch for untracked file config/antigravity2/config/WebStorage/17/CacheStorage/630cf5e2-c3a0-4023-943e-e6338099f5ff/f3934cf04d29edd5_0: bytes are not valid utf8
E0521 03:11:06.456501 12151 repo.go:340] failed to create patch for untracked file config/antigravity2/config/WebStorage/17/CacheStorage/630cf5e2-c3a0-4023-943e-e6338099f5ff/f4bf39c1601524b8_0: bytes are not valid utf8
E0521 03:11:06.456794 12151 repo.go:340] failed to create patch for untracked file config/antigravity2/config/WebStorage/17/CacheStorage/630cf5e2-c3a0-4023-943e-e6338099f5ff/f5cdcbb28e6f2b37_0: bytes are not valid utf8
E0521 03:11:06.457159 12151 repo.go:340] failed to create patch for untracked file config/antigravity2/config/WebStorage/17/CacheStorage/630cf5e2-c3a0-4023-943e-e6338099f5ff/f5e34880188be6c1_0: bytes are not valid utf8
E0521 03:11:06.457456 12151 repo.go:340] failed to create patch for untracked file config/antigravity2/config/WebStorage/17/CacheStorage/630cf5e2-c3a0-4023-943e-e6338099f5ff/f69cda81607466a3_0: bytes are not valid utf8
E0521 03:11:06.457749 12151 repo.go:340] failed to create patch for untracked file config/antigravity2/config/WebStorage/17/CacheStorage/630cf5e2-c3a0-4023-943e-e6338099f5ff/f71600e93e1ec3ac_0: bytes are not valid utf8
E0521 03:11:06.458054 12151 repo.go:340] failed to create patch for untracked file config/antigravity2/config/WebStorage/17/CacheStorage/630cf5e2-c3a0-4023-943e-e6338099f5ff/f79602d6cde54876_0: bytes are not valid utf8
E0521 03:11:06.458415 12151 repo.go:340] failed to create patch for untracked file config/antigravity2/config/WebStorage/17/CacheStorage/630cf5e2-c3a0-4023-943e-e6338099f5ff/fa366b7e6dfa45fe_0: bytes are not valid utf8
E0521 03:11:06.458700 12151 repo.go:340] failed to create patch for untracked file config/antigravity2/config/WebStorage/17/CacheStorage/630cf5e2-c3a0-4023-943e-e6338099f5ff/fb1e94383541380f_0: bytes are not valid utf8
E0521 03:11:06.458994 12151 repo.go:340] failed to create patch for untracked file config/antigravity2/config/WebStorage/17/CacheStorage/630cf5e2-c3a0-4023-943e-e6338099f5ff/fb34f5b8e2782982_0: bytes are not valid utf8
E0521 03:11:06.459298 12151 repo.go:340] failed to create patch for untracked file config/antigravity2/config/WebStorage/17/CacheStorage/630cf5e2-c3a0-4023-943e-e6338099f5ff/fd0b2dcf6f9d3693_0: bytes are not valid utf8
E0521 03:11:06.459812 12151 repo.go:340] failed to create patch for untracked file config/antigravity2/config/WebStorage/17/CacheStorage/630cf5e2-c3a0-4023-943e-e6338099f5ff/fd5b9282943be57a_0: bytes are not valid utf8
E0521 03:11:06.460178 12151 repo.go:340] failed to create patch for untracked file config/antigravity2/config/WebStorage/17/CacheStorage/630cf5e2-c3a0-4023-943e-e6338099f5ff/fd87fd1be0e6a971_0: bytes are not valid utf8
E0521 03:11:06.460896 12151 repo.go:340] failed to create patch for untracked file config/antigravity2/config/WebStorage/17/CacheStorage/630cf5e2-c3a0-4023-943e-e6338099f5ff/fe458c3e74862bd1_0: bytes are not valid utf8
E0521 03:11:06.461198 12151 repo.go:340] failed to create patch for untracked file config/antigravity2/config/WebStorage/17/CacheStorage/630cf5e2-c3a0-4023-943e-e6338099f5ff/fe5bddacfabd9df8_0: bytes are not valid utf8
E0521 03:11:06.461485 12151 repo.go:340] failed to create patch for untracked file config/antigravity2/config/WebStorage/17/CacheStorage/630cf5e2-c3a0-4023-943e-e6338099f5ff/index: bytes are not valid utf8
E0521 03:11:06.461850 12151 repo.go:340] failed to create patch for untracked file config/antigravity2/config/WebStorage/17/CacheStorage/630cf5e2-c3a0-4023-943e-e6338099f5ff/index-dir/the-real-index: bytes are not valid utf8
E0521 03:11:06.462130 12151 repo.go:340] failed to create patch for untracked file config/antigravity2/config/WebStorage/17/CacheStorage/index.txt: bytes are not valid utf8
E0521 03:11:06.462527 12151 repo.go:340] failed to create patch for untracked file config/antigravity2/config/WebStorage/18/CacheStorage/0aa8cfe5-6d88-47d4-b819-51fc2acc9c55/97f38ed997d3bd6d_0: bytes are not valid utf8
E0521 03:11:06.462831 12151 repo.go:340] failed to create patch for untracked file config/antigravity2/config/WebStorage/18/CacheStorage/0aa8cfe5-6d88-47d4-b819-51fc2acc9c55/index: bytes are not valid utf8
E0521 03:11:06.463124 12151 repo.go:340] failed to create patch for untracked file config/antigravity2/config/WebStorage/18/CacheStorage/0aa8cfe5-6d88-47d4-b819-51fc2acc9c55/index-dir/the-real-index: bytes are not valid utf8
E0521 03:11:06.463413 12151 repo.go:340] failed to create patch for untracked file config/antigravity2/config/WebStorage/18/CacheStorage/index.txt: bytes are not valid utf8
E0521 03:11:06.463776 12151 repo.go:340] failed to create patch for untracked file config/antigravity2/config/WebStorage/19/CacheStorage/4a3cb64a-efc8-4d7d-be9c-3925bef4e991/97f38ed997d3bd6d_0: bytes are not valid utf8
E0521 03:11:06.464310 12151 repo.go:340] failed to create patch for untracked file config/antigravity2/config/WebStorage/19/CacheStorage/4a3cb64a-efc8-4d7d-be9c-3925bef4e991/ee79b44d55e9623f_0: bytes are not valid utf8
E0521 03:11:06.464593 12151 repo.go:340] failed to create patch for untracked file config/antigravity2/config/WebStorage/19/CacheStorage/4a3cb64a-efc8-4d7d-be9c-3925bef4e991/index: bytes are not valid utf8
E0521 03:11:06.464874 12151 repo.go:340] failed to create patch for untracked file config/antigravity2/config/WebStorage/19/CacheStorage/4a3cb64a-efc8-4d7d-be9c-3925bef4e991/index-dir/the-real-index: bytes are not valid utf8
E0521 03:11:06.465162 12151 repo.go:340] failed to create patch for untracked file config/antigravity2/config/WebStorage/19/CacheStorage/index.txt: bytes are not valid utf8
E0521 03:11:06.465567 12151 repo.go:340] failed to create patch for untracked file config/antigravity2/config/WebStorage/2/CacheStorage/cce50668-57e5-438a-bbf8-5f8ffa4995ea/b8e5a7ce60d7af97_0: bytes are not valid utf8
E0521 03:11:06.465881 12151 repo.go:340] failed to create patch for untracked file config/antigravity2/config/WebStorage/2/CacheStorage/cce50668-57e5-438a-bbf8-5f8ffa4995ea/index: bytes are not valid utf8
E0521 03:11:06.466155 12151 repo.go:340] failed to create patch for untracked file config/antigravity2/config/WebStorage/2/CacheStorage/cce50668-57e5-438a-bbf8-5f8ffa4995ea/index-dir/the-real-index: bytes are not valid utf8
E0521 03:11:06.466440 12151 repo.go:340] failed to create patch for untracked file config/antigravity2/config/WebStorage/2/CacheStorage/index.txt: bytes are not valid utf8
E0521 03:11:06.466733 12151 repo.go:340] failed to create patch for untracked file config/antigravity2/config/WebStorage/20/CacheStorage/27a5a34e-c793-4e86-a732-dbae0924c754/2ea4f05eaa604ee2_0: bytes are not valid utf8
E0521 03:11:06.467159 12151 repo.go:340] failed to create patch for untracked file config/antigravity2/config/WebStorage/20/CacheStorage/27a5a34e-c793-4e86-a732-dbae0924c754/367676a16d8b9054_0: bytes are not valid utf8
E0521 03:11:06.467517 12151 repo.go:340] failed to create patch for untracked file config/antigravity2/config/WebStorage/20/CacheStorage/27a5a34e-c793-4e86-a732-dbae0924c754/522dff1c4cb47830_0: bytes are not valid utf8
E0521 03:11:06.467829 12151 repo.go:340] failed to create patch for untracked file config/antigravity2/config/WebStorage/20/CacheStorage/27a5a34e-c793-4e86-a732-dbae0924c754/6635d38dd76877d5_0: bytes are not valid utf8
E0521 03:11:06.468140 12151 repo.go:340] failed to create patch for untracked file config/antigravity2/config/WebStorage/20/CacheStorage/27a5a34e-c793-4e86-a732-dbae0924c754/9c05fa0655c01879_0: bytes are not valid utf8
E0521 03:11:06.468440 12151 repo.go:340] failed to create patch for untracked file config/antigravity2/config/WebStorage/20/CacheStorage/27a5a34e-c793-4e86-a732-dbae0924c754/9c82662e18e23181_0: bytes are not valid utf8
E0521 03:11:06.469006 12151 repo.go:340] failed to create patch for untracked file config/antigravity2/config/WebStorage/20/CacheStorage/27a5a34e-c793-4e86-a732-dbae0924c754/bc181b963253456d_0: bytes are not valid utf8
E0521 03:11:06.469314 12151 repo.go:340] failed to create patch for untracked file config/antigravity2/config/WebStorage/20/CacheStorage/27a5a34e-c793-4e86-a732-dbae0924c754/index: bytes are not valid utf8
E0521 03:11:06.469612 12151 repo.go:340] failed to create patch for untracked file config/antigravity2/config/WebStorage/20/CacheStorage/27a5a34e-c793-4e86-a732-dbae0924c754/index-dir/the-real-index: bytes are not valid utf8
E0521 03:11:06.469894 12151 repo.go:340] failed to create patch for untracked file config/antigravity2/config/WebStorage/20/CacheStorage/index.txt: bytes are not valid utf8
E0521 03:11:06.470725 12151 repo.go:340] failed to create patch for untracked file config/antigravity2/config/WebStorage/21/CacheStorage/8755e92f-b211-417d-b960-869d6e667bda/0cdb15d434611e74_0: bytes are not valid utf8
E0521 03:11:06.471037 12151 repo.go:340] failed to create patch for untracked file config/antigravity2/config/WebStorage/21/CacheStorage/8755e92f-b211-417d-b960-869d6e667bda/1e4f5f805aa0f8ce_0: bytes are not valid utf8
E0521 03:11:06.471353 12151 repo.go:340] failed to create patch for untracked file config/antigravity2/config/WebStorage/21/CacheStorage/8755e92f-b211-417d-b960-869d6e667bda/4123b23d41fec3b2_0: bytes are not valid utf8
E0521 03:11:06.471658 12151 repo.go:340] failed to create patch for untracked file config/antigravity2/config/WebStorage/21/CacheStorage/8755e92f-b211-417d-b960-869d6e667bda/4ca26d43536ac5a5_0: bytes are not valid utf8
E0521 03:11:06.472017 12151 repo.go:340] failed to create patch for untracked file config/antigravity2/config/WebStorage/21/CacheStorage/8755e92f-b211-417d-b960-869d6e667bda/53119197837d4ace_0: bytes are not valid utf8
E0521 03:11:06.472351 12151 repo.go:340] failed to create patch for untracked file config/antigravity2/config/WebStorage/21/CacheStorage/8755e92f-b211-417d-b960-869d6e667bda/537cef96823d43c3_0: bytes are not valid utf8
E0521 03:11:06.472713 12151 repo.go:340] failed to create patch for untracked file config/antigravity2/config/WebStorage/21/CacheStorage/8755e92f-b211-417d-b960-869d6e667bda/5994e9054db216e1_0: bytes are not valid utf8
E0521 03:11:06.473017 12151 repo.go:340] failed to create patch for untracked file config/antigravity2/config/WebStorage/21/CacheStorage/8755e92f-b211-417d-b960-869d6e667bda/64b493b9b47a8a1d_0: bytes are not valid utf8
E0521 03:11:06.473348 12151 repo.go:340] failed to create patch for untracked file config/antigravity2/config/WebStorage/21/CacheStorage/8755e92f-b211-417d-b960-869d6e667bda/6b811b8b7485d056_0: bytes are not valid utf8
E0521 03:11:06.473698 12151 repo.go:340] failed to create patch for untracked file config/antigravity2/config/WebStorage/21/CacheStorage/8755e92f-b211-417d-b960-869d6e667bda/8c592e73d4426dcb_0: bytes are not valid utf8
E0521 03:11:06.474005 12151 repo.go:340] failed to create patch for untracked file config/antigravity2/config/WebStorage/21/CacheStorage/8755e92f-b211-417d-b960-869d6e667bda/bf3579ab89fe09e4_0: bytes are not valid utf8
E0521 03:11:06.474309 12151 repo.go:340] failed to create patch for untracked file config/antigravity2/config/WebStorage/21/CacheStorage/8755e92f-b211-417d-b960-869d6e667bda/eaf299bed215b846_0: bytes are not valid utf8
E0521 03:11:06.474605 12151 repo.go:340] failed to create patch for untracked file config/antigravity2/config/WebStorage/21/CacheStorage/8755e92f-b211-417d-b960-869d6e667bda/ef8eaecc2886cb16_0: bytes are not valid utf8
E0521 03:11:06.474884 12151 repo.go:340] failed to create patch for untracked file config/antigravity2/config/WebStorage/21/CacheStorage/8755e92f-b211-417d-b960-869d6e667bda/f20c04f5c42ecf73_0: bytes are not valid utf8
E0521 03:11:06.475166 12151 repo.go:340] failed to create patch for untracked file config/antigravity2/config/WebStorage/21/CacheStorage/8755e92f-b211-417d-b960-869d6e667bda/index: bytes are not valid utf8
E0521 03:11:06.475449 12151 repo.go:340] failed to create patch for untracked file config/antigravity2/config/WebStorage/21/CacheStorage/8755e92f-b211-417d-b960-869d6e667bda/index-dir/the-real-index: bytes are not valid utf8
E0521 03:11:06.475734 12151 repo.go:340] failed to create patch for untracked file config/antigravity2/config/WebStorage/21/CacheStorage/index.txt: bytes are not valid utf8
E0521 03:11:06.476037 12151 repo.go:340] failed to create patch for untracked file config/antigravity2/config/WebStorage/22/CacheStorage/bed26bf0-61de-46b8-8a40-37829270a656/2e9bc17a5853e477_0: bytes are not valid utf8
E0521 03:11:06.476426 12151 repo.go:340] failed to create patch for untracked file config/antigravity2/config/WebStorage/22/CacheStorage/bed26bf0-61de-46b8-8a40-37829270a656/44a66c595ce04b85_0: bytes are not valid utf8
E0521 03:11:06.476777 12151 repo.go:340] failed to create patch for untracked file config/antigravity2/config/WebStorage/22/CacheStorage/bed26bf0-61de-46b8-8a40-37829270a656/44a66c595ce04b85_1: bytes are not valid utf8
E0521 03:11:06.477090 12151 repo.go:340] failed to create patch for untracked file config/antigravity2/config/WebStorage/22/CacheStorage/bed26bf0-61de-46b8-8a40-37829270a656/7f56efb2ba9bbba8_0: bytes are not valid utf8
E0521 03:11:06.477392 12151 repo.go:340] failed to create patch for untracked file config/antigravity2/config/WebStorage/22/CacheStorage/bed26bf0-61de-46b8-8a40-37829270a656/index: bytes are not valid utf8
E0521 03:11:06.477684 12151 repo.go:340] failed to create patch for untracked file config/antigravity2/config/WebStorage/22/CacheStorage/bed26bf0-61de-46b8-8a40-37829270a656/index-dir/the-real-index: bytes are not valid utf8
E0521 03:11:06.477989 12151 repo.go:340] failed to create patch for untracked file config/antigravity2/config/WebStorage/22/CacheStorage/index.txt: bytes are not valid utf8
E0521 03:11:06.478367 12151 repo.go:340] failed to create patch for untracked file config/antigravity2/config/WebStorage/3/CacheStorage/08dcc886-2c08-43e2-bf12-2f7458c37b44/97f38ed997d3bd6d_0: bytes are not valid utf8
E0521 03:11:06.478838 12151 repo.go:340] failed to create patch for untracked file config/antigravity2/config/WebStorage/3/CacheStorage/08dcc886-2c08-43e2-bf12-2f7458c37b44/98e3b8411b593e5a_0: bytes are not valid utf8
E0521 03:11:06.479140 12151 repo.go:340] failed to create patch for untracked file config/antigravity2/config/WebStorage/3/CacheStorage/08dcc886-2c08-43e2-bf12-2f7458c37b44/index: bytes are not valid utf8
E0521 03:11:06.479431 12151 repo.go:340] failed to create patch for untracked file config/antigravity2/config/WebStorage/3/CacheStorage/08dcc886-2c08-43e2-bf12-2f7458c37b44/index-dir/the-real-index: bytes are not valid utf8
E0521 03:11:06.479718 12151 repo.go:340] failed to create patch for untracked file config/antigravity2/config/WebStorage/3/CacheStorage/index.txt: bytes are not valid utf8
E0521 03:11:06.480016 12151 repo.go:340] failed to create patch for untracked file config/antigravity2/config/WebStorage/6/CacheStorage/b6bd9f2f-3d53-4ff3-8f9b-88bf1e1ea0c1/9a8d832bac4dee6d_0: bytes are not valid utf8
E0521 03:11:06.480295 12151 repo.go:340] failed to create patch for untracked file config/antigravity2/config/WebStorage/6/CacheStorage/b6bd9f2f-3d53-4ff3-8f9b-88bf1e1ea0c1/index: bytes are not valid utf8
E0521 03:11:06.480582 12151 repo.go:340] failed to create patch for untracked file config/antigravity2/config/WebStorage/6/CacheStorage/b6bd9f2f-3d53-4ff3-8f9b-88bf1e1ea0c1/index-dir/the-real-index: bytes are not valid utf8
E0521 03:11:06.480872 12151 repo.go:340] failed to create patch for untracked file config/antigravity2/config/WebStorage/6/CacheStorage/index.txt: bytes are not valid utf8
E0521 03:11:06.483912 12151 repo.go:340] failed to create patch for untracked file config/antigravity2/config/WebStorage/8/CacheStorage/29b449b1-0ff5-4f73-8f8e-c3b5e19269c7/index: bytes are not valid utf8
E0521 03:11:06.484168 12151 repo.go:340] failed to create patch for untracked file config/antigravity2/config/WebStorage/8/CacheStorage/29b449b1-0ff5-4f73-8f8e-c3b5e19269c7/index-dir/the-real-index: bytes are not valid utf8
E0521 03:11:06.484428 12151 repo.go:340] failed to create patch for untracked file config/antigravity2/config/WebStorage/8/CacheStorage/index.txt: bytes are not valid utf8
E0521 03:11:06.485681 12151 repo.go:340] failed to create patch for untracked file config/antigravity2/config/WebStorage/9/CacheStorage/6d4eaf7f-996a-4f26-ae4c-39005f666710/f1476ade02f14e31_0: bytes are not valid utf8
E0521 03:11:06.486015 12151 repo.go:340] failed to create patch for untracked file config/antigravity2/config/WebStorage/9/CacheStorage/6d4eaf7f-996a-4f26-ae4c-39005f666710/index: bytes are not valid utf8
E0521 03:11:06.486334 12151 repo.go:340] failed to create patch for untracked file config/antigravity2/config/WebStorage/9/CacheStorage/6d4eaf7f-996a-4f26-ae4c-39005f666710/index-dir/the-real-index: bytes are not valid utf8
E0521 03:11:06.486628 12151 repo.go:340] failed to create patch for untracked file config/antigravity2/config/WebStorage/9/CacheStorage/index.txt: bytes are not valid utf8
E0521 03:11:06.487318 12151 repo.go:340] failed to create patch for untracked file config/antigravity2/config/WebStorage/QuotaManager: bytes are not valid utf8
E0521 03:11:06.675988 12151 repo.go:340] failed to create patch for untracked file config/antigravity2/local-share/chrome-sandbox: bytes are not valid utf8
E0521 03:11:06.687116 12151 repo.go:340] failed to create patch for untracked file config/antigravity2/local-share/resources/app/extensions/antigravity/assets/astro.png: bytes are not valid utf8
E0521 03:11:06.688004 12151 repo.go:340] failed to create patch for untracked file config/antigravity2/local-share/resources/app/extensions/antigravity/assets/theme/dark.png: bytes are not valid utf8
E0521 03:11:06.688404 12151 repo.go:340] failed to create patch for untracked file config/antigravity2/local-share/resources/app/extensions/antigravity/assets/theme/light.png: bytes are not valid utf8
E0521 03:11:06.688811 12151 repo.go:340] failed to create patch for untracked file config/antigravity2/local-share/resources/app/extensions/antigravity/assets/theme/solarized-dark.png: bytes are not valid utf8
E0521 03:11:06.689216 12151 repo.go:340] failed to create patch for untracked file config/antigravity2/local-share/resources/app/extensions/antigravity/assets/theme/solarized-light.png: bytes are not valid utf8
E0521 03:11:06.706307 12151 repo.go:340] failed to create patch for untracked file config/antigravity2/local-share/resources/app/extensions/configuration-editing/images/icon.png: bytes are not valid utf8
E0521 03:11:06.715696 12151 repo.go:340] failed to create patch for untracked file config/antigravity2/local-share/resources/app/extensions/css-language-features/icons/css.png: bytes are not valid utf8
E0521 03:11:06.721254 12151 repo.go:340] failed to create patch for untracked file config/antigravity2/local-share/resources/app/extensions/debug-auto-launch/media/icon.png: bytes are not valid utf8
E0521 03:11:06.722251 12151 repo.go:340] failed to create patch for untracked file config/antigravity2/local-share/resources/app/extensions/debug-server-ready/media/icon.png: bytes are not valid utf8
E0521 03:11:06.727073 12151 repo.go:340] failed to create patch for untracked file config/antigravity2/local-share/resources/app/extensions/emmet/images/icon.png: bytes are not valid utf8
E0521 03:11:06.728222 12151 repo.go:340] failed to create patch for untracked file config/antigravity2/local-share/resources/app/extensions/extension-editing/images/icon.png: bytes are not valid utf8
E0521 03:11:06.734659 12151 repo.go:340] failed to create patch for untracked file config/antigravity2/local-share/resources/app/extensions/git-base/resources/icons/git.png: bytes are not valid utf8
E0521 03:11:06.741456 12151 repo.go:340] failed to create patch for untracked file config/antigravity2/local-share/resources/app/extensions/git/resources/icons/git.png: bytes are not valid utf8
E0521 03:11:06.744809 12151 repo.go:340] failed to create patch for untracked file config/antigravity2/local-share/resources/app/extensions/github-authentication/images/icon.png: bytes are not valid utf8
E0521 03:11:06.745910 12151 repo.go:340] failed to create patch for untracked file config/antigravity2/local-share/resources/app/extensions/github-authentication/media/favicon.ico: bytes are not valid utf8
E0521 03:11:06.746205 12151 repo.go:340] failed to create patch for untracked file config/antigravity2/local-share/resources/app/extensions/github-authentication/media/icon.png: bytes are not valid utf8
E0521 03:11:06.747640 12151 repo.go:340] failed to create patch for untracked file config/antigravity2/local-share/resources/app/extensions/github/images/icon.png: bytes are not valid utf8
E0521 03:11:06.752524 12151 repo.go:340] failed to create patch for untracked file config/antigravity2/local-share/resources/app/extensions/grunt/images/grunt.png: bytes are not valid utf8
E0521 03:11:06.753885 12151 repo.go:340] failed to create patch for untracked file config/antigravity2/local-share/resources/app/extensions/gulp/images/gulp.png: bytes are not valid utf8
E0521 03:11:06.757759 12151 repo.go:340] failed to create patch for untracked file config/antigravity2/local-share/resources/app/extensions/html-language-features/icons/html.png: bytes are not valid utf8
E0521 03:11:06.763867 12151 repo.go:340] failed to create patch for untracked file config/antigravity2/local-share/resources/app/extensions/ipynb/media/icon.png: bytes are not valid utf8
E0521 03:11:06.765630 12151 repo.go:340] failed to create patch for untracked file config/antigravity2/local-share/resources/app/extensions/jake/images/cowboy_hat.png: bytes are not valid utf8
E0521 03:11:06.770595 12151 repo.go:340] failed to create patch for untracked file config/antigravity2/local-share/resources/app/extensions/json-language-features/icons/json.png: bytes are not valid utf8
E0521 03:11:06.788120 12151 repo.go:340] failed to create patch for untracked file config/antigravity2/local-share/resources/app/extensions/markdown-language-features/icon.png: bytes are not valid utf8
E0521 03:11:06.791927 12151 repo.go:340] failed to create patch for untracked file config/antigravity2/local-share/resources/app/extensions/markdown-math/icon.png: bytes are not valid utf8
E0521 03:11:06.792517 12151 repo.go:340] failed to create patch for untracked file config/antigravity2/local-share/resources/app/extensions/markdown-math/notebook-out/fonts/KaTeX_AMS-Regular.woff2: bytes are not valid utf8
E0521 03:11:06.792897 12151 repo.go:340] failed to create patch for untracked file config/antigravity2/local-share/resources/app/extensions/markdown-math/notebook-out/fonts/KaTeX_Caligraphic-Bold.woff2: bytes are not valid utf8
E0521 03:11:06.793275 12151 repo.go:340] failed to create patch for untracked file config/antigravity2/local-share/resources/app/extensions/markdown-math/notebook-out/fonts/KaTeX_Caligraphic-Regular.woff2: bytes are not valid utf8
E0521 03:11:06.793669 12151 repo.go:340] failed to create patch for untracked file config/antigravity2/local-share/resources/app/extensions/markdown-math/notebook-out/fonts/KaTeX_Fraktur-Bold.woff2: bytes are not valid utf8
E0521 03:11:06.794083 12151 repo.go:340] failed to create patch for untracked file config/antigravity2/local-share/resources/app/extensions/markdown-math/notebook-out/fonts/KaTeX_Fraktur-Regular.woff2: bytes are not valid utf8
E0521 03:11:06.794614 12151 repo.go:340] failed to create patch for untracked file config/antigravity2/local-share/resources/app/extensions/markdown-math/notebook-out/fonts/KaTeX_Main-Bold.woff2: bytes are not valid utf8
E0521 03:11:06.795104 12151 repo.go:340] failed to create patch for untracked file config/antigravity2/local-share/resources/app/extensions/markdown-math/notebook-out/fonts/KaTeX_Main-BoldItalic.woff2: bytes are not valid utf8
E0521 03:11:06.795591 12151 repo.go:340] failed to create patch for untracked file config/antigravity2/local-share/resources/app/extensions/markdown-math/notebook-out/fonts/KaTeX_Main-Italic.woff2: bytes are not valid utf8
E0521 03:11:06.796181 12151 repo.go:340] failed to create patch for untracked file config/antigravity2/local-share/resources/app/extensions/markdown-math/notebook-out/fonts/KaTeX_Main-Regular.woff2: bytes are not valid utf8
E0521 03:11:06.796651 12151 repo.go:340] failed to create patch for untracked file config/antigravity2/local-share/resources/app/extensions/markdown-math/notebook-out/fonts/KaTeX_Math-BoldItalic.woff2: bytes are not valid utf8
E0521 03:11:06.797133 12151 repo.go:340] failed to create patch for untracked file config/antigravity2/local-share/resources/app/extensions/markdown-math/notebook-out/fonts/KaTeX_Math-Italic.woff2: bytes are not valid utf8
E0521 03:11:06.797499 12151 repo.go:340] failed to create patch for untracked file config/antigravity2/local-share/resources/app/extensions/markdown-math/notebook-out/fonts/KaTeX_SansSerif-Bold.woff2: bytes are not valid utf8
E0521 03:11:06.797867 12151 repo.go:340] failed to create patch for untracked file config/antigravity2/local-share/resources/app/extensions/markdown-math/notebook-out/fonts/KaTeX_SansSerif-Italic.woff2: bytes are not valid utf8
E0521 03:11:06.798242 12151 repo.go:340] failed to create patch for untracked file config/antigravity2/local-share/resources/app/extensions/markdown-math/notebook-out/fonts/KaTeX_SansSerif-Regular.woff2: bytes are not valid utf8
E0521 03:11:06.798636 12151 repo.go:340] failed to create patch for untracked file config/antigravity2/local-share/resources/app/extensions/markdown-math/notebook-out/fonts/KaTeX_Script-Regular.woff2: bytes are not valid utf8
E0521 03:11:06.799007 12151 repo.go:340] failed to create patch for untracked file config/antigravity2/local-share/resources/app/extensions/markdown-math/notebook-out/fonts/KaTeX_Size1-Regular.woff2: bytes are not valid utf8
E0521 03:11:06.799371 12151 repo.go:340] failed to create patch for untracked file config/antigravity2/local-share/resources/app/extensions/markdown-math/notebook-out/fonts/KaTeX_Size2-Regular.woff2: bytes are not valid utf8
E0521 03:11:06.799688 12151 repo.go:340] failed to create patch for untracked file config/antigravity2/local-share/resources/app/extensions/markdown-math/notebook-out/fonts/KaTeX_Size3-Regular.woff2: bytes are not valid utf8
E0521 03:11:06.800014 12151 repo.go:340] failed to create patch for untracked file config/antigravity2/local-share/resources/app/extensions/markdown-math/notebook-out/fonts/KaTeX_Size4-Regular.woff2: bytes are not valid utf8
E0521 03:11:06.800450 12151 repo.go:340] failed to create patch for untracked file config/antigravity2/local-share/resources/app/extensions/markdown-math/notebook-out/fonts/KaTeX_Typewriter-Regular.woff2: bytes are not valid utf8
E0521 03:11:06.803591 12151 repo.go:340] failed to create patch for untracked file config/antigravity2/local-share/resources/app/extensions/media-preview/icon.png: bytes are not valid utf8
E0521 03:11:06.807491 12151 repo.go:340] failed to create patch for untracked file config/antigravity2/local-share/resources/app/extensions/merge-conflict/media/icon.png: bytes are not valid utf8
E0521 03:11:06.813182 12151 repo.go:340] failed to create patch for untracked file config/antigravity2/local-share/resources/app/extensions/microsoft-authentication/media/favicon.ico: bytes are not valid utf8
E0521 03:11:06.813478 12151 repo.go:340] failed to create patch for untracked file config/antigravity2/local-share/resources/app/extensions/microsoft-authentication/media/icon.png: bytes are not valid utf8
E0521 03:11:06.817294 12151 repo.go:340] failed to create patch for untracked file config/antigravity2/local-share/resources/app/extensions/ms-vscode.js-debug-companion/resources/logo.png: bytes are not valid utf8
E0521 03:11:06.826474 12151 repo.go:340] failed to create patch for untracked file config/antigravity2/local-share/resources/app/extensions/ms-vscode.js-debug/resources/logo.png: bytes are not valid utf8
E0521 03:11:06.827383 12151 repo.go:340] failed to create patch for untracked file config/antigravity2/local-share/resources/app/extensions/ms-vscode.js-debug/resources/readme/auto-attach.png: bytes are not valid utf8
E0521 03:11:06.827742 12151 repo.go:340] failed to create patch for untracked file config/antigravity2/local-share/resources/app/extensions/ms-vscode.js-debug/resources/readme/conditional-exception-breakpoints.png: bytes are not valid utf8
E0521 03:11:06.828131 12151 repo.go:340] failed to create patch for untracked file config/antigravity2/local-share/resources/app/extensions/ms-vscode.js-debug/resources/readme/exclude-caller.png: bytes are not valid utf8
E0521 03:11:06.828640 12151 repo.go:340] failed to create patch for untracked file config/antigravity2/local-share/resources/app/extensions/ms-vscode.js-debug/resources/readme/flame-chart.png: bytes are not valid utf8
E0521 03:11:06.828994 12151 repo.go:340] failed to create patch for untracked file config/antigravity2/local-share/resources/app/extensions/ms-vscode.js-debug/resources/readme/instrumentation-breakpoints.png: bytes are not valid utf8
E0521 03:11:06.829495 12151 repo.go:340] failed to create patch for untracked file config/antigravity2/local-share/resources/app/extensions/ms-vscode.js-debug/resources/readme/instrumentation-breakpoints2.png: bytes are not valid utf8
E0521 03:11:06.829876 12151 repo.go:340] failed to create patch for untracked file config/antigravity2/local-share/resources/app/extensions/ms-vscode.js-debug/resources/readme/logo-with-text.png: bytes are not valid utf8
E0521 03:11:06.830293 12151 repo.go:340] failed to create patch for untracked file config/antigravity2/local-share/resources/app/extensions/ms-vscode.js-debug/resources/readme/network-view.png: bytes are not valid utf8
E0521 03:11:06.830672 12151 repo.go:340] failed to create patch for untracked file config/antigravity2/local-share/resources/app/extensions/ms-vscode.js-debug/resources/readme/pretty-print.png: bytes are not valid utf8
E0521 03:11:06.831257 12151 repo.go:340] failed to create patch for untracked file config/antigravity2/local-share/resources/app/extensions/ms-vscode.js-debug/resources/readme/top-level-await.png: bytes are not valid utf8
E0521 03:11:06.832065 12151 repo.go:340] failed to create patch for untracked file config/antigravity2/local-share/resources/app/extensions/ms-vscode.js-debug/resources/readme/wasm-dwarf.png: bytes are not valid utf8
E0521 03:11:06.832515 12151 repo.go:340] failed to create patch for untracked file config/antigravity2/local-share/resources/app/extensions/ms-vscode.js-debug/resources/readme/web-worker.png: bytes are not valid utf8
E0521 03:11:06.833204 12151 repo.go:340] failed to create patch for untracked file config/antigravity2/local-share/resources/app/extensions/ms-vscode.js-debug/resources/readme/webview2.png: bytes are not valid utf8
E0521 03:11:06.834441 12151 repo.go:340] failed to create patch for untracked file config/antigravity2/local-share/resources/app/extensions/ms-vscode.js-debug/src/chromehash_bg.wasm: bytes are not valid utf8
E0521 03:11:06.839011 12151 repo.go:340] failed to create patch for untracked file config/antigravity2/local-share/resources/app/extensions/ms-vscode.vscode-js-profile-table/resources/icon.png: bytes are not valid utf8
E0521 03:11:06.839957 12151 repo.go:340] failed to create patch for untracked file config/antigravity2/local-share/resources/app/extensions/notebook-renderers/media/icon.png: bytes are not valid utf8
E0521 03:11:06.841994 12151 repo.go:340] failed to create patch for untracked file config/antigravity2/local-share/resources/app/extensions/npm/images/npm_icon.png: bytes are not valid utf8
E0521 03:11:06.846362 12151 repo.go:340] failed to create patch for untracked file config/antigravity2/local-share/resources/app/extensions/php-language-features/icons/logo.png: bytes are not valid utf8
E0521 03:11:06.862351 12151 repo.go:340] failed to create patch for untracked file config/antigravity2/local-share/resources/app/extensions/references-view/media/icon.png: bytes are not valid utf8
E0521 03:11:06.869430 12151 repo.go:340] failed to create patch for untracked file config/antigravity2/local-share/resources/app/extensions/search-result/images/icon.png: bytes are not valid utf8
E0521 03:11:06.877783 12151 repo.go:340] failed to create patch for untracked file config/antigravity2/local-share/resources/app/extensions/securecoder/static/wiz.png: bytes are not valid utf8
E0521 03:11:06.881151 12151 repo.go:340] failed to create patch for untracked file config/antigravity2/local-share/resources/app/extensions/simple-browser/media/icon.png: bytes are not valid utf8
E0521 03:11:06.899827 12151 repo.go:340] failed to create patch for untracked file config/antigravity2/local-share/resources/app/extensions/theme-seti/icons/seti-circular-128x128.png: bytes are not valid utf8
E0521 03:11:06.900678 12151 repo.go:340] failed to create patch for untracked file config/antigravity2/local-share/resources/app/extensions/theme-seti/icons/seti.woff: bytes are not valid utf8
E0521 03:11:06.952809 12151 repo.go:340] failed to create patch for untracked file config/antigravity2/local-share/resources/app/extensions/theme-symbols/src/icons/files/nuxt.png: bytes are not valid utf8
E0521 03:11:07.009167 12151 repo.go:340] failed to create patch for untracked file config/antigravity2/local-share/resources/app/extensions/theme-symbols/symbols.png: bytes are not valid utf8
E0521 03:11:07.010549 12151 repo.go:340] failed to create patch for untracked file config/antigravity2/local-share/resources/app/extensions/theme-synthwave/icon.png: bytes are not valid utf8
E0521 03:11:07.011933 12151 repo.go:340] failed to create patch for untracked file config/antigravity2/local-share/resources/app/extensions/theme-tokyo-night/icon.png: bytes are not valid utf8
E0521 03:11:07.015974 12151 repo.go:340] failed to create patch for untracked file config/antigravity2/local-share/resources/app/extensions/tunnel-forwarding/media/icon.png: bytes are not valid utf8
E0521 03:11:07.019054 12151 repo.go:340] failed to create patch for untracked file config/antigravity2/local-share/resources/app/extensions/typescript-language-features/media/icon.png: bytes are not valid utf8
I0521 03:11:08.717798 12151 http_helpers.go:182] URL: https://daily-cloudcode-pa.googleapis.com/v1internal:streamGenerateContent?alt=sse Trace: 0xf6a0bf9c27c096ae
I0521 03:11:39.521586 12151 http_helpers.go:182] URL: https://daily-cloudcode-pa.googleapis.com/v1internal:streamGenerateContent?alt=sse Trace: 0x1a86abf09ba09031
I0521 03:11:41.139188 12151 http_helpers.go:182] URL: https://daily-cloudcode-pa.googleapis.com/v1internal:streamGenerateContent?alt=sse Trace: 0x7c56a9972656ecc2
I0521 03:12:00.769890 12151 http_helpers.go:182] URL: https://daily-cloudcode-pa.googleapis.com/v1internal:streamGenerateContent?alt=sse Trace: 0x2a788e62c58dc4cc
I0521 03:12:15.171763 12151 http_helpers.go:182] URL: https://daily-cloudcode-pa.googleapis.com/v1internal:streamGenerateContent?alt=sse Trace: 0xcd9b032e0329b13b
2026/05/21 03:12:26 http: TLS handshake error from 127.0.0.1:59472: remote error: tls: bad certificate
I0521 03:12:49.396554 12151 http_helpers.go:182] URL: https://daily-cloudcode-pa.googleapis.com/v1internal:streamGenerateContent?alt=sse Trace: 0xc260ad9e753730cb
I0521 03:13:12.385064 12151 http_helpers.go:182] URL: https://daily-cloudcode-pa.googleapis.com/v1internal:streamGenerateContent?alt=sse Trace: 0x14d2bc7ad9ed99b3
I0521 03:13:56.227519 12151 http_helpers.go:182] URL: https://daily-cloudcode-pa.googleapis.com/v1internal:streamGenerateContent?alt=sse Trace: 0x8f6582d54f7c57ec
I0521 03:14:04.132334 12151 http_helpers.go:182] URL: https://daily-cloudcode-pa.googleapis.com/v1internal:streamGenerateContent?alt=sse Trace: 0x95d67676ab5b2610
I0521 03:14:14.255451 12151 http_helpers.go:182] URL: https://daily-cloudcode-pa.googleapis.com/v1internal:streamGenerateContent?alt=sse Trace: 0x79979c56813bcf2c
I0521 03:14:31.945267 12151 http_helpers.go:182] URL: https://daily-cloudcode-pa.googleapis.com/v1internal:streamGenerateContent?alt=sse Trace: 0x6ce1a7ba898107c6
I0521 03:14:54.851620 12151 http_helpers.go:182] URL: https://daily-cloudcode-pa.googleapis.com/v1internal:fetchAvailableModels Trace: 0x703a47ea042d0a19
I0521 03:14:55.228192 12151 http_helpers.go:182] URL: https://daily-cloudcode-pa.googleapis.com/v1internal:loadCodeAssist Trace: 0xec2919baa53ffe3e
I0521 03:14:57.455712 12151 http_helpers.go:182] URL: https://daily-cloudcode-pa.googleapis.com/v1internal:streamGenerateContent?alt=sse Trace: 0x5d969cd4853a389e
I0521 03:15:07.573284 12151 http_helpers.go:182] URL: https://daily-cloudcode-pa.googleapis.com/v1internal:streamGenerateContent?alt=sse Trace: 0x67a3b36a04d67c9a
I0521 03:15:20.422847 12151 http_helpers.go:182] URL: https://daily-cloudcode-pa.googleapis.com/v1internal:streamGenerateContent?alt=sse Trace: 0xabdc74c3fb15d037
I0521 03:15:30.632955 12151 http_helpers.go:182] URL: https://daily-cloudcode-pa.googleapis.com/v1internal:streamGenerateContent?alt=sse Trace: 0x3068ee48e2673c36
I0521 03:15:38.844479 12151 http_helpers.go:182] URL: https://daily-cloudcode-pa.googleapis.com/v1internal:streamGenerateContent?alt=sse Trace: 0x510f5d835da9d75c
I0521 03:15:51.387665 12151 http_helpers.go:182] URL: https://daily-cloudcode-pa.googleapis.com/v1internal:streamGenerateContent?alt=sse Trace: 0xc17ef359c6f9a304
I0521 03:15:59.695568 12151 http_helpers.go:182] URL: https://daily-cloudcode-pa.googleapis.com/v1internal:streamGenerateContent?alt=sse Trace: 0x2117308551577ebb
I0521 03:16:05.292240 12151 http_helpers.go:182] URL: https://daily-cloudcode-pa.googleapis.com/v1internal:streamGenerateContent?alt=sse Trace: 0x32bdd0128b49149a
I0521 03:16:27.007587 12151 http_helpers.go:182] URL: https://daily-cloudcode-pa.googleapis.com/v1internal:streamGenerateContent?alt=sse Trace: 0x56eb2a1cee22d495
I0521 03:16:39.789631 12151 http_helpers.go:182] URL: https://daily-cloudcode-pa.googleapis.com/v1internal:streamGenerateContent?alt=sse Trace: 0x20a22079b7b3f189
I0521 03:16:43.140657 12151 http_helpers.go:182] URL: https://daily-cloudcode-pa.googleapis.com/v1internal:streamGenerateContent?alt=sse Trace: 0x8d92649b047f0024
I0521 03:16:46.917108 12151 http_helpers.go:182] URL: https://daily-cloudcode-pa.googleapis.com/v1internal:streamGenerateContent?alt=sse Trace: 0x6fce7248faec81ff
I0521 03:16:50.332333 12151 http_helpers.go:182] URL: https://daily-cloudcode-pa.googleapis.com/v1internal:streamGenerateContent?alt=sse Trace: 0x63944c6f3344c188
I0521 03:16:54.387185 12151 http_helpers.go:182] URL: https://daily-cloudcode-pa.googleapis.com/v1internal:streamGenerateContent?alt=sse Trace: 0xbf21196db303325b
I0521 03:17:02.106196 12151 http_helpers.go:182] URL: https://daily-cloudcode-pa.googleapis.com/v1internal:streamGenerateContent?alt=sse Trace: 0xc7d07213f818681a
I0521 03:17:08.659105 12151 http_helpers.go:182] URL: https://daily-cloudcode-pa.googleapis.com/v1internal:streamGenerateContent?alt=sse Trace: 0x7034343f6b430783
I0521 03:17:35.022010 12151 http_helpers.go:182] URL: https://daily-cloudcode-pa.googleapis.com/v1internal:streamGenerateContent?alt=sse Trace: 0xcaeb09a23bcc7aaa
I0521 03:18:06.513179 12151 http_helpers.go:182] URL: https://daily-cloudcode-pa.googleapis.com/v1internal:streamGenerateContent?alt=sse Trace: 0xdb2755ed4ed4c040
I0521 03:18:31.430519 12151 http_helpers.go:182] URL: https://daily-cloudcode-pa.googleapis.com/v1internal:streamGenerateContent?alt=sse Trace: 0x7593af1105789064
I0521 03:18:55.721356 12151 http_helpers.go:182] URL: https://daily-cloudcode-pa.googleapis.com/v1internal:streamGenerateContent?alt=sse Trace: 0x26b5038994feae7b
I0521 03:19:08.373726 12151 http_helpers.go:182] URL: https://daily-cloudcode-pa.googleapis.com/v1internal:streamGenerateContent?alt=sse Trace: 0xbf55895c37c68d59
I0521 03:19:10.305692 12151 http_helpers.go:182] URL: https://daily-cloudcode-pa.googleapis.com/v1internal:streamGenerateContent?alt=sse Trace: 0xddbe5db7bc565bbc
I0521 03:19:17.956353 12151 http_helpers.go:182] URL: https://daily-cloudcode-pa.googleapis.com/v1internal:streamGenerateContent?alt=sse Trace: 0xd0be3d05f588ef5
I0521 03:19:25.855612 12151 http_helpers.go:182] URL: https://daily-cloudcode-pa.googleapis.com/v1internal:streamGenerateContent?alt=sse Trace: 0x5889b8f6c52120d9
I0521 03:19:40.591040 12151 http_helpers.go:182] URL: https://daily-cloudcode-pa.googleapis.com/v1internal:streamGenerateContent?alt=sse Trace: 0xa97f25cc08ae2dd6
I0521 03:19:48.953060 12151 http_helpers.go:182] URL: https://daily-cloudcode-pa.googleapis.com/v1internal:streamGenerateContent?alt=sse Trace: 0x7e42fe8089986364
I0521 03:20:02.296174 12151 http_helpers.go:182] URL: https://daily-cloudcode-pa.googleapis.com/v1internal:fetchAvailableModels Trace: 0xf5935d6b95c1a3d2
I0521 03:20:02.586913 12151 http_helpers.go:182] URL: https://daily-cloudcode-pa.googleapis.com/v1internal:loadCodeAssist Trace: 0xf0ceef147a8f2522
I0521 03:20:05.066689 12151 http_helpers.go:182] URL: https://daily-cloudcode-pa.googleapis.com/v1internal:streamGenerateContent?alt=sse Trace: 0xea44e4e3a92e7cf8
I0521 03:20:27.641910 12151 http_helpers.go:182] URL: https://daily-cloudcode-pa.googleapis.com/v1internal:streamGenerateContent?alt=sse Trace: 0xb47c7e6c9d3198ac
