2026-05-15 18:49:54.191 [info] To enable debug logging, run "GitLens: Enable Debug Logging" or "Developer: Set Log Level..." from the Command Palette
2026-05-15 18:49:54.192 [info]    [            1] GitLens v17.12.2  activating in Antigravity (1.107.0) on the desktop; mode=production,language='en', logLevel='info', defaultDateLocale='null' (antigravity|fba7d0e441f79ff4c5be727cba943b67ef55086d924406756b80b02747a938ee|0333eb58-96f4-4352-b205-882ebc057d201778856591405)
2026-05-15 18:49:54.192 [info]    [            1] GitLens v17.12.2 activated [65ms]
2026-05-15 18:49:54.192 [info]    [IPC          ] Server started on http://127.0.0.1:41297
2026-05-15 18:50:09.103 [info] To enable debug logging, run "GitLens: Enable Debug Logging" or "Developer: Set Log Level..." from the Command Palette
2026-05-15 18:50:09.103 [info]    [            1] GitLens v17.12.2  activating in Antigravity (1.107.0) on the desktop; mode=production,language='en', logLevel='info', defaultDateLocale='null' (antigravity|fba7d0e441f79ff4c5be727cba943b67ef55086d924406756b80b02747a938ee|977f869c-d403-47d6-ac75-86a7ffc263dd1778856606479)
2026-05-15 18:50:09.103 [info]    [            1] GitLens v17.12.2 activated [70ms]
2026-05-15 18:50:09.951 [info]    [IPC          ] Server started on http://127.0.0.1:33761
2026-05-15 18:50:09.953 [info]    [   6f →    70] GlCliGitProvider.findGit Git (2.53.0) found in /usr/bin/git [1025ms]
2026-05-15 18:50:09.956 [info]    [   6f →    9f] GlCliGitProvider.repositorySearch(/home/dev/Documents/Dev/Tradingview) searching (depth=1)...
2026-05-15 18:50:10.060 [info]    [GIT     105ms] [/home/dev/Documents/Dev/Tradingview] git rev-parse --show-toplevel --git-dir --git-common-dir --show-superproject-working-tree [105ms]
2026-05-15 18:50:10.062 [info]    [   6f →    9f] GlCliGitProvider.repositorySearch(/home/dev/Documents/Dev/Tradingview) found root repository in '/home/dev/Documents/Dev/Tradingview'
2026-05-15 18:50:10.854 [info]    [GIT      23ms] [/home/dev/Documents/Dev/Tradingview] git rev-parse --show-toplevel --git-dir --git-common-dir --show-superproject-working-tree [23ms]
2026-05-15 18:50:10.878 [warning] [   74 →    75] GitProviderService.getOrOpenRepository(e=Uri(file:///home/dev/Documents/Dev/Tradingview), t={"detectNested":true}) returned GlRepository(/home/dev/Documents/Dev/Tradingview|1) [*1940ms] (slow)
2026-05-15 18:50:11.992 [warning] [   78 →    91] GitHubIntegration.isConnected returned false [*3025ms] (slow)
2026-05-15 18:50:12.411 [info]    [GIT      93ms] [/home/dev/Documents/Dev/Tradingview] git remote -v [93ms]
2026-05-15 18:50:12.449 [info]    [GIT      30ms] [/home/dev/Documents/Dev/Tradingview] git config --get -f /home/dev/Documents/Dev/Tradingview/.git/gk/config gk.defaultRemote [30ms]
2026-05-15 18:50:12.449 [warning] [   6d →    b1] RemotesGitSubProvider.getRemotes(repoPath=/home/dev/Documents/Dev/Tradingview) completed [*2382ms] (slow)
2026-05-15 18:50:12.449 [warning] [   cd →    ce] RemotesGitSubProvider.getRemotes(repoPath=/home/dev/Documents/Dev/Tradingview) completed [*1645ms] (slow)
2026-05-15 18:50:12.449 [warning] [   d2 →    d3] RemotesGitSubProvider.getRemotes(repoPath=/home/dev/Documents/Dev/Tradingview) completed [*1644ms] (slow)
2026-05-15 18:50:12.449 [warning] [   cb →    cd] GlCliGitProvider.visibility(e=/home/dev/Documents/Dev/Tradingview) returned local [*1645ms] (slow)
2026-05-15 18:50:12.449 [warning] [   d0 →    d2] GlCliGitProvider.visibility(e=/home/dev/Documents/Dev/Tradingview) returned local [*1645ms] (slow)
2026-05-15 18:50:12.449 [warning] [   c8 →    cb] GitProviderService.visibilityCore(e=/home/dev/Documents/Dev/Tradingview) returned local [*1645ms] (slow)
2026-05-15 18:50:12.449 [warning] [   cf →    d0] GitProviderService.visibilityCore returned local [*1645ms] (slow)
2026-05-15 18:50:12.449 [warning] [   c6 →    c8] GitProviderService.visibility(e=/home/dev/Documents/Dev/Tradingview) returned local [*1645ms] (slow)
2026-05-15 18:50:12.449 [warning] [   c6 →    cf] GitProviderService.visibility returned local [*1645ms] (slow)
2026-05-15 18:50:12.449 [warning] [   c5 →    c6] GitProviderService.accessCore(e=undefined) returned {"allowed":true,"subscription":{"current":{"plan":{"actual":{"id":"community","name":"GitLens Community","bundle":false,"cancelled":false,"trialReactivationCount":0,"startedOn":"2026-05-14T12:43:28.452Z"},"effective":{"id":"community","name":"GitLens Community","bundle":false,"cancelled":false,"trialReactivationCount":0,"startedOn":"2026-05-14T12:43:28.452Z"}},"state":0}},"visibility":"local"} [*1646ms] (slow)
2026-05-15 18:50:12.450 [warning] [   b5 →    c5] GitProviderService.access returned {"allowed":true,"subscription":{"current":{"plan":{"actual":{"id":"community","name":"GitLens Community","bundle":false,"cancelled":false,"trialReactivationCount":0,"startedOn":"2026-05-14T12:43:28.452Z"},"effective":{"id":"community","name":"GitLens Community","bundle":false,"cancelled":false,"trialReactivationCount":0,"startedOn":"2026-05-14T12:43:28.452Z"}},"state":0}},"visibility":"local"} [*1646ms] (slow)
2026-05-15 18:50:18.427 [info]    [GIT      23ms] [/home/dev/Documents/Dev/Tradingview] git ls-files -- api_server.py [23ms]
2026-05-15 18:50:45.096 [info]    [GIT      25ms] [/home/dev/Documents/Dev/Tradingview] git rev-list --max-parents=0 HEAD -- [25ms]
2026-05-15 18:50:45.097 [info]    [GIT      25ms] [/home/dev/Documents/Dev/Tradingview] git shortlog -s --all --no-min-parents --since=1.year.ago [25ms]
2026-05-15 18:50:58.663 [info]    [GIT      24ms] [/home/dev/Documents/Dev/Tradingview] git ls-files -- .git/COMMIT_EDITMSG [24ms]
2026-05-15 18:50:58.675 [info]    [GIT      12ms] [/home/dev/Documents/Dev/Tradingview/.git] git ls-files -- COMMIT_EDITMSG [12ms]
2026-05-15 18:50:58.770 [error]   [GIT          ] [/home/dev/Documents/Dev/Tradingview/.git] git rev-parse --show-toplevel --git-dir --git-common-dir --show-superproject-working-tree · this operation must be run in a work tree [21ms]
2026-05-15 18:50:58.786 [info]    [GIT      15ms] [/home/dev/Documents/Dev/Tradingview/.git] git rev-parse --is-bare-repository [15ms]
2026-05-15 18:50:58.809 [info]    [GIT      21ms] [/home/dev/Documents/Dev/Tradingview] git rev-parse --show-toplevel --git-dir --git-common-dir --show-superproject-working-tree [21ms]
2026-05-15 18:52:40.088 [info]    [GIT      23ms] [/home/dev/Documents/Dev/Tradingview] git for-each-ref --format=%1E%(HEAD)%1D%(refname)%1D%(upstream)%1D%(upstream:track)%1D%(objectname)%1D%(committerdate:iso8601)%1D%(worktreepath)%1D refs/heads/ refs/remotes/ [23ms]
2026-05-15 18:52:40.098 [info]    [GIT      32ms] [/home/dev/Documents/Dev/Tradingview] git rev-parse --show-toplevel --git-dir --git-common-dir --show-superproject-working-tree [32ms]
2026-05-15 18:52:40.110 [info]    [GIT      10ms] [/home/dev/Documents/Dev/Tradingview] git config --get-regex -f /home/dev/Documents/Dev/Tradingview/.git/gk/config ^branch\..*\.gk-(last-(accessed|modified)|disposition)$ [10ms]
2026-05-15 18:52:40.123 [info]    [GIT      10ms] [/home/dev/Documents/Dev/Tradingview] git config --get -f /home/dev/Documents/Dev/Tradingview/.git/gk/config branch.main.gk-last-accessed [10ms]
2026-05-15 18:52:40.136 [info]    [GIT      11ms] [/home/dev/Documents/Dev/Tradingview] git config -f /home/dev/Documents/Dev/Tradingview/.git/gk/config branch.main.gk-last-accessed 2026-05-15T14:52:40.112Z [11ms]
2026-05-15 18:54:11.378 [info]    [GIT      24ms] [/home/dev/Documents/Dev/Tradingview] git ls-files -- .gitignore [24ms]
2026-05-15 18:54:20.794 [info]    [GIT      25ms] [/home/dev/Documents/Dev/Tradingview] git ls-files -- bot_v2.py [25ms]
2026-05-15 18:54:20.808 [info]    [GIT      12ms] [/home/dev/Documents/Dev/Tradingview] git config --get-regex ^user\.(name|email)$ [12ms]
2026-05-15 18:54:20.818 [info]    [GIT       9ms] [/home/dev/Documents/Dev/Tradingview] git check-mailmap Abdullah Abdul Hakim <abdullaabdulhakeem25@gmail.com> [9ms]
2026-05-15 18:54:20.829 [info]    [GIT:→1       ] (spawn) [/home/dev/Documents/Dev/Tradingview] git blame --root --incremental --encoding=utf-8 -- bot_v2.py · starting...
2026-05-15 18:54:20.836 [info]    [GIT:←1   16ms] (spawn) [/home/dev/Documents/Dev/Tradingview] git blame --root --incremental --encoding=utf-8 -- bot_v2.py [16ms]
2026-05-15 18:54:20.855 [info]    [GIT      17ms] [/home/dev/Documents/Dev/Tradingview] git show --textconv HEAD:./bot_v2.py -- [17ms]
2026-05-15 18:54:20.955 [warning] [  1d2 →   1d3] LineAnnotationController.refresh • pull request queries took too long (over 100 ms)
2026-05-15 18:54:20.996 [info]    [GIT      13ms] [/home/dev/Documents/Dev/Tradingview] git remote -v [13ms]
2026-05-15 18:54:21.010 [info]    [GIT      13ms] [/home/dev/Documents/Dev/Tradingview] git config --get -f /home/dev/Documents/Dev/Tradingview/.git/gk/config gk.defaultRemote [13ms]
2026-05-15 18:54:21.041 [info]    [GIT      23ms] [/home/dev/Documents/Dev/Tradingview] git log --format=%x1E%H%x1D --summary -n1 9e3e3f5c89cb53c22984d91996393edc6afdd087^ -- bot_v2.py [23ms]
2026-05-15 18:54:21.432 [info]    [GIT     403ms] [/home/dev/Documents/Dev/Tradingview] git log --format=%x1E%H%x1D%aN%x1D%aE%x1D%at%x1D%cN%x1D%cE%x1D%ct%x1D%P%x1D%D%x1D%B%x1D --numstat --raw -M --use-mailmap -m --no-min-parents -n1 9e3e3f5c89cb53c22984d91996393edc6afdd087 -- [403ms]
2026-05-15 18:54:59.384 [info]    [GIT      22ms] [/home/dev/Documents/Dev/Tradingview] git for-each-ref --format=%1E%(HEAD)%1D%(refname)%1D%(upstream)%1D%(upstream:track)%1D%(objectname)%1D%(committerdate:iso8601)%1D%(worktreepath)%1D refs/heads/ refs/remotes/ [22ms]
2026-05-15 18:54:59.385 [info]    [GIT      11ms] [/home/dev/Documents/Dev/Tradingview] git config --get-regex -f /home/dev/Documents/Dev/Tradingview/.git/gk/config ^branch\..*\.gk-(last-(accessed|modified)|disposition)$ [11ms]
2026-05-15 18:54:59.396 [info]    [GIT      10ms] [/home/dev/Documents/Dev/Tradingview] git config --get -f /home/dev/Documents/Dev/Tradingview/.git/gk/config branch.main.gk-last-accessed [10ms]
2026-05-15 18:54:59.407 [info]    [GIT      11ms] [/home/dev/Documents/Dev/Tradingview] git config --get -f /home/dev/Documents/Dev/Tradingview/.git/gk/config branch.main.gk-last-modified [11ms]
2026-05-15 18:54:59.419 [info]    [GIT      10ms] [/home/dev/Documents/Dev/Tradingview] git config -f /home/dev/Documents/Dev/Tradingview/.git/gk/config branch.main.gk-last-modified 2026-05-15T14:54:59.385Z [10ms]
2026-05-15 18:56:02.582 [info]    [GIT      31ms] [/home/dev/Documents/Dev/Tradingview] git ls-files -- bot_config.json [31ms]
2026-05-15 18:56:02.594 [info]    [GIT:→2       ] (spawn) [/home/dev/Documents/Dev/Tradingview] git blame --root --incremental --encoding=utf-8 -- bot_config.json · starting...
2026-05-15 18:56:02.599 [info]    [GIT:←2   15ms] (spawn) [/home/dev/Documents/Dev/Tradingview] git blame --root --incremental --encoding=utf-8 -- bot_config.json [15ms]
2026-05-15 18:56:02.640 [info]    [GIT      26ms] [/home/dev/Documents/Dev/Tradingview] git log --format=%x1E%H%x1D --summary -n1 9e3e3f5c89cb53c22984d91996393edc6afdd087^ -- bot_config.json [26ms]
2026-05-15 18:56:02.640 [info]    [GIT      40ms] [/home/dev/Documents/Dev/Tradingview] git show --textconv HEAD:./bot_config.json -- [40ms]
2026-05-15 18:56:03.096 [info]    [GIT     471ms] [/home/dev/Documents/Dev/Tradingview] git log --format=%x1E%H%x1D%aN%x1D%aE%x1D%at%x1D%cN%x1D%cE%x1D%ct%x1D%P%x1D%D%x1D%B%x1D --numstat --raw -M --use-mailmap -m --no-min-parents -n1 9e3e3f5c89cb53c22984d91996393edc6afdd087 -- [471ms]
2026-05-15 18:56:08.594 [info]    [GIT      23ms] [/home/dev/Documents/Dev/Tradingview] git ls-files -- .env.example [23ms]
2026-05-15 18:56:12.291 [info]    [GIT      25ms] [/home/dev/Documents/Dev/Tradingview] git ls-files -- .env [25ms]
2026-05-15 18:56:30.600 [info]    [GIT      29ms] [/home/dev/Documents/Dev/Tradingview] git ls-files -- bot_v2.py [29ms]
2026-05-15 18:56:30.623 [info]    [GIT      20ms] [/home/dev/Documents/Dev/Tradingview] git show --textconv HEAD:./bot_v2.py -- [20ms]
2026-05-15 18:57:00.974 [info]    [GIT      28ms] [/home/dev/Documents/Dev/Tradingview] git ls-files -- api_server.py [28ms]
2026-05-15 18:57:00.987 [info]    [GIT:→3       ] (spawn) [/home/dev/Documents/Dev/Tradingview] git blame --root --incremental --encoding=utf-8 -- api_server.py · starting...
2026-05-15 18:57:00.992 [info]    [GIT:←3   16ms] (spawn) [/home/dev/Documents/Dev/Tradingview] git blame --root --incremental --encoding=utf-8 -- api_server.py [16ms]
2026-05-15 18:57:01.053 [info]    [GIT:→4       ] (spawn) [/home/dev/Documents/Dev/Tradingview] git blame --root --incremental --encoding=utf-8 HEAD -- api_server.py · starting...
2026-05-15 18:57:01.054 [info]    [GIT      42ms] [/home/dev/Documents/Dev/Tradingview] git log --format=%x1E%H%x1D --summary -n1 9e3e3f5c89cb53c22984d91996393edc6afdd087^ -- api_server.py [42ms]
2026-05-15 18:57:01.054 [info]    [GIT      60ms] [/home/dev/Documents/Dev/Tradingview] git show --textconv HEAD:./api_server.py -- [60ms]
2026-05-15 18:57:01.056 [info]    [GIT:←4   16ms] (spawn) [/home/dev/Documents/Dev/Tradingview] git blame --root --incremental --encoding=utf-8 HEAD -- api_server.py [16ms]
2026-05-15 18:57:01.447 [info]    [GIT     421ms] [/home/dev/Documents/Dev/Tradingview] git log --format=%x1E%H%x1D%aN%x1D%aE%x1D%at%x1D%cN%x1D%cE%x1D%ct%x1D%P%x1D%D%x1D%B%x1D --numstat --raw -M --use-mailmap -m --no-min-parents -n1 9e3e3f5c89cb53c22984d91996393edc6afdd087 -- [421ms]
2026-05-15 18:57:20.629 [info]    [GIT      29ms] [/home/dev/Documents/Dev/Tradingview] git ls-files -- backtester.py [29ms]
2026-05-15 18:57:20.641 [info]    [GIT:→5       ] (spawn) [/home/dev/Documents/Dev/Tradingview] git blame --root --incremental --encoding=utf-8 -- backtester.py · starting...
2026-05-15 18:57:20.646 [info]    [GIT:←5   16ms] (spawn) [/home/dev/Documents/Dev/Tradingview] git blame --root --incremental --encoding=utf-8 -- backtester.py [16ms]
2026-05-15 18:57:20.690 [info]    [GIT:→6       ] (spawn) [/home/dev/Documents/Dev/Tradingview] git blame --root --incremental --encoding=utf-8 HEAD -- backtester.py · starting...
2026-05-15 18:57:20.691 [info]    [GIT      31ms] [/home/dev/Documents/Dev/Tradingview] git log --format=%x1E%H%x1D --summary -n1 9e3e3f5c89cb53c22984d91996393edc6afdd087^ -- backtester.py [31ms]
2026-05-15 18:57:20.691 [info]    [GIT      43ms] [/home/dev/Documents/Dev/Tradingview] git show --textconv HEAD:./backtester.py -- [43ms]
2026-05-15 18:57:20.692 [info]    [GIT:←6   13ms] (spawn) [/home/dev/Documents/Dev/Tradingview] git blame --root --incremental --encoding=utf-8 HEAD -- backtester.py [13ms]
2026-05-15 18:57:21.084 [info]    [GIT     415ms] [/home/dev/Documents/Dev/Tradingview] git log --format=%x1E%H%x1D%aN%x1D%aE%x1D%at%x1D%cN%x1D%cE%x1D%ct%x1D%P%x1D%D%x1D%B%x1D --numstat --raw -M --use-mailmap -m --no-min-parents -n1 9e3e3f5c89cb53c22984d91996393edc6afdd087 -- [415ms]
2026-05-15 18:57:25.191 [info]    [GIT      35ms] [/home/dev/Documents/Dev/Tradingview] git ls-files -- SETUP.md [35ms]
2026-05-15 18:57:25.202 [info]    [GIT:→7       ] (spawn) [/home/dev/Documents/Dev/Tradingview] git blame --root --incremental --encoding=utf-8 -- SETUP.md · starting...
2026-05-15 18:57:25.343 [info]    [GIT:←7  151ms] (spawn) [/home/dev/Documents/Dev/Tradingview] git blame --root --incremental --encoding=utf-8 -- SETUP.md [151ms]
2026-05-15 18:57:25.378 [info]    [GIT:→8       ] (spawn) [/home/dev/Documents/Dev/Tradingview] git blame --root --incremental --encoding=utf-8 HEAD -- SETUP.md · starting...
2026-05-15 18:57:25.381 [info]    [GIT      37ms] [/home/dev/Documents/Dev/Tradingview] git show --textconv HEAD:./SETUP.md -- [37ms]
2026-05-15 18:57:25.397 [info]    [GIT:←8   28ms] (spawn) [/home/dev/Documents/Dev/Tradingview] git blame --root --incremental --encoding=utf-8 HEAD -- SETUP.md [28ms]
2026-05-15 18:57:28.799 [info]    [GIT      34ms] [/home/dev/Documents/Dev/Tradingview] git ls-files -- SRS.md [34ms]
2026-05-15 18:57:28.814 [info]    [GIT:→9       ] (spawn) [/home/dev/Documents/Dev/Tradingview] git blame --root --incremental --encoding=utf-8 -- SRS.md · starting...
2026-05-15 18:57:28.841 [info]    [GIT:←9   39ms] (spawn) [/home/dev/Documents/Dev/Tradingview] git blame --root --incremental --encoding=utf-8 -- SRS.md [39ms]
2026-05-15 18:57:28.892 [info]    [GIT:→10      ] (spawn) [/home/dev/Documents/Dev/Tradingview] git blame --root --incremental --encoding=utf-8 HEAD -- SRS.md · starting...
2026-05-15 18:57:28.898 [info]    [GIT      43ms] [/home/dev/Documents/Dev/Tradingview] git log --format=%x1E%H%x1D --summary -n1 9e3e3f5c89cb53c22984d91996393edc6afdd087^ -- SRS.md [43ms]
2026-05-15 18:57:28.898 [info]    [GIT      57ms] [/home/dev/Documents/Dev/Tradingview] git show --textconv HEAD:./SRS.md -- [57ms]
2026-05-15 18:57:28.911 [info]    [GIT:←10  31ms] (spawn) [/home/dev/Documents/Dev/Tradingview] git blame --root --incremental --encoding=utf-8 HEAD -- SRS.md [31ms]
2026-05-15 18:57:29.373 [info]    [GIT     508ms] [/home/dev/Documents/Dev/Tradingview] git log --format=%x1E%H%x1D%aN%x1D%aE%x1D%at%x1D%cN%x1D%cE%x1D%ct%x1D%P%x1D%D%x1D%B%x1D --numstat --raw -M --use-mailmap -m --no-min-parents -n1 9e3e3f5c89cb53c22984d91996393edc6afdd087 -- [508ms]
2026-05-15 18:57:32.245 [info]    [GIT      35ms] [/home/dev/Documents/Dev/Tradingview] git ls-files -- bot_config.json [35ms]
2026-05-15 18:57:32.263 [info]    [GIT      17ms] [/home/dev/Documents/Dev/Tradingview] git show --textconv HEAD:./bot_config.json -- [17ms]
2026-05-15 18:57:43.422 [info]    [GIT      28ms] [/home/dev/Documents/Dev/Tradingview] git ls-files -- .gitignore [28ms]
2026-05-15 18:58:00.396 [info]    [GIT      25ms] [/home/dev/Documents/Dev/Tradingview] git ls-files -- requirements.txt [25ms]
2026-05-15 18:58:00.408 [info]    [GIT:→11      ] (spawn) [/home/dev/Documents/Dev/Tradingview] git blame --root --incremental --encoding=utf-8 -- requirements.txt · starting...
2026-05-15 18:58:00.412 [info]    [GIT:←11  15ms] (spawn) [/home/dev/Documents/Dev/Tradingview] git blame --root --incremental --encoding=utf-8 -- requirements.txt [15ms]
2026-05-15 18:58:00.448 [info]    [GIT:→12      ] (spawn) [/home/dev/Documents/Dev/Tradingview] git blame --root --incremental --encoding=utf-8 HEAD -- requirements.txt · starting...
2026-05-15 18:58:00.449 [error]   [GIT          ] [/home/dev/Documents/Dev/Tradingview] git show --textconv HEAD:./requirements.txt -- · bad revision 'HEAD:./requirements.txt' [36ms]
2026-05-15 18:58:00.450 [error] Error: Unable to show 'requirements.txt' at revision 'HEAD' because the specified revision is invalid   [  470 →   471] RevisionGitSubProvider.getRevisionContent — failed [37ms]
2026-05-15 18:58:00.463 [error]   [GIT:←12      ] (spawn) [/home/dev/Documents/Dev/Tradingview] git blame --root --incremental --encoding=utf-8 HEAD -- requirements.txt · no such path requirements.txt in HEAD [25ms]
2026-05-15 18:58:00.466 [info]    [GIT      40ms] [/home/dev/Documents/Dev/Tradingview] git status --porcelain=v2 --branch -u --find-renames -- [40ms]
2026-05-15 18:58:00.496 [error]   [GIT          ] [/home/dev/Documents/Dev/Tradingview] git log --format=%x1E%H%x1D -n2 -L1,1:requirements.txt · There is no path requirements.txt in the commit [25ms]
2026-05-15 18:58:00.496 [error] Error: fatal: There is no path requirements.txt in the commit   [  479 →   47d] DiffGitSubProvider.getPreviousComparisonUrisForRange 
2026-05-15 18:58:00.496 [error] Error: fatal: There is no path requirements.txt in the commit   [  479 →   47d] DiffGitSubProvider.getPreviousComparisonUrisForRange — failed [71ms]
2026-05-15 19:01:01.547 [info]    [GIT      25ms] [/home/dev/Documents/Dev/Tradingview] git for-each-ref --format=%1E%(HEAD)%1D%(refname)%1D%(upstream)%1D%(upstream:track)%1D%(objectname)%1D%(committerdate:iso8601)%1D%(worktreepath)%1D refs/heads/ refs/remotes/ [25ms]
2026-05-15 19:01:01.558 [info]    [GIT      35ms] [/home/dev/Documents/Dev/Tradingview] git rev-parse --show-toplevel --git-dir --git-common-dir --show-superproject-working-tree [35ms]
2026-05-15 19:01:01.569 [info]    [GIT      11ms] [/home/dev/Documents/Dev/Tradingview] git config --get-regex -f /home/dev/Documents/Dev/Tradingview/.git/gk/config ^branch\..*\.gk-(last-(accessed|modified)|disposition)$ [11ms]
2026-05-15 19:01:01.583 [info]    [GIT      11ms] [/home/dev/Documents/Dev/Tradingview] git for-each-ref --format=%1E%(refname)%1D%(objectname)%1D%(*objectname)%1D%(creatordate:iso8601)%1D%(authordate:iso8601)%1D%(subject)%1D refs/tags/ [11ms]
2026-05-15 19:01:13.165 [info]    [GIT      12ms] [/home/dev/Documents/Dev/Tradingview] git config --get -f /home/dev/Documents/Dev/Tradingview/.git/gk/config branch.main.gk-last-accessed [12ms]
2026-05-15 19:01:13.178 [info]    [GIT      11ms] [/home/dev/Documents/Dev/Tradingview] git config -f /home/dev/Documents/Dev/Tradingview/.git/gk/config branch.main.gk-last-accessed 2026-05-15T15:01:13.152Z [11ms]
2026-05-15 19:01:13.189 [info]    [GIT      11ms] [/home/dev/Documents/Dev/Tradingview] git config --get -f /home/dev/Documents/Dev/Tradingview/.git/gk/config branch.main.gk-last-modified [11ms]
2026-05-15 19:01:13.201 [info]    [GIT      11ms] [/home/dev/Documents/Dev/Tradingview] git config -f /home/dev/Documents/Dev/Tradingview/.git/gk/config branch.main.gk-last-modified 2026-05-15T15:01:13.152Z [11ms]
2026-05-15 19:01:59.581 [info]    [GIT      26ms] [/home/dev/Documents/Dev/Tradingview] git ls-files -- .gitignore [26ms]
2026-05-15 19:01:59.593 [info]    [GIT      11ms] [/home/dev/Documents/Dev/Tradingview] git config --get-regex ^user\.(name|email)$ [11ms]
2026-05-15 19:01:59.604 [info]    [GIT      10ms] [/home/dev/Documents/Dev/Tradingview] git check-mailmap Abdullah Abdul Hakim <abdullaabdulhakeem25@gmail.com> [10ms]
2026-05-15 19:01:59.615 [info]    [GIT:→13      ] (spawn) [/home/dev/Documents/Dev/Tradingview] git blame --root --incremental --encoding=utf-8 9b50ddb8725bbdf9dacacdd9f1c8bd84bd78dd19 -- .gitignore · starting...
2026-05-15 19:01:59.671 [info]    [GIT:←13  66ms] (spawn) [/home/dev/Documents/Dev/Tradingview] git blame --root --incremental --encoding=utf-8 9b50ddb8725bbdf9dacacdd9f1c8bd84bd78dd19 -- .gitignore [66ms]
2026-05-15 19:01:59.683 [info]    [GIT      10ms] [/home/dev/Documents/Dev/Tradingview] git remote -v [10ms]
2026-05-15 19:01:59.694 [info]    [GIT      10ms] [/home/dev/Documents/Dev/Tradingview] git config --get -f /home/dev/Documents/Dev/Tradingview/.git/gk/config gk.defaultRemote [10ms]
2026-05-15 19:01:59.716 [info]    [GIT      19ms] [/home/dev/Documents/Dev/Tradingview] git log --format=%x1E%H%x1D --summary -n1 9b50ddb8725bbdf9dacacdd9f1c8bd84bd78dd19^ -- .gitignore [19ms]
2026-05-15 19:02:00.405 [info]    [GIT     698ms] [/home/dev/Documents/Dev/Tradingview] git log --format=%x1E%H%x1D%aN%x1D%aE%x1D%at%x1D%cN%x1D%cE%x1D%ct%x1D%P%x1D%D%x1D%B%x1D --numstat --raw -M --use-mailmap -m --no-min-parents -n1 9b50ddb8725bbdf9dacacdd9f1c8bd84bd78dd19 -- [698ms]
2026-05-15 19:04:52.275 [info]    [GIT      23ms] [/home/dev/Documents/Dev/Tradingview] git for-each-ref --format=%1E%(HEAD)%1D%(refname)%1D%(upstream)%1D%(upstream:track)%1D%(objectname)%1D%(committerdate:iso8601)%1D%(worktreepath)%1D refs/heads/ refs/remotes/ [23ms]
2026-05-15 19:04:52.285 [info]    [GIT      33ms] [/home/dev/Documents/Dev/Tradingview] git rev-parse --show-toplevel --git-dir --git-common-dir --show-superproject-working-tree [33ms]
2026-05-15 19:04:52.299 [info]    [GIT      14ms] [/home/dev/Documents/Dev/Tradingview] git config --get-regex -f /home/dev/Documents/Dev/Tradingview/.git/gk/config ^branch\..*\.gk-(last-(accessed|modified)|disposition)$ [14ms]
2026-05-15 19:04:55.736 [info]    [  641 →   642] PausedOperationsGitSubProvider.getPausedOperationStatus Detected paused operations: rebase-merge
2026-05-15 19:04:55.755 [info]    [GIT      17ms] [/home/dev/Documents/Dev/Tradingview] git rev-parse --quiet --verify REBASE_HEAD [17ms]
2026-05-15 19:04:55.793 [info]    [GIT      35ms] [/home/dev/Documents/Dev/Tradingview] git branch -a --format=%(refname:short) --points-at=7f518f181c068d109eba374b3d69149d1bb6aef1 [35ms]
2026-05-15 19:04:55.794 [error]   [GIT          ] [/home/dev/Documents/Dev/Tradingview] git merge-base 9e3e3f5c89cb53c22984d91996393edc6afdd087 HEAD · Command failed with exit code 1 [36ms]
2026-05-15 19:04:55.794 [error] Error: Command failed with exit code 1   [  642 →   644] RefsGitSubProvider.getMergeBase 
2026-05-15 19:04:55.794 [info]    [GIT      37ms] [/home/dev/Documents/Dev/Tradingview] git tag --format=%(refname:short) --points-at=7f518f181c068d109eba374b3d69149d1bb6aef1 [37ms]
2026-05-15 19:04:55.875 [info]    [GIT      13ms] [/home/dev/Documents/Dev/Tradingview] git for-each-ref --format=%1E%(HEAD)%1D%(refname)%1D%(upstream)%1D%(upstream:track)%1D%(objectname)%1D%(committerdate:iso8601)%1D%(worktreepath)%1D refs/heads/ refs/remotes/ [13ms]
2026-05-15 19:04:55.891 [warning] [GIT          ] [/home/dev/Documents/Dev/Tradingview] git rev-parse --abbrev-ref --symbolic-full-name @ @{u} -- · ABORTED after 13ms (cancellation)
2026-05-15 19:04:55.891 [error]   [GIT          ] [/home/dev/Documents/Dev/Tradingview] git rev-parse --abbrev-ref --symbolic-full-name @ @{u} -- · cancelled [14ms]
2026-05-15 19:04:56.112 [error]   [GIT          ] [/home/dev/Documents/Dev/Tradingview] git rev-parse --abbrev-ref --symbolic-full-name @ @{u} -- · HEAD does not point to a branch [15ms]
2026-05-15 19:04:56.125 [info]    [GIT      13ms] [/home/dev/Documents/Dev/Tradingview] git log -n1 --format=%H -- [13ms]
2026-05-15 19:04:56.139 [info]    [GIT      13ms] [/home/dev/Documents/Dev/Tradingview] git log -n1 --format=%ct -- [13ms]
2026-05-15 19:04:56.356 [info]    [GIT       9ms] [/home/dev/Documents/Dev/Tradingview] git ls-files -z --unmerged [9ms]
2026-05-15 19:04:56.453 [info]    [GIT      13ms] [/home/dev/Documents/Dev/Tradingview] git config --get-regex ^user\.(name|email)$ [13ms]
2026-05-15 19:04:56.465 [info]    [GIT      11ms] [/home/dev/Documents/Dev/Tradingview] git check-mailmap Abdullah Abdul Hakim <abdullaabdulhakeem25@gmail.com> [11ms]
2026-05-15 19:04:56.477 [info]    [GIT:→14      ] (spawn) [/home/dev/Documents/Dev/Tradingview] git log --format=%x1E%H%x1D%aN%x1D%aE%x1D%at%x1D%cN%x1D%cE%x1D%ct%x1D%P%x1D%D%x1D%B%x1D --numstat --raw -M --use-mailmap --no-walk --stdin -- · starting...
2026-05-15 19:04:58.246 [info]    [GIT:←141779ms] (spawn) [/home/dev/Documents/Dev/Tradingview] git log --format=%x1E%H%x1D%aN%x1D%aE%x1D%at%x1D%cN%x1D%cE%x1D%ct%x1D%P%x1D%D%x1D%B%x1D --numstat --raw -M --use-mailmap --no-walk --stdin -- [1779ms]
2026-05-15 19:04:58.246 [warning] [  672 →   673] CommitsGitSubProvider.searchCommits(repoPath=/home/dev/Documents/Dev/Tradingview, search=[]: #:9b50ddb8725bbdf9dacacdd9f1c8bd84bd78dd19 #:9e3e3f5c89cb53c22984d91996393edc6afdd087 #:7f518f181c068d109eba374b3d69149d1bb6aef1) completed [*1806ms] (slow)
2026-05-15 19:04:58.248 [warning] [          672] WebviewController(gitlens.rebase|409fcb8b-6944-4a6e-827e-15fa6d4e68ea).onMessageReceivedCore(e=webview:2, method=rebase/commits/get) completed • ipc (webview -> host) duration=1ms [*1808ms] (slow)
2026-05-15 19:05:20.592 [warning] [GIT          ] [/home/dev/Documents/Dev/Tradingview] git rev-parse --verify --end-of-options 9e3e3f5c89cb53c22984d91996393edc6afdd087^{commit} · ABORTED after 15ms (cancellation)
2026-05-15 19:05:20.592 [info]    [GIT      15ms] [/home/dev/Documents/Dev/Tradingview] git rev-parse --verify --end-of-options 9e3e3f5c89cb53c22984d91996393edc6afdd087^{commit} [15ms]
2026-05-15 19:05:21.020 [info]    [GIT      13ms] [/home/dev/Documents/Dev/Tradingview] git rev-parse --verify --end-of-options ed25519^{commit} [13ms]
2026-05-15 19:05:21.992 [info]    [GIT      12ms] [/home/dev/Documents/Dev/Tradingview] git rev-parse --verify --end-of-options ed25519^{commit} [12ms]
2026-05-15 19:07:06.877 [info]    [GIT      12ms] [/home/dev/Documents/Dev/Tradingview] git ls-files -z --unmerged [12ms]
2026-05-15 19:07:14.480 [info]    [GIT      23ms] [/home/dev/Documents/Dev/Tradingview] git for-each-ref --format=%1E%(HEAD)%1D%(refname)%1D%(upstream)%1D%(upstream:track)%1D%(objectname)%1D%(committerdate:iso8601)%1D%(worktreepath)%1D refs/heads/ refs/remotes/ [23ms]
2026-05-15 19:07:14.489 [info]    [GIT      32ms] [/home/dev/Documents/Dev/Tradingview] git rev-parse --show-toplevel --git-dir --git-common-dir --show-superproject-working-tree [32ms]
2026-05-15 19:07:14.501 [error]   [GIT          ] [/home/dev/Documents/Dev/Tradingview] git rev-parse --abbrev-ref --symbolic-full-name @ @{u} -- · HEAD does not point to a branch [11ms]
2026-05-15 19:07:14.513 [info]    [GIT      11ms] [/home/dev/Documents/Dev/Tradingview] git log -n1 --format=%H -- [11ms]
2026-05-15 19:07:14.526 [info]    [GIT      12ms] [/home/dev/Documents/Dev/Tradingview] git log -n1 --format=%ct -- [12ms]
2026-05-15 19:07:14.538 [info]    [GIT      11ms] [/home/dev/Documents/Dev/Tradingview] git rev-parse --verify --end-of-options ed25519^{commit} [11ms]
2026-05-15 19:07:15.191 [warning] [GIT          ] [/home/dev/Documents/Dev/Tradingview] git rev-parse --verify --end-of-options ed25519^{commit} · ABORTED after 12ms (cancellation)
2026-05-15 19:07:15.191 [info]    [GIT      13ms] [/home/dev/Documents/Dev/Tradingview] git rev-parse --verify --end-of-options ed25519^{commit} [13ms]
2026-05-15 19:07:19.438 [info]    [GIT      13ms] [/home/dev/Documents/Dev/Tradingview] git for-each-ref --format=%1E%(HEAD)%1D%(refname)%1D%(upstream)%1D%(upstream:track)%1D%(objectname)%1D%(committerdate:iso8601)%1D%(worktreepath)%1D refs/heads/ refs/remotes/ [13ms]
2026-05-15 19:07:19.451 [error]   [GIT          ] [/home/dev/Documents/Dev/Tradingview] git rev-parse --abbrev-ref --symbolic-full-name @ @{u} -- · HEAD does not point to a branch [12ms]
2026-05-15 19:07:19.462 [info]    [GIT      11ms] [/home/dev/Documents/Dev/Tradingview] git log -n1 --format=%H -- [11ms]
2026-05-15 19:07:19.475 [info]    [GIT      12ms] [/home/dev/Documents/Dev/Tradingview] git log -n1 --format=%ct -- [12ms]
2026-05-15 19:07:25.749 [info]    [GIT      12ms] [/home/dev/Documents/Dev/Tradingview] git config --get -f /home/dev/Documents/Dev/Tradingview/.git/gk/config branch.main.gk-last-accessed [12ms]
2026-05-15 19:07:25.761 [info]    [GIT      11ms] [/home/dev/Documents/Dev/Tradingview] git config -f /home/dev/Documents/Dev/Tradingview/.git/gk/config branch.main.gk-last-accessed 2026-05-15T15:07:25.737Z [11ms]
2026-05-15 19:07:37.364 [error]   [GIT          ] [/home/dev/Documents/Dev/Tradingview] git rebase --continue · Rebasing (2/3) · error: The following untracked working tree files would be overwritten by merge: · 	dashboard/node_modules/.bin/baseline-browser-mapping · 	dashboard/node_modules/.bin/browserslist · 	dashboard/node_modules/.bin/crc32 · 	dashboard/node_modules/.bin/esbuild · 	dashboard/node_modules/.bin/jsesc · 	dashboard/node_modules/.bin/json5 · 	dashboard/node_modules/.bin/loose-envify · 	dashboard/node_modules/.bin/nanoid · 	dashboard/node_modules/.bin/parser · 	dashboard/node_modules/.bin/rollup · 	dashboard/node_modules/.bin/semver · 	dashboard/node_modules/.bin/update-browserslist-db · 	dashboard/node_modules/.bin/vite · 	dashboard/node_modules/.bin/xlsx · 	dashboard/node_modules/.package-lock.json · 	dashboard/node_modules/.vite/deps/@tanstack_react-query.js · 	dashboard/node_modules/.vite/deps/@tanstack_react-query.js.map · 	dashboard/node_modules/.vite/deps/_metadata.json · 	dashboard/node_modules/.vite/deps/chunk-KBTYAULA.js · 	dashboard/node_modules/.vite/deps/chunk-KBTYAULA.js.map · 	dashboard/node_modules/.vite/deps/chunk-QCHXOAYK.js · 	dashboard/node_modules/.vite/deps/chunk-QCHXOAYK.js.map · 	dashboard/node_modules/.vite/deps/chunk-RPCDYKBN.js · 	dashboard/node_modules/.vite/deps/chunk-RPCDYKBN.js.map · 	dashboard/node_modules/.vite/deps/chunk-WOOG5QLI.js · 	dashboard/node_modules/.vite/deps/chunk-WOOG5QLI.js.map · 	dashboard/node_modules/.vite/deps/date-fns.js · 	dashboard/node_modules/.vite/deps/date-fns.js.map · 	dashboard/node_modules/.vite/deps/lightweight-charts.js · 	dashboard/node_modules/.vite/deps/lightweight-charts.js.map · 	dashboard/node_modules/.vite/deps/package.json · 	dashboard/node_modules/.vite/deps/papaparse.js · 	dashboard/node_modules/.vite/deps/papaparse.js.map · 	dashboard/node_modules/.vite/deps/react-dom.js · 	dashboard/node_modules/.vite/deps/react-dom.js.map · 	dashboard/node_modules/.vite/deps/react-dom_client.js · 	dashboard/node_modules/.vite/deps/react-dom_client.js.map · 	dashboard/node_modules/.vite/deps/react-router-dom.js · 	dashboard/node_modules/.vite/deps/react-router-dom.js.map · 	dashboard/node_modules/.vite/deps/react.js · 	dashboard/node_modules/.vite/deps/react.js.map · 	dashboard/node_modules/.vite/deps/react_jsx-dev-runtime.js · 	dashboard/node_modules/.vite/deps/react_jsx-dev-runtime.js.map · 	dashboard/node_modules/.vite/deps/react_jsx-runtime.js · 	dashboard/node_modules/.vite/deps/react_jsx-runtime.js.map · 	dashboard/node_modules/.vite/deps/recharts.js · 	dashboard/node_modules/.vite/deps/recharts.js.map · 	dashboard/node_modules/.vite/deps/zustand.js · 	dashboard/node_modules/.vite/deps/zustand.js.map · 	dashboard/node_modules/@babel/code-frame/LICENSE · 	dashboard/node_modules/@babel/code-frame/README.md · 	dashboard/node_modules/@babel/code-frame/lib/index.js · 	dashboard/node_modules/@babel/code-frame/lib/index.js.map · 	dashboard/node_modules/@babel/code-frame/package.json · 	dashboard/node_modules/@babel/compat-data/LICENSE · 	dashboard/node_modules/@babel/compat-data/README.md · 	dashboard/node_modules/@babel/compat-data/corejs2-built-ins.js · 	dashboard/node_modules/@babel/compat-data/corejs3-shipped-proposals.js · 	dashboard/node_modules/@babel/compat-data/data/corejs2-built-ins.json · 	dashboard/node_modules/@babel/compat-data/data/corejs3-shipped-proposals.json · 	dashboard/node_modules/@babel/compat-data/data/native-modules.json · 	dashboard/node_modules/@babel/compat-data/data/overlapping-plugins.json · 	dashboard/node_modules/@babel/compat-data/data/plugin-bugfixes.json · 	dashboard/node_modules/@babel/compat-data/data/plugins.json · 	dashboard/node_modules/@babel/compat-data/native-modules.js · 	dashboard/node_modules/@babel/compat-data/overlapping-plugins.js · 	dashboard/node_modules/@babel/compat-data/package.json · 	dashboard/node_modules/@babel/compat-data/plugin-bugfixes.js · 	dashboard/node_modules/@babel/compat-data/plugins.js · 	dashboard/node_modules/@babel/core/LICENSE · 	dashboard/node_modules/@babel/core/README.md · 	dashboard/node_modules/@babel/core/lib/config/cache-contexts.js · 	dashboard/node_modules/@babel/core/lib/config/cache-contexts.js.map · 	dashboard/node_modules/@babel/core/lib/config/caching.js · 	dashboard/node_modules/@babel/core/lib/config/caching.js.map · 	dashboard/node_modu · Aborting · hint: Could not execute the todo command · hint: · hint:     pick 9e3e3f5c89cb53c22984d91996393edc6afdd087 # First changes · hint: · hint: It has been rescheduled; To edit the command before continuing, please · hint: edit the todo list first: · hint: · hint:     git rebase --edit-todo · hint:     git rebase --continue [45ms]
2026-05-15 19:07:37.365 [error] Error: Rebasing (2/3)error: The following untracked working tree files would be overwritten by merge:
	dashboard/node_modules/.bin/baseline-browser-mapping
	dashboard/node_modules/.bin/browserslist
	dashboard/node_modules/.bin/crc32
	dashboard/node_modules/.bin/esbuild
	dashboard/node_modules/.bin/jsesc
	dashboard/node_modules/.bin/json5
	dashboard/node_modules/.bin/loose-envify
	dashboard/node_modules/.bin/nanoid
	dashboard/node_modules/.bin/parser
	dashboard/node_modules/.bin/rollup
	dashboard/node_modules/.bin/semver
	dashboard/node_modules/.bin/update-browserslist-db
	dashboard/node_modules/.bin/vite
	dashboard/node_modules/.bin/xlsx
	dashboard/node_modules/.package-lock.json
	dashboard/node_modules/.vite/deps/@tanstack_react-query.js
	dashboard/node_modules/.vite/deps/@tanstack_react-query.js.map
	dashboard/node_modules/.vite/deps/_metadata.json
	dashboard/node_modules/.vite/deps/chunk-KBTYAULA.js
	dashboard/node_modules/.vite/deps/chunk-KBTYAULA.js.map
	dashboard/node_modules/.vite/deps/chunk-QCHXOAYK.js
	dashboard/node_modules/.vite/deps/chunk-QCHXOAYK.js.map
	dashboard/node_modules/.vite/deps/chunk-RPCDYKBN.js
	dashboard/node_modules/.vite/deps/chunk-RPCDYKBN.js.map
	dashboard/node_modules/.vite/deps/chunk-WOOG5QLI.js
	dashboard/node_modules/.vite/deps/chunk-WOOG5QLI.js.map
	dashboard/node_modules/.vite/deps/date-fns.js
	dashboard/node_modules/.vite/deps/date-fns.js.map
	dashboard/node_modules/.vite/deps/lightweight-charts.js
	dashboard/node_modules/.vite/deps/lightweight-charts.js.map
	dashboard/node_modules/.vite/deps/package.json
	dashboard/node_modules/.vite/deps/papaparse.js
	dashboard/node_modules/.vite/deps/papaparse.js.map
	dashboard/node_modules/.vite/deps/react-dom.js
	dashboard/node_modules/.vite/deps/react-dom.js.map
	dashboard/node_modules/.vite/deps/react-dom_client.js
	dashboard/node_modules/.vite/deps/react-dom_client.js.map
	dashboard/node_modules/.vite/deps/react-router-dom.js
	dashboard/node_modules/.vite/deps/react-router-dom.js.map
	dashboard/node_modules/.vite/deps/react.js
	dashboard/node_modules/.vite/deps/react.js.map
	dashboard/node_modules/.vite/deps/react_jsx-dev-runtime.js
	dashboard/node_modules/.vite/deps/react_jsx-dev-runtime.js.map
	dashboard/node_modules/.vite/deps/react_jsx-runtime.js
	dashboard/node_modules/.vite/deps/react_jsx-runtime.js.map
	dashboard/node_modules/.vite/deps/recharts.js
	dashboard/node_modules/.vite/deps/recharts.js.map
	dashboard/node_modules/.vite/deps/zustand.js
	dashboard/node_modules/.vite/deps/zustand.js.map
	dashboard/node_modules/@babel/code-frame/LICENSE
	dashboard/node_modules/@babel/code-frame/README.md
	dashboard/node_modules/@babel/code-frame/lib/index.js
	dashboard/node_modules/@babel/code-frame/lib/index.js.map
	dashboard/node_modules/@babel/code-frame/package.json
	dashboard/node_modules/@babel/compat-data/LICENSE
	dashboard/node_modules/@babel/compat-data/README.md
	dashboard/node_modules/@babel/compat-data/corejs2-built-ins.js
	dashboard/node_modules/@babel/compat-data/corejs3-shipped-proposals.js
	dashboard/node_modules/@babel/compat-data/data/corejs2-built-ins.json
	dashboard/node_modules/@babel/compat-data/data/corejs3-shipped-proposals.json
	dashboard/node_modules/@babel/compat-data/data/native-modules.json
	dashboard/node_modules/@babel/compat-data/data/overlapping-plugins.json
	dashboard/node_modules/@babel/compat-data/data/plugin-bugfixes.json
	dashboard/node_modules/@babel/compat-data/data/plugins.json
	dashboard/node_modules/@babel/compat-data/native-modules.js
	dashboard/node_modules/@babel/compat-data/overlapping-plugins.js
	dashboard/node_modules/@babel/compat-data/package.json
	dashboard/node_modules/@babel/compat-data/plugin-bugfixes.js
	dashboard/node_modules/@babel/compat-data/plugins.js
	dashboard/node_modules/@babel/core/LICENSE
	dashboard/node_modules/@babel/core/README.md
	dashboard/node_modules/@babel/core/lib/config/cache-contexts.js
	dashboard/node_modules/@babel/core/lib/config/cache-contexts.js.map
	dashboard/node_modules/@babel/core/lib/config/caching.js
	dashboard/node_modules/@babel/core/lib/config/caching.js.map
	dashboard/node_modu
Aborting
hint: Could not execute the todo command
hint:
hint:     pick 9e3e3f5c89cb53c22984d91996393edc6afdd087 # First changes
hint:
hint: It has been rescheduled; To edit the command before continuing, please
hint: edit the todo list first:
hint:
hint:     git rebase --edit-todo
hint:     git rebase --continue   [  784 →   785] PausedOperationsGitSubProvider.continuePausedOperation 
2026-05-15 19:07:37.366 [error] Error: Unable to continue the rebase operation: Rebasing (2/3)error: The following untracked working tree files would be overwritten by merge:
	dashboard/node_modules/.bin/baseline-browser-mapping
	dashboard/node_modules/.bin/browserslist
	dashboard/node_modules/.bin/crc32
	dashboard/node_modules/.bin/esbuild
	dashboard/node_modules/.bin/jsesc
	dashboard/node_modules/.bin/json5
	dashboard/node_modules/.bin/loose-envify
	dashboard/node_modules/.bin/nanoid
	dashboard/node_modules/.bin/parser
	dashboard/node_modules/.bin/rollup
	dashboard/node_modules/.bin/semver
	dashboard/node_modules/.bin/update-browserslist-db
	dashboard/node_modules/.bin/vite
	dashboard/node_modules/.bin/xlsx
	dashboard/node_modules/.package-lock.json
	dashboard/node_modules/.vite/deps/@tanstack_react-query.js
	dashboard/node_modules/.vite/deps/@tanstack_react-query.js.map
	dashboard/node_modules/.vite/deps/_metadata.json
	dashboard/node_modules/.vite/deps/chunk-KBTYAULA.js
	dashboard/node_modules/.vite/deps/chunk-KBTYAULA.js.map
	dashboard/node_modules/.vite/deps/chunk-QCHXOAYK.js
	dashboard/node_modules/.vite/deps/chunk-QCHXOAYK.js.map
	dashboard/node_modules/.vite/deps/chunk-RPCDYKBN.js
	dashboard/node_modules/.vite/deps/chunk-RPCDYKBN.js.map
	dashboard/node_modules/.vite/deps/chunk-WOOG5QLI.js
	dashboard/node_modules/.vite/deps/chunk-WOOG5QLI.js.map
	dashboard/node_modules/.vite/deps/date-fns.js
	dashboard/node_modules/.vite/deps/date-fns.js.map
	dashboard/node_modules/.vite/deps/lightweight-charts.js
	dashboard/node_modules/.vite/deps/lightweight-charts.js.map
	dashboard/node_modules/.vite/deps/package.json
	dashboard/node_modules/.vite/deps/papaparse.js
	dashboard/node_modules/.vite/deps/papaparse.js.map
	dashboard/node_modules/.vite/deps/react-dom.js
	dashboard/node_modules/.vite/deps/react-dom.js.map
	dashboard/node_modules/.vite/deps/react-dom_client.js
	dashboard/node_modules/.vite/deps/react-dom_client.js.map
	dashboard/node_modules/.vite/deps/react-router-dom.js
	dashboard/node_modules/.vite/deps/react-router-dom.js.map
	dashboard/node_modules/.vite/deps/react.js
	dashboard/node_modules/.vite/deps/react.js.map
	dashboard/node_modules/.vite/deps/react_jsx-dev-runtime.js
	dashboard/node_modules/.vite/deps/react_jsx-dev-runtime.js.map
	dashboard/node_modules/.vite/deps/react_jsx-runtime.js
	dashboard/node_modules/.vite/deps/react_jsx-runtime.js.map
	dashboard/node_modules/.vite/deps/recharts.js
	dashboard/node_modules/.vite/deps/recharts.js.map
	dashboard/node_modules/.vite/deps/zustand.js
	dashboard/node_modules/.vite/deps/zustand.js.map
	dashboard/node_modules/@babel/code-frame/LICENSE
	dashboard/node_modules/@babel/code-frame/README.md
	dashboard/node_modules/@babel/code-frame/lib/index.js
	dashboard/node_modules/@babel/code-frame/lib/index.js.map
	dashboard/node_modules/@babel/code-frame/package.json
	dashboard/node_modules/@babel/compat-data/LICENSE
	dashboard/node_modules/@babel/compat-data/README.md
	dashboard/node_modules/@babel/compat-data/corejs2-built-ins.js
	dashboard/node_modules/@babel/compat-data/corejs3-shipped-proposals.js
	dashboard/node_modules/@babel/compat-data/data/corejs2-built-ins.json
	dashboard/node_modules/@babel/compat-data/data/corejs3-shipped-proposals.json
	dashboard/node_modules/@babel/compat-data/data/native-modules.json
	dashboard/node_modules/@babel/compat-data/data/overlapping-plugins.json
	dashboard/node_modules/@babel/compat-data/data/plugin-bugfixes.json
	dashboard/node_modules/@babel/compat-data/data/plugins.json
	dashboard/node_modules/@babel/compat-data/native-modules.js
	dashboard/node_modules/@babel/compat-data/overlapping-plugins.js
	dashboard/node_modules/@babel/compat-data/package.json
	dashboard/node_modules/@babel/compat-data/plugin-bugfixes.js
	dashboard/node_modules/@babel/compat-data/plugins.js
	dashboard/node_modules/@babel/core/LICENSE
	dashboard/node_modules/@babel/core/README.md
	dashboard/node_modules/@babel/core/lib/config/cache-contexts.js
	dashboard/node_modules/@babel/core/lib/config/cache-contexts.js.map
	dashboard/node_modules/@babel/core/lib/config/caching.js
	dashboard/node_modules/@babel/core/lib/config/caching.js.map
	dashboard/node_modu
Aborting
hint: Could not execute the todo command
hint:
hint:     pick 9e3e3f5c89cb53c22984d91996393edc6afdd087 # First changes
hint:
hint: It has been rescheduled; To edit the command before continuing, please
hint: edit the todo list first:
hint:
hint:     git rebase --edit-todo
hint:     git rebase --continue   [  784 →   785] PausedOperationsGitSubProvider.continuePausedOperation — failed [46ms]
2026-05-15 19:07:37.742 [info]    [  78f →   790] PausedOperationsGitSubProvider.getPausedOperationStatus Detected paused operations: rebase-merge
2026-05-15 19:07:37.755 [info]    [GIT      12ms] [/home/dev/Documents/Dev/Tradingview] git rev-parse --quiet --verify REBASE_HEAD [12ms]
2026-05-15 19:07:37.789 [info]    [GIT      33ms] [/home/dev/Documents/Dev/Tradingview] git branch -a --format=%(refname:short) --points-at=7f518f181c068d109eba374b3d69149d1bb6aef1 [33ms]
2026-05-15 19:07:37.790 [error]   [GIT          ] [/home/dev/Documents/Dev/Tradingview] git merge-base 9e3e3f5c89cb53c22984d91996393edc6afdd087 HEAD · Command failed with exit code 1 [34ms]
2026-05-15 19:07:37.790 [error] Error: Command failed with exit code 1   [  790 →   792] RefsGitSubProvider.getMergeBase 
2026-05-15 19:07:37.791 [info]    [GIT      35ms] [/home/dev/Documents/Dev/Tradingview] git tag --format=%(refname:short) --points-at=7f518f181c068d109eba374b3d69149d1bb6aef1 [35ms]
2026-05-15 19:07:38.005 [info]    [GIT      12ms] [/home/dev/Documents/Dev/Tradingview] git ls-files -z --unmerged [12ms]
2026-05-15 19:07:41.960 [error]   [GIT          ] [/home/dev/Documents/Dev/Tradingview] git rebase --skip · Rebasing (3/4) · error: The following untracked working tree files would be overwritten by merge: · 	dashboard/node_modules/.bin/baseline-browser-mapping · 	dashboard/node_modules/.bin/browserslist · 	dashboard/node_modules/.bin/crc32 · 	dashboard/node_modules/.bin/esbuild · 	dashboard/node_modules/.bin/jsesc · 	dashboard/node_modules/.bin/json5 · 	dashboard/node_modules/.bin/loose-envify · 	dashboard/node_modules/.bin/nanoid · 	dashboard/node_modules/.bin/parser · 	dashboard/node_modules/.bin/rollup · 	dashboard/node_modules/.bin/semver · 	dashboard/node_modules/.bin/update-browserslist-db · 	dashboard/node_modules/.bin/vite · 	dashboard/node_modules/.bin/xlsx · 	dashboard/node_modules/.package-lock.json · 	dashboard/node_modules/.vite/deps/@tanstack_react-query.js · 	dashboard/node_modules/.vite/deps/@tanstack_react-query.js.map · 	dashboard/node_modules/.vite/deps/_metadata.json · 	dashboard/node_modules/.vite/deps/chunk-KBTYAULA.js · 	dashboard/node_modules/.vite/deps/chunk-KBTYAULA.js.map · 	dashboard/node_modules/.vite/deps/chunk-QCHXOAYK.js · 	dashboard/node_modules/.vite/deps/chunk-QCHXOAYK.js.map · 	dashboard/node_modules/.vite/deps/chunk-RPCDYKBN.js · 	dashboard/node_modules/.vite/deps/chunk-RPCDYKBN.js.map · 	dashboard/node_modules/.vite/deps/chunk-WOOG5QLI.js · 	dashboard/node_modules/.vite/deps/chunk-WOOG5QLI.js.map · 	dashboard/node_modules/.vite/deps/date-fns.js · 	dashboard/node_modules/.vite/deps/date-fns.js.map · 	dashboard/node_modules/.vite/deps/lightweight-charts.js · 	dashboard/node_modules/.vite/deps/lightweight-charts.js.map · 	dashboard/node_modules/.vite/deps/package.json · 	dashboard/node_modules/.vite/deps/papaparse.js · 	dashboard/node_modules/.vite/deps/papaparse.js.map · 	dashboard/node_modules/.vite/deps/react-dom.js · 	dashboard/node_modules/.vite/deps/react-dom.js.map · 	dashboard/node_modules/.vite/deps/react-dom_client.js · 	dashboard/node_modules/.vite/deps/react-dom_client.js.map · 	dashboard/node_modules/.vite/deps/react-router-dom.js · 	dashboard/node_modules/.vite/deps/react-router-dom.js.map · 	dashboard/node_modules/.vite/deps/react.js · 	dashboard/node_modules/.vite/deps/react.js.map · 	dashboard/node_modules/.vite/deps/react_jsx-dev-runtime.js · 	dashboard/node_modules/.vite/deps/react_jsx-dev-runtime.js.map · 	dashboard/node_modules/.vite/deps/react_jsx-runtime.js · 	dashboard/node_modules/.vite/deps/react_jsx-runtime.js.map · 	dashboard/node_modules/.vite/deps/recharts.js · 	dashboard/node_modules/.vite/deps/recharts.js.map · 	dashboard/node_modules/.vite/deps/zustand.js · 	dashboard/node_modules/.vite/deps/zustand.js.map · 	dashboard/node_modules/@babel/code-frame/LICENSE · 	dashboard/node_modules/@babel/code-frame/README.md · 	dashboard/node_modules/@babel/code-frame/lib/index.js · 	dashboard/node_modules/@babel/code-frame/lib/index.js.map · 	dashboard/node_modules/@babel/code-frame/package.json · 	dashboard/node_modules/@babel/compat-data/LICENSE · 	dashboard/node_modules/@babel/compat-data/README.md · 	dashboard/node_modules/@babel/compat-data/corejs2-built-ins.js · 	dashboard/node_modules/@babel/compat-data/corejs3-shipped-proposals.js · 	dashboard/node_modules/@babel/compat-data/data/corejs2-built-ins.json · 	dashboard/node_modules/@babel/compat-data/data/corejs3-shipped-proposals.json · 	dashboard/node_modules/@babel/compat-data/data/native-modules.json · 	dashboard/node_modules/@babel/compat-data/data/overlapping-plugins.json · 	dashboard/node_modules/@babel/compat-data/data/plugin-bugfixes.json · 	dashboard/node_modules/@babel/compat-data/data/plugins.json · 	dashboard/node_modules/@babel/compat-data/native-modules.js · 	dashboard/node_modules/@babel/compat-data/overlapping-plugins.js · 	dashboard/node_modules/@babel/compat-data/package.json · 	dashboard/node_modules/@babel/compat-data/plugin-bugfixes.js · 	dashboard/node_modules/@babel/compat-data/plugins.js · 	dashboard/node_modules/@babel/core/LICENSE · 	dashboard/node_modules/@babel/core/README.md · 	dashboard/node_modules/@babel/core/lib/config/cache-contexts.js · 	dashboard/node_modules/@babel/core/lib/config/cache-contexts.js.map · 	dashboard/node_modules/@babel/core/lib/config/caching.js · 	dashboard/node_modules/@babel/core/lib/config/caching.js.map · 	dashboard/node_modu · Aborting · hint: Could not execute the todo command · hint: · hint:     pick 9e3e3f5c89cb53c22984d91996393edc6afdd087 # First changes · hint: · hint: It has been rescheduled; To edit the command before continuing, please · hint: edit the todo list first: · hint: · hint:     git rebase --edit-todo · hint:     git rebase --continue [44ms]
2026-05-15 19:07:41.960 [error] Error: Rebasing (3/4)error: The following untracked working tree files would be overwritten by merge:
	dashboard/node_modules/.bin/baseline-browser-mapping
	dashboard/node_modules/.bin/browserslist
	dashboard/node_modules/.bin/crc32
	dashboard/node_modules/.bin/esbuild
	dashboard/node_modules/.bin/jsesc
	dashboard/node_modules/.bin/json5
	dashboard/node_modules/.bin/loose-envify
	dashboard/node_modules/.bin/nanoid
	dashboard/node_modules/.bin/parser
	dashboard/node_modules/.bin/rollup
	dashboard/node_modules/.bin/semver
	dashboard/node_modules/.bin/update-browserslist-db
	dashboard/node_modules/.bin/vite
	dashboard/node_modules/.bin/xlsx
	dashboard/node_modules/.package-lock.json
	dashboard/node_modules/.vite/deps/@tanstack_react-query.js
	dashboard/node_modules/.vite/deps/@tanstack_react-query.js.map
	dashboard/node_modules/.vite/deps/_metadata.json
	dashboard/node_modules/.vite/deps/chunk-KBTYAULA.js
	dashboard/node_modules/.vite/deps/chunk-KBTYAULA.js.map
	dashboard/node_modules/.vite/deps/chunk-QCHXOAYK.js
	dashboard/node_modules/.vite/deps/chunk-QCHXOAYK.js.map
	dashboard/node_modules/.vite/deps/chunk-RPCDYKBN.js
	dashboard/node_modules/.vite/deps/chunk-RPCDYKBN.js.map
	dashboard/node_modules/.vite/deps/chunk-WOOG5QLI.js
	dashboard/node_modules/.vite/deps/chunk-WOOG5QLI.js.map
	dashboard/node_modules/.vite/deps/date-fns.js
	dashboard/node_modules/.vite/deps/date-fns.js.map
	dashboard/node_modules/.vite/deps/lightweight-charts.js
	dashboard/node_modules/.vite/deps/lightweight-charts.js.map
	dashboard/node_modules/.vite/deps/package.json
	dashboard/node_modules/.vite/deps/papaparse.js
	dashboard/node_modules/.vite/deps/papaparse.js.map
	dashboard/node_modules/.vite/deps/react-dom.js
	dashboard/node_modules/.vite/deps/react-dom.js.map
	dashboard/node_modules/.vite/deps/react-dom_client.js
	dashboard/node_modules/.vite/deps/react-dom_client.js.map
	dashboard/node_modules/.vite/deps/react-router-dom.js
	dashboard/node_modules/.vite/deps/react-router-dom.js.map
	dashboard/node_modules/.vite/deps/react.js
	dashboard/node_modules/.vite/deps/react.js.map
	dashboard/node_modules/.vite/deps/react_jsx-dev-runtime.js
	dashboard/node_modules/.vite/deps/react_jsx-dev-runtime.js.map
	dashboard/node_modules/.vite/deps/react_jsx-runtime.js
	dashboard/node_modules/.vite/deps/react_jsx-runtime.js.map
	dashboard/node_modules/.vite/deps/recharts.js
	dashboard/node_modules/.vite/deps/recharts.js.map
	dashboard/node_modules/.vite/deps/zustand.js
	dashboard/node_modules/.vite/deps/zustand.js.map
	dashboard/node_modules/@babel/code-frame/LICENSE
	dashboard/node_modules/@babel/code-frame/README.md
	dashboard/node_modules/@babel/code-frame/lib/index.js
	dashboard/node_modules/@babel/code-frame/lib/index.js.map
	dashboard/node_modules/@babel/code-frame/package.json
	dashboard/node_modules/@babel/compat-data/LICENSE
	dashboard/node_modules/@babel/compat-data/README.md
	dashboard/node_modules/@babel/compat-data/corejs2-built-ins.js
	dashboard/node_modules/@babel/compat-data/corejs3-shipped-proposals.js
	dashboard/node_modules/@babel/compat-data/data/corejs2-built-ins.json
	dashboard/node_modules/@babel/compat-data/data/corejs3-shipped-proposals.json
	dashboard/node_modules/@babel/compat-data/data/native-modules.json
	dashboard/node_modules/@babel/compat-data/data/overlapping-plugins.json
	dashboard/node_modules/@babel/compat-data/data/plugin-bugfixes.json
	dashboard/node_modules/@babel/compat-data/data/plugins.json
	dashboard/node_modules/@babel/compat-data/native-modules.js
	dashboard/node_modules/@babel/compat-data/overlapping-plugins.js
	dashboard/node_modules/@babel/compat-data/package.json
	dashboard/node_modules/@babel/compat-data/plugin-bugfixes.js
	dashboard/node_modules/@babel/compat-data/plugins.js
	dashboard/node_modules/@babel/core/LICENSE
	dashboard/node_modules/@babel/core/README.md
	dashboard/node_modules/@babel/core/lib/config/cache-contexts.js
	dashboard/node_modules/@babel/core/lib/config/cache-contexts.js.map
	dashboard/node_modules/@babel/core/lib/config/caching.js
	dashboard/node_modules/@babel/core/lib/config/caching.js.map
	dashboard/node_modu
Aborting
hint: Could not execute the todo command
hint:
hint:     pick 9e3e3f5c89cb53c22984d91996393edc6afdd087 # First changes
hint:
hint: It has been rescheduled; To edit the command before continuing, please
hint: edit the todo list first:
hint:
hint:     git rebase --edit-todo
hint:     git rebase --continue   [  7d2 →   7d3] PausedOperationsGitSubProvider.continuePausedOperation 
2026-05-15 19:07:41.960 [error] Error: Unable to skip the rebase operation: Rebasing (3/4)error: The following untracked working tree files would be overwritten by merge:
	dashboard/node_modules/.bin/baseline-browser-mapping
	dashboard/node_modules/.bin/browserslist
	dashboard/node_modules/.bin/crc32
	dashboard/node_modules/.bin/esbuild
	dashboard/node_modules/.bin/jsesc
	dashboard/node_modules/.bin/json5
	dashboard/node_modules/.bin/loose-envify
	dashboard/node_modules/.bin/nanoid
	dashboard/node_modules/.bin/parser
	dashboard/node_modules/.bin/rollup
	dashboard/node_modules/.bin/semver
	dashboard/node_modules/.bin/update-browserslist-db
	dashboard/node_modules/.bin/vite
	dashboard/node_modules/.bin/xlsx
	dashboard/node_modules/.package-lock.json
	dashboard/node_modules/.vite/deps/@tanstack_react-query.js
	dashboard/node_modules/.vite/deps/@tanstack_react-query.js.map
	dashboard/node_modules/.vite/deps/_metadata.json
	dashboard/node_modules/.vite/deps/chunk-KBTYAULA.js
	dashboard/node_modules/.vite/deps/chunk-KBTYAULA.js.map
	dashboard/node_modules/.vite/deps/chunk-QCHXOAYK.js
	dashboard/node_modules/.vite/deps/chunk-QCHXOAYK.js.map
	dashboard/node_modules/.vite/deps/chunk-RPCDYKBN.js
	dashboard/node_modules/.vite/deps/chunk-RPCDYKBN.js.map
	dashboard/node_modules/.vite/deps/chunk-WOOG5QLI.js
	dashboard/node_modules/.vite/deps/chunk-WOOG5QLI.js.map
	dashboard/node_modules/.vite/deps/date-fns.js
	dashboard/node_modules/.vite/deps/date-fns.js.map
	dashboard/node_modules/.vite/deps/lightweight-charts.js
	dashboard/node_modules/.vite/deps/lightweight-charts.js.map
	dashboard/node_modules/.vite/deps/package.json
	dashboard/node_modules/.vite/deps/papaparse.js
	dashboard/node_modules/.vite/deps/papaparse.js.map
	dashboard/node_modules/.vite/deps/react-dom.js
	dashboard/node_modules/.vite/deps/react-dom.js.map
	dashboard/node_modules/.vite/deps/react-dom_client.js
	dashboard/node_modules/.vite/deps/react-dom_client.js.map
	dashboard/node_modules/.vite/deps/react-router-dom.js
	dashboard/node_modules/.vite/deps/react-router-dom.js.map
	dashboard/node_modules/.vite/deps/react.js
	dashboard/node_modules/.vite/deps/react.js.map
	dashboard/node_modules/.vite/deps/react_jsx-dev-runtime.js
	dashboard/node_modules/.vite/deps/react_jsx-dev-runtime.js.map
	dashboard/node_modules/.vite/deps/react_jsx-runtime.js
	dashboard/node_modules/.vite/deps/react_jsx-runtime.js.map
	dashboard/node_modules/.vite/deps/recharts.js
	dashboard/node_modules/.vite/deps/recharts.js.map
	dashboard/node_modules/.vite/deps/zustand.js
	dashboard/node_modules/.vite/deps/zustand.js.map
	dashboard/node_modules/@babel/code-frame/LICENSE
	dashboard/node_modules/@babel/code-frame/README.md
	dashboard/node_modules/@babel/code-frame/lib/index.js
	dashboard/node_modules/@babel/code-frame/lib/index.js.map
	dashboard/node_modules/@babel/code-frame/package.json
	dashboard/node_modules/@babel/compat-data/LICENSE
	dashboard/node_modules/@babel/compat-data/README.md
	dashboard/node_modules/@babel/compat-data/corejs2-built-ins.js
	dashboard/node_modules/@babel/compat-data/corejs3-shipped-proposals.js
	dashboard/node_modules/@babel/compat-data/data/corejs2-built-ins.json
	dashboard/node_modules/@babel/compat-data/data/corejs3-shipped-proposals.json
	dashboard/node_modules/@babel/compat-data/data/native-modules.json
	dashboard/node_modules/@babel/compat-data/data/overlapping-plugins.json
	dashboard/node_modules/@babel/compat-data/data/plugin-bugfixes.json
	dashboard/node_modules/@babel/compat-data/data/plugins.json
	dashboard/node_modules/@babel/compat-data/native-modules.js
	dashboard/node_modules/@babel/compat-data/overlapping-plugins.js
	dashboard/node_modules/@babel/compat-data/package.json
	dashboard/node_modules/@babel/compat-data/plugin-bugfixes.js
	dashboard/node_modules/@babel/compat-data/plugins.js
	dashboard/node_modules/@babel/core/LICENSE
	dashboard/node_modules/@babel/core/README.md
	dashboard/node_modules/@babel/core/lib/config/cache-contexts.js
	dashboard/node_modules/@babel/core/lib/config/cache-contexts.js.map
	dashboard/node_modules/@babel/core/lib/config/caching.js
	dashboard/node_modules/@babel/core/lib/config/caching.js.map
	dashboard/node_modu
Aborting
hint: Could not execute the todo command
hint:
hint:     pick 9e3e3f5c89cb53c22984d91996393edc6afdd087 # First changes
hint:
hint: It has been rescheduled; To edit the command before continuing, please
hint: edit the todo list first:
hint:
hint:     git rebase --edit-todo
hint:     git rebase --continue   [  7d2 →   7d3] PausedOperationsGitSubProvider.continuePausedOperation — failed [45ms]
2026-05-15 19:07:42.339 [info]    [  7dd →   7de] PausedOperationsGitSubProvider.getPausedOperationStatus Detected paused operations: rebase-merge
2026-05-15 19:07:42.352 [info]    [GIT      12ms] [/home/dev/Documents/Dev/Tradingview] git rev-parse --quiet --verify REBASE_HEAD [12ms]
2026-05-15 19:07:42.385 [info]    [GIT      32ms] [/home/dev/Documents/Dev/Tradingview] git branch -a --format=%(refname:short) --points-at=7f518f181c068d109eba374b3d69149d1bb6aef1 [32ms]
2026-05-15 19:07:42.385 [error]   [GIT          ] [/home/dev/Documents/Dev/Tradingview] git merge-base 9e3e3f5c89cb53c22984d91996393edc6afdd087 HEAD · Command failed with exit code 1 [33ms]
2026-05-15 19:07:42.385 [error] Error: Command failed with exit code 1   [  7de →   7e0] RefsGitSubProvider.getMergeBase 
2026-05-15 19:07:42.386 [info]    [GIT      33ms] [/home/dev/Documents/Dev/Tradingview] git tag --format=%(refname:short) --points-at=7f518f181c068d109eba374b3d69149d1bb6aef1 [33ms]
2026-05-15 19:07:42.609 [info]    [GIT      12ms] [/home/dev/Documents/Dev/Tradingview] git ls-files -z --unmerged [12ms]
2026-05-15 19:07:42.762 [error]   [GIT          ] [/home/dev/Documents/Dev/Tradingview] git rebase --skip · Rebasing (4/5) · error: The following untracked working tree files would be overwritten by merge: · 	dashboard/node_modules/.bin/baseline-browser-mapping · 	dashboard/node_modules/.bin/browserslist · 	dashboard/node_modules/.bin/crc32 · 	dashboard/node_modules/.bin/esbuild · 	dashboard/node_modules/.bin/jsesc · 	dashboard/node_modules/.bin/json5 · 	dashboard/node_modules/.bin/loose-envify · 	dashboard/node_modules/.bin/nanoid · 	dashboard/node_modules/.bin/parser · 	dashboard/node_modules/.bin/rollup · 	dashboard/node_modules/.bin/semver · 	dashboard/node_modules/.bin/update-browserslist-db · 	dashboard/node_modules/.bin/vite · 	dashboard/node_modules/.bin/xlsx · 	dashboard/node_modules/.package-lock.json · 	dashboard/node_modules/.vite/deps/@tanstack_react-query.js · 	dashboard/node_modules/.vite/deps/@tanstack_react-query.js.map · 	dashboard/node_modules/.vite/deps/_metadata.json · 	dashboard/node_modules/.vite/deps/chunk-KBTYAULA.js · 	dashboard/node_modules/.vite/deps/chunk-KBTYAULA.js.map · 	dashboard/node_modules/.vite/deps/chunk-QCHXOAYK.js · 	dashboard/node_modules/.vite/deps/chunk-QCHXOAYK.js.map · 	dashboard/node_modules/.vite/deps/chunk-RPCDYKBN.js · 	dashboard/node_modules/.vite/deps/chunk-RPCDYKBN.js.map · 	dashboard/node_modules/.vite/deps/chunk-WOOG5QLI.js · 	dashboard/node_modules/.vite/deps/chunk-WOOG5QLI.js.map · 	dashboard/node_modules/.vite/deps/date-fns.js · 	dashboard/node_modules/.vite/deps/date-fns.js.map · 	dashboard/node_modules/.vite/deps/lightweight-charts.js · 	dashboard/node_modules/.vite/deps/lightweight-charts.js.map · 	dashboard/node_modules/.vite/deps/package.json · 	dashboard/node_modules/.vite/deps/papaparse.js · 	dashboard/node_modules/.vite/deps/papaparse.js.map · 	dashboard/node_modules/.vite/deps/react-dom.js · 	dashboard/node_modules/.vite/deps/react-dom.js.map · 	dashboard/node_modules/.vite/deps/react-dom_client.js · 	dashboard/node_modules/.vite/deps/react-dom_client.js.map · 	dashboard/node_modules/.vite/deps/react-router-dom.js · 	dashboard/node_modules/.vite/deps/react-router-dom.js.map · 	dashboard/node_modules/.vite/deps/react.js · 	dashboard/node_modules/.vite/deps/react.js.map · 	dashboard/node_modules/.vite/deps/react_jsx-dev-runtime.js · 	dashboard/node_modules/.vite/deps/react_jsx-dev-runtime.js.map · 	dashboard/node_modules/.vite/deps/react_jsx-runtime.js · 	dashboard/node_modules/.vite/deps/react_jsx-runtime.js.map · 	dashboard/node_modules/.vite/deps/recharts.js · 	dashboard/node_modules/.vite/deps/recharts.js.map · 	dashboard/node_modules/.vite/deps/zustand.js · 	dashboard/node_modules/.vite/deps/zustand.js.map · 	dashboard/node_modules/@babel/code-frame/LICENSE · 	dashboard/node_modules/@babel/code-frame/README.md · 	dashboard/node_modules/@babel/code-frame/lib/index.js · 	dashboard/node_modules/@babel/code-frame/lib/index.js.map · 	dashboard/node_modules/@babel/code-frame/package.json · 	dashboard/node_modules/@babel/compat-data/LICENSE · 	dashboard/node_modules/@babel/compat-data/README.md · 	dashboard/node_modules/@babel/compat-data/corejs2-built-ins.js · 	dashboard/node_modules/@babel/compat-data/corejs3-shipped-proposals.js · 	dashboard/node_modules/@babel/compat-data/data/corejs2-built-ins.json · 	dashboard/node_modules/@babel/compat-data/data/corejs3-shipped-proposals.json · 	dashboard/node_modules/@babel/compat-data/data/native-modules.json · 	dashboard/node_modules/@babel/compat-data/data/overlapping-plugins.json · 	dashboard/node_modules/@babel/compat-data/data/plugin-bugfixes.json · 	dashboard/node_modules/@babel/compat-data/data/plugins.json · 	dashboard/node_modules/@babel/compat-data/native-modules.js · 	dashboard/node_modules/@babel/compat-data/overlapping-plugins.js · 	dashboard/node_modules/@babel/compat-data/package.json · 	dashboard/node_modules/@babel/compat-data/plugin-bugfixes.js · 	dashboard/node_modules/@babel/compat-data/plugins.js · 	dashboard/node_modules/@babel/core/LICENSE · 	dashboard/node_modules/@babel/core/README.md · 	dashboard/node_modules/@babel/core/lib/config/cache-contexts.js · 	dashboard/node_modules/@babel/core/lib/config/cache-contexts.js.map · 	dashboard/node_modules/@babel/core/lib/config/caching.js · 	dashboard/node_modules/@babel/core/lib/config/caching.js.map · 	dashboard/node_modu · Aborting · hint: Could not execute the todo command · hint: · hint:     pick 9e3e3f5c89cb53c22984d91996393edc6afdd087 # First changes · hint: · hint: It has been rescheduled; To edit the command before continuing, please · hint: edit the todo list first: · hint: · hint:     git rebase --edit-todo · hint:     git rebase --continue [42ms]
2026-05-15 19:07:42.762 [error] Error: Rebasing (4/5)error: The following untracked working tree files would be overwritten by merge:
	dashboard/node_modules/.bin/baseline-browser-mapping
	dashboard/node_modules/.bin/browserslist
	dashboard/node_modules/.bin/crc32
	dashboard/node_modules/.bin/esbuild
	dashboard/node_modules/.bin/jsesc
	dashboard/node_modules/.bin/json5
	dashboard/node_modules/.bin/loose-envify
	dashboard/node_modules/.bin/nanoid
	dashboard/node_modules/.bin/parser
	dashboard/node_modules/.bin/rollup
	dashboard/node_modules/.bin/semver
	dashboard/node_modules/.bin/update-browserslist-db
	dashboard/node_modules/.bin/vite
	dashboard/node_modules/.bin/xlsx
	dashboard/node_modules/.package-lock.json
	dashboard/node_modules/.vite/deps/@tanstack_react-query.js
	dashboard/node_modules/.vite/deps/@tanstack_react-query.js.map
	dashboard/node_modules/.vite/deps/_metadata.json
	dashboard/node_modules/.vite/deps/chunk-KBTYAULA.js
	dashboard/node_modules/.vite/deps/chunk-KBTYAULA.js.map
	dashboard/node_modules/.vite/deps/chunk-QCHXOAYK.js
	dashboard/node_modules/.vite/deps/chunk-QCHXOAYK.js.map
	dashboard/node_modules/.vite/deps/chunk-RPCDYKBN.js
	dashboard/node_modules/.vite/deps/chunk-RPCDYKBN.js.map
	dashboard/node_modules/.vite/deps/chunk-WOOG5QLI.js
	dashboard/node_modules/.vite/deps/chunk-WOOG5QLI.js.map
	dashboard/node_modules/.vite/deps/date-fns.js
	dashboard/node_modules/.vite/deps/date-fns.js.map
	dashboard/node_modules/.vite/deps/lightweight-charts.js
	dashboard/node_modules/.vite/deps/lightweight-charts.js.map
	dashboard/node_modules/.vite/deps/package.json
	dashboard/node_modules/.vite/deps/papaparse.js
	dashboard/node_modules/.vite/deps/papaparse.js.map
	dashboard/node_modules/.vite/deps/react-dom.js
	dashboard/node_modules/.vite/deps/react-dom.js.map
	dashboard/node_modules/.vite/deps/react-dom_client.js
	dashboard/node_modules/.vite/deps/react-dom_client.js.map
	dashboard/node_modules/.vite/deps/react-router-dom.js
	dashboard/node_modules/.vite/deps/react-router-dom.js.map
	dashboard/node_modules/.vite/deps/react.js
	dashboard/node_modules/.vite/deps/react.js.map
	dashboard/node_modules/.vite/deps/react_jsx-dev-runtime.js
	dashboard/node_modules/.vite/deps/react_jsx-dev-runtime.js.map
	dashboard/node_modules/.vite/deps/react_jsx-runtime.js
	dashboard/node_modules/.vite/deps/react_jsx-runtime.js.map
	dashboard/node_modules/.vite/deps/recharts.js
	dashboard/node_modules/.vite/deps/recharts.js.map
	dashboard/node_modules/.vite/deps/zustand.js
	dashboard/node_modules/.vite/deps/zustand.js.map
	dashboard/node_modules/@babel/code-frame/LICENSE
	dashboard/node_modules/@babel/code-frame/README.md
	dashboard/node_modules/@babel/code-frame/lib/index.js
	dashboard/node_modules/@babel/code-frame/lib/index.js.map
	dashboard/node_modules/@babel/code-frame/package.json
	dashboard/node_modules/@babel/compat-data/LICENSE
	dashboard/node_modules/@babel/compat-data/README.md
	dashboard/node_modules/@babel/compat-data/corejs2-built-ins.js
	dashboard/node_modules/@babel/compat-data/corejs3-shipped-proposals.js
	dashboard/node_modules/@babel/compat-data/data/corejs2-built-ins.json
	dashboard/node_modules/@babel/compat-data/data/corejs3-shipped-proposals.json
	dashboard/node_modules/@babel/compat-data/data/native-modules.json
	dashboard/node_modules/@babel/compat-data/data/overlapping-plugins.json
	dashboard/node_modules/@babel/compat-data/data/plugin-bugfixes.json
	dashboard/node_modules/@babel/compat-data/data/plugins.json
	dashboard/node_modules/@babel/compat-data/native-modules.js
	dashboard/node_modules/@babel/compat-data/overlapping-plugins.js
	dashboard/node_modules/@babel/compat-data/package.json
	dashboard/node_modules/@babel/compat-data/plugin-bugfixes.js
	dashboard/node_modules/@babel/compat-data/plugins.js
	dashboard/node_modules/@babel/core/LICENSE
	dashboard/node_modules/@babel/core/README.md
	dashboard/node_modules/@babel/core/lib/config/cache-contexts.js
	dashboard/node_modules/@babel/core/lib/config/cache-contexts.js.map
	dashboard/node_modules/@babel/core/lib/config/caching.js
	dashboard/node_modules/@babel/core/lib/config/caching.js.map
	dashboard/node_modu
Aborting
hint: Could not execute the todo command
hint:
hint:     pick 9e3e3f5c89cb53c22984d91996393edc6afdd087 # First changes
hint:
hint: It has been rescheduled; To edit the command before continuing, please
hint: edit the todo list first:
hint:
hint:     git rebase --edit-todo
hint:     git rebase --continue   [  7f0 →   7f1] PausedOperationsGitSubProvider.continuePausedOperation 
2026-05-15 19:07:42.762 [error] Error: Unable to skip the rebase operation: Rebasing (4/5)error: The following untracked working tree files would be overwritten by merge:
	dashboard/node_modules/.bin/baseline-browser-mapping
	dashboard/node_modules/.bin/browserslist
	dashboard/node_modules/.bin/crc32
	dashboard/node_modules/.bin/esbuild
	dashboard/node_modules/.bin/jsesc
	dashboard/node_modules/.bin/json5
	dashboard/node_modules/.bin/loose-envify
	dashboard/node_modules/.bin/nanoid
	dashboard/node_modules/.bin/parser
	dashboard/node_modules/.bin/rollup
	dashboard/node_modules/.bin/semver
	dashboard/node_modules/.bin/update-browserslist-db
	dashboard/node_modules/.bin/vite
	dashboard/node_modules/.bin/xlsx
	dashboard/node_modules/.package-lock.json
	dashboard/node_modules/.vite/deps/@tanstack_react-query.js
	dashboard/node_modules/.vite/deps/@tanstack_react-query.js.map
	dashboard/node_modules/.vite/deps/_metadata.json
	dashboard/node_modules/.vite/deps/chunk-KBTYAULA.js
	dashboard/node_modules/.vite/deps/chunk-KBTYAULA.js.map
	dashboard/node_modules/.vite/deps/chunk-QCHXOAYK.js
	dashboard/node_modules/.vite/deps/chunk-QCHXOAYK.js.map
	dashboard/node_modules/.vite/deps/chunk-RPCDYKBN.js
	dashboard/node_modules/.vite/deps/chunk-RPCDYKBN.js.map
	dashboard/node_modules/.vite/deps/chunk-WOOG5QLI.js
	dashboard/node_modules/.vite/deps/chunk-WOOG5QLI.js.map
	dashboard/node_modules/.vite/deps/date-fns.js
	dashboard/node_modules/.vite/deps/date-fns.js.map
	dashboard/node_modules/.vite/deps/lightweight-charts.js
	dashboard/node_modules/.vite/deps/lightweight-charts.js.map
	dashboard/node_modules/.vite/deps/package.json
	dashboard/node_modules/.vite/deps/papaparse.js
	dashboard/node_modules/.vite/deps/papaparse.js.map
	dashboard/node_modules/.vite/deps/react-dom.js
	dashboard/node_modules/.vite/deps/react-dom.js.map
	dashboard/node_modules/.vite/deps/react-dom_client.js
	dashboard/node_modules/.vite/deps/react-dom_client.js.map
	dashboard/node_modules/.vite/deps/react-router-dom.js
	dashboard/node_modules/.vite/deps/react-router-dom.js.map
	dashboard/node_modules/.vite/deps/react.js
	dashboard/node_modules/.vite/deps/react.js.map
	dashboard/node_modules/.vite/deps/react_jsx-dev-runtime.js
	dashboard/node_modules/.vite/deps/react_jsx-dev-runtime.js.map
	dashboard/node_modules/.vite/deps/react_jsx-runtime.js
	dashboard/node_modules/.vite/deps/react_jsx-runtime.js.map
	dashboard/node_modules/.vite/deps/recharts.js
	dashboard/node_modules/.vite/deps/recharts.js.map
	dashboard/node_modules/.vite/deps/zustand.js
	dashboard/node_modules/.vite/deps/zustand.js.map
	dashboard/node_modules/@babel/code-frame/LICENSE
	dashboard/node_modules/@babel/code-frame/README.md
	dashboard/node_modules/@babel/code-frame/lib/index.js
	dashboard/node_modules/@babel/code-frame/lib/index.js.map
	dashboard/node_modules/@babel/code-frame/package.json
	dashboard/node_modules/@babel/compat-data/LICENSE
	dashboard/node_modules/@babel/compat-data/README.md
	dashboard/node_modules/@babel/compat-data/corejs2-built-ins.js
	dashboard/node_modules/@babel/compat-data/corejs3-shipped-proposals.js
	dashboard/node_modules/@babel/compat-data/data/corejs2-built-ins.json
	dashboard/node_modules/@babel/compat-data/data/corejs3-shipped-proposals.json
	dashboard/node_modules/@babel/compat-data/data/native-modules.json
	dashboard/node_modules/@babel/compat-data/data/overlapping-plugins.json
	dashboard/node_modules/@babel/compat-data/data/plugin-bugfixes.json
	dashboard/node_modules/@babel/compat-data/data/plugins.json
	dashboard/node_modules/@babel/compat-data/native-modules.js
	dashboard/node_modules/@babel/compat-data/overlapping-plugins.js
	dashboard/node_modules/@babel/compat-data/package.json
	dashboard/node_modules/@babel/compat-data/plugin-bugfixes.js
	dashboard/node_modules/@babel/compat-data/plugins.js
	dashboard/node_modules/@babel/core/LICENSE
	dashboard/node_modules/@babel/core/README.md
	dashboard/node_modules/@babel/core/lib/config/cache-contexts.js
	dashboard/node_modules/@babel/core/lib/config/cache-contexts.js.map
	dashboard/node_modules/@babel/core/lib/config/caching.js
	dashboard/node_modules/@babel/core/lib/config/caching.js.map
	dashboard/node_modu
Aborting
hint: Could not execute the todo command
hint:
hint:     pick 9e3e3f5c89cb53c22984d91996393edc6afdd087 # First changes
hint:
hint: It has been rescheduled; To edit the command before continuing, please
hint: edit the todo list first:
hint:
hint:     git rebase --edit-todo
hint:     git rebase --continue   [  7f0 →   7f1] PausedOperationsGitSubProvider.continuePausedOperation — failed [42ms]
2026-05-15 19:07:43.139 [info]    [  7fb →   7fc] PausedOperationsGitSubProvider.getPausedOperationStatus Detected paused operations: rebase-merge
2026-05-15 19:07:43.153 [info]    [GIT      13ms] [/home/dev/Documents/Dev/Tradingview] git rev-parse --quiet --verify REBASE_HEAD [13ms]
2026-05-15 19:07:43.186 [info]    [GIT      32ms] [/home/dev/Documents/Dev/Tradingview] git branch -a --format=%(refname:short) --points-at=7f518f181c068d109eba374b3d69149d1bb6aef1 [32ms]
2026-05-15 19:07:43.187 [error]   [GIT          ] [/home/dev/Documents/Dev/Tradingview] git merge-base 9e3e3f5c89cb53c22984d91996393edc6afdd087 HEAD · Command failed with exit code 1 [33ms]
2026-05-15 19:07:43.187 [error] Error: Command failed with exit code 1   [  7fc →   7fe] RefsGitSubProvider.getMergeBase 
2026-05-15 19:07:43.187 [info]    [GIT      33ms] [/home/dev/Documents/Dev/Tradingview] git tag --format=%(refname:short) --points-at=7f518f181c068d109eba374b3d69149d1bb6aef1 [33ms]
2026-05-15 19:07:43.273 [error]   [GIT          ] [/home/dev/Documents/Dev/Tradingview] git rebase --skip · Rebasing (5/6) · error: The following untracked working tree files would be overwritten by merge: · 	dashboard/node_modules/.bin/baseline-browser-mapping · 	dashboard/node_modules/.bin/browserslist · 	dashboard/node_modules/.bin/crc32 · 	dashboard/node_modules/.bin/esbuild · 	dashboard/node_modules/.bin/jsesc · 	dashboard/node_modules/.bin/json5 · 	dashboard/node_modules/.bin/loose-envify · 	dashboard/node_modules/.bin/nanoid · 	dashboard/node_modules/.bin/parser · 	dashboard/node_modules/.bin/rollup · 	dashboard/node_modules/.bin/semver · 	dashboard/node_modules/.bin/update-browserslist-db · 	dashboard/node_modules/.bin/vite · 	dashboard/node_modules/.bin/xlsx · 	dashboard/node_modules/.package-lock.json · 	dashboard/node_modules/.vite/deps/@tanstack_react-query.js · 	dashboard/node_modules/.vite/deps/@tanstack_react-query.js.map · 	dashboard/node_modules/.vite/deps/_metadata.json · 	dashboard/node_modules/.vite/deps/chunk-KBTYAULA.js · 	dashboard/node_modules/.vite/deps/chunk-KBTYAULA.js.map · 	dashboard/node_modules/.vite/deps/chunk-QCHXOAYK.js · 	dashboard/node_modules/.vite/deps/chunk-QCHXOAYK.js.map · 	dashboard/node_modules/.vite/deps/chunk-RPCDYKBN.js · 	dashboard/node_modules/.vite/deps/chunk-RPCDYKBN.js.map · 	dashboard/node_modules/.vite/deps/chunk-WOOG5QLI.js · 	dashboard/node_modules/.vite/deps/chunk-WOOG5QLI.js.map · 	dashboard/node_modules/.vite/deps/date-fns.js · 	dashboard/node_modules/.vite/deps/date-fns.js.map · 	dashboard/node_modules/.vite/deps/lightweight-charts.js · 	dashboard/node_modules/.vite/deps/lightweight-charts.js.map · 	dashboard/node_modules/.vite/deps/package.json · 	dashboard/node_modules/.vite/deps/papaparse.js · 	dashboard/node_modules/.vite/deps/papaparse.js.map · 	dashboard/node_modules/.vite/deps/react-dom.js · 	dashboard/node_modules/.vite/deps/react-dom.js.map · 	dashboard/node_modules/.vite/deps/react-dom_client.js · 	dashboard/node_modules/.vite/deps/react-dom_client.js.map · 	dashboard/node_modules/.vite/deps/react-router-dom.js · 	dashboard/node_modules/.vite/deps/react-router-dom.js.map · 	dashboard/node_modules/.vite/deps/react.js · 	dashboard/node_modules/.vite/deps/react.js.map · 	dashboard/node_modules/.vite/deps/react_jsx-dev-runtime.js · 	dashboard/node_modules/.vite/deps/react_jsx-dev-runtime.js.map · 	dashboard/node_modules/.vite/deps/react_jsx-runtime.js · 	dashboard/node_modules/.vite/deps/react_jsx-runtime.js.map · 	dashboard/node_modules/.vite/deps/recharts.js · 	dashboard/node_modules/.vite/deps/recharts.js.map · 	dashboard/node_modules/.vite/deps/zustand.js · 	dashboard/node_modules/.vite/deps/zustand.js.map · 	dashboard/node_modules/@babel/code-frame/LICENSE · 	dashboard/node_modules/@babel/code-frame/README.md · 	dashboard/node_modules/@babel/code-frame/lib/index.js · 	dashboard/node_modules/@babel/code-frame/lib/index.js.map · 	dashboard/node_modules/@babel/code-frame/package.json · 	dashboard/node_modules/@babel/compat-data/LICENSE · 	dashboard/node_modules/@babel/compat-data/README.md · 	dashboard/node_modules/@babel/compat-data/corejs2-built-ins.js · 	dashboard/node_modules/@babel/compat-data/corejs3-shipped-proposals.js · 	dashboard/node_modules/@babel/compat-data/data/corejs2-built-ins.json · 	dashboard/node_modules/@babel/compat-data/data/corejs3-shipped-proposals.json · 	dashboard/node_modules/@babel/compat-data/data/native-modules.json · 	dashboard/node_modules/@babel/compat-data/data/overlapping-plugins.json · 	dashboard/node_modules/@babel/compat-data/data/plugin-bugfixes.json · 	dashboard/node_modules/@babel/compat-data/data/plugins.json · 	dashboard/node_modules/@babel/compat-data/native-modules.js · 	dashboard/node_modules/@babel/compat-data/overlapping-plugins.js · 	dashboard/node_modules/@babel/compat-data/package.json · 	dashboard/node_modules/@babel/compat-data/plugin-bugfixes.js · 	dashboard/node_modules/@babel/compat-data/plugins.js · 	dashboard/node_modules/@babel/core/LICENSE · 	dashboard/node_modules/@babel/core/README.md · 	dashboard/node_modules/@babel/core/lib/config/cache-contexts.js · 	dashboard/node_modules/@babel/core/lib/config/cache-contexts.js.map · 	dashboard/node_modules/@babel/core/lib/config/caching.js · 	dashboard/node_modules/@babel/core/lib/config/caching.js.map · 	dashboard/node_modu · Aborting · hint: Could not execute the todo command · hint: · hint:     pick 9e3e3f5c89cb53c22984d91996393edc6afdd087 # First changes · hint: · hint: It has been rescheduled; To edit the command before continuing, please · hint: edit the todo list first: · hint: · hint:     git rebase --edit-todo · hint:     git rebase --continue [41ms]
2026-05-15 19:07:43.273 [error] Error: Rebasing (5/6)error: The following untracked working tree files would be overwritten by merge:
	dashboard/node_modules/.bin/baseline-browser-mapping
	dashboard/node_modules/.bin/browserslist
	dashboard/node_modules/.bin/crc32
	dashboard/node_modules/.bin/esbuild
	dashboard/node_modules/.bin/jsesc
	dashboard/node_modules/.bin/json5
	dashboard/node_modules/.bin/loose-envify
	dashboard/node_modules/.bin/nanoid
	dashboard/node_modules/.bin/parser
	dashboard/node_modules/.bin/rollup
	dashboard/node_modules/.bin/semver
	dashboard/node_modules/.bin/update-browserslist-db
	dashboard/node_modules/.bin/vite
	dashboard/node_modules/.bin/xlsx
	dashboard/node_modules/.package-lock.json
	dashboard/node_modules/.vite/deps/@tanstack_react-query.js
	dashboard/node_modules/.vite/deps/@tanstack_react-query.js.map
	dashboard/node_modules/.vite/deps/_metadata.json
	dashboard/node_modules/.vite/deps/chunk-KBTYAULA.js
	dashboard/node_modules/.vite/deps/chunk-KBTYAULA.js.map
	dashboard/node_modules/.vite/deps/chunk-QCHXOAYK.js
	dashboard/node_modules/.vite/deps/chunk-QCHXOAYK.js.map
	dashboard/node_modules/.vite/deps/chunk-RPCDYKBN.js
	dashboard/node_modules/.vite/deps/chunk-RPCDYKBN.js.map
	dashboard/node_modules/.vite/deps/chunk-WOOG5QLI.js
	dashboard/node_modules/.vite/deps/chunk-WOOG5QLI.js.map
	dashboard/node_modules/.vite/deps/date-fns.js
	dashboard/node_modules/.vite/deps/date-fns.js.map
	dashboard/node_modules/.vite/deps/lightweight-charts.js
	dashboard/node_modules/.vite/deps/lightweight-charts.js.map
	dashboard/node_modules/.vite/deps/package.json
	dashboard/node_modules/.vite/deps/papaparse.js
	dashboard/node_modules/.vite/deps/papaparse.js.map
	dashboard/node_modules/.vite/deps/react-dom.js
	dashboard/node_modules/.vite/deps/react-dom.js.map
	dashboard/node_modules/.vite/deps/react-dom_client.js
	dashboard/node_modules/.vite/deps/react-dom_client.js.map
	dashboard/node_modules/.vite/deps/react-router-dom.js
	dashboard/node_modules/.vite/deps/react-router-dom.js.map
	dashboard/node_modules/.vite/deps/react.js
	dashboard/node_modules/.vite/deps/react.js.map
	dashboard/node_modules/.vite/deps/react_jsx-dev-runtime.js
	dashboard/node_modules/.vite/deps/react_jsx-dev-runtime.js.map
	dashboard/node_modules/.vite/deps/react_jsx-runtime.js
	dashboard/node_modules/.vite/deps/react_jsx-runtime.js.map
	dashboard/node_modules/.vite/deps/recharts.js
	dashboard/node_modules/.vite/deps/recharts.js.map
	dashboard/node_modules/.vite/deps/zustand.js
	dashboard/node_modules/.vite/deps/zustand.js.map
	dashboard/node_modules/@babel/code-frame/LICENSE
	dashboard/node_modules/@babel/code-frame/README.md
	dashboard/node_modules/@babel/code-frame/lib/index.js
	dashboard/node_modules/@babel/code-frame/lib/index.js.map
	dashboard/node_modules/@babel/code-frame/package.json
	dashboard/node_modules/@babel/compat-data/LICENSE
	dashboard/node_modules/@babel/compat-data/README.md
	dashboard/node_modules/@babel/compat-data/corejs2-built-ins.js
	dashboard/node_modules/@babel/compat-data/corejs3-shipped-proposals.js
	dashboard/node_modules/@babel/compat-data/data/corejs2-built-ins.json
	dashboard/node_modules/@babel/compat-data/data/corejs3-shipped-proposals.json
	dashboard/node_modules/@babel/compat-data/data/native-modules.json
	dashboard/node_modules/@babel/compat-data/data/overlapping-plugins.json
	dashboard/node_modules/@babel/compat-data/data/plugin-bugfixes.json
	dashboard/node_modules/@babel/compat-data/data/plugins.json
	dashboard/node_modules/@babel/compat-data/native-modules.js
	dashboard/node_modules/@babel/compat-data/overlapping-plugins.js
	dashboard/node_modules/@babel/compat-data/package.json
	dashboard/node_modules/@babel/compat-data/plugin-bugfixes.js
	dashboard/node_modules/@babel/compat-data/plugins.js
	dashboard/node_modules/@babel/core/LICENSE
	dashboard/node_modules/@babel/core/README.md
	dashboard/node_modules/@babel/core/lib/config/cache-contexts.js
	dashboard/node_modules/@babel/core/lib/config/cache-contexts.js.map
	dashboard/node_modules/@babel/core/lib/config/caching.js
	dashboard/node_modules/@babel/core/lib/config/caching.js.map
	dashboard/node_modu
Aborting
hint: Could not execute the todo command
hint:
hint:     pick 9e3e3f5c89cb53c22984d91996393edc6afdd087 # First changes
hint:
hint: It has been rescheduled; To edit the command before continuing, please
hint: edit the todo list first:
hint:
hint:     git rebase --edit-todo
hint:     git rebase --continue   [  804 →   805] PausedOperationsGitSubProvider.continuePausedOperation 
2026-05-15 19:07:43.274 [error] Error: Unable to skip the rebase operation: Rebasing (5/6)error: The following untracked working tree files would be overwritten by merge:
	dashboard/node_modules/.bin/baseline-browser-mapping
	dashboard/node_modules/.bin/browserslist
	dashboard/node_modules/.bin/crc32
	dashboard/node_modules/.bin/esbuild
	dashboard/node_modules/.bin/jsesc
	dashboard/node_modules/.bin/json5
	dashboard/node_modules/.bin/loose-envify
	dashboard/node_modules/.bin/nanoid
	dashboard/node_modules/.bin/parser
	dashboard/node_modules/.bin/rollup
	dashboard/node_modules/.bin/semver
	dashboard/node_modules/.bin/update-browserslist-db
	dashboard/node_modules/.bin/vite
	dashboard/node_modules/.bin/xlsx
	dashboard/node_modules/.package-lock.json
	dashboard/node_modules/.vite/deps/@tanstack_react-query.js
	dashboard/node_modules/.vite/deps/@tanstack_react-query.js.map
	dashboard/node_modules/.vite/deps/_metadata.json
	dashboard/node_modules/.vite/deps/chunk-KBTYAULA.js
	dashboard/node_modules/.vite/deps/chunk-KBTYAULA.js.map
	dashboard/node_modules/.vite/deps/chunk-QCHXOAYK.js
	dashboard/node_modules/.vite/deps/chunk-QCHXOAYK.js.map
	dashboard/node_modules/.vite/deps/chunk-RPCDYKBN.js
	dashboard/node_modules/.vite/deps/chunk-RPCDYKBN.js.map
	dashboard/node_modules/.vite/deps/chunk-WOOG5QLI.js
	dashboard/node_modules/.vite/deps/chunk-WOOG5QLI.js.map
	dashboard/node_modules/.vite/deps/date-fns.js
	dashboard/node_modules/.vite/deps/date-fns.js.map
	dashboard/node_modules/.vite/deps/lightweight-charts.js
	dashboard/node_modules/.vite/deps/lightweight-charts.js.map
	dashboard/node_modules/.vite/deps/package.json
	dashboard/node_modules/.vite/deps/papaparse.js
	dashboard/node_modules/.vite/deps/papaparse.js.map
	dashboard/node_modules/.vite/deps/react-dom.js
	dashboard/node_modules/.vite/deps/react-dom.js.map
	dashboard/node_modules/.vite/deps/react-dom_client.js
	dashboard/node_modules/.vite/deps/react-dom_client.js.map
	dashboard/node_modules/.vite/deps/react-router-dom.js
	dashboard/node_modules/.vite/deps/react-router-dom.js.map
	dashboard/node_modules/.vite/deps/react.js
	dashboard/node_modules/.vite/deps/react.js.map
	dashboard/node_modules/.vite/deps/react_jsx-dev-runtime.js
	dashboard/node_modules/.vite/deps/react_jsx-dev-runtime.js.map
	dashboard/node_modules/.vite/deps/react_jsx-runtime.js
	dashboard/node_modules/.vite/deps/react_jsx-runtime.js.map
	dashboard/node_modules/.vite/deps/recharts.js
	dashboard/node_modules/.vite/deps/recharts.js.map
	dashboard/node_modules/.vite/deps/zustand.js
	dashboard/node_modules/.vite/deps/zustand.js.map
	dashboard/node_modules/@babel/code-frame/LICENSE
	dashboard/node_modules/@babel/code-frame/README.md
	dashboard/node_modules/@babel/code-frame/lib/index.js
	dashboard/node_modules/@babel/code-frame/lib/index.js.map
	dashboard/node_modules/@babel/code-frame/package.json
	dashboard/node_modules/@babel/compat-data/LICENSE
	dashboard/node_modules/@babel/compat-data/README.md
	dashboard/node_modules/@babel/compat-data/corejs2-built-ins.js
	dashboard/node_modules/@babel/compat-data/corejs3-shipped-proposals.js
	dashboard/node_modules/@babel/compat-data/data/corejs2-built-ins.json
	dashboard/node_modules/@babel/compat-data/data/corejs3-shipped-proposals.json
	dashboard/node_modules/@babel/compat-data/data/native-modules.json
	dashboard/node_modules/@babel/compat-data/data/overlapping-plugins.json
	dashboard/node_modules/@babel/compat-data/data/plugin-bugfixes.json
	dashboard/node_modules/@babel/compat-data/data/plugins.json
	dashboard/node_modules/@babel/compat-data/native-modules.js
	dashboard/node_modules/@babel/compat-data/overlapping-plugins.js
	dashboard/node_modules/@babel/compat-data/package.json
	dashboard/node_modules/@babel/compat-data/plugin-bugfixes.js
	dashboard/node_modules/@babel/compat-data/plugins.js
	dashboard/node_modules/@babel/core/LICENSE
	dashboard/node_modules/@babel/core/README.md
	dashboard/node_modules/@babel/core/lib/config/cache-contexts.js
	dashboard/node_modules/@babel/core/lib/config/cache-contexts.js.map
	dashboard/node_modules/@babel/core/lib/config/caching.js
	dashboard/node_modules/@babel/core/lib/config/caching.js.map
	dashboard/node_modu
Aborting
hint: Could not execute the todo command
hint:
hint:     pick 9e3e3f5c89cb53c22984d91996393edc6afdd087 # First changes
hint:
hint: It has been rescheduled; To edit the command before continuing, please
hint: edit the todo list first:
hint:
hint:     git rebase --edit-todo
hint:     git rebase --continue   [  804 →   805] PausedOperationsGitSubProvider.continuePausedOperation — failed [41ms]
2026-05-15 19:07:43.404 [info]    [GIT      12ms] [/home/dev/Documents/Dev/Tradingview] git ls-files -z --unmerged [12ms]
2026-05-15 19:07:43.622 [error]   [GIT          ] [/home/dev/Documents/Dev/Tradingview] git rebase --skip · Rebasing (6/7) · error: The following untracked working tree files would be overwritten by merge: · 	dashboard/node_modules/.bin/baseline-browser-mapping · 	dashboard/node_modules/.bin/browserslist · 	dashboard/node_modules/.bin/crc32 · 	dashboard/node_modules/.bin/esbuild · 	dashboard/node_modules/.bin/jsesc · 	dashboard/node_modules/.bin/json5 · 	dashboard/node_modules/.bin/loose-envify · 	dashboard/node_modules/.bin/nanoid · 	dashboard/node_modules/.bin/parser · 	dashboard/node_modules/.bin/rollup · 	dashboard/node_modules/.bin/semver · 	dashboard/node_modules/.bin/update-browserslist-db · 	dashboard/node_modules/.bin/vite · 	dashboard/node_modules/.bin/xlsx · 	dashboard/node_modules/.package-lock.json · 	dashboard/node_modules/.vite/deps/@tanstack_react-query.js · 	dashboard/node_modules/.vite/deps/@tanstack_react-query.js.map · 	dashboard/node_modules/.vite/deps/_metadata.json · 	dashboard/node_modules/.vite/deps/chunk-KBTYAULA.js · 	dashboard/node_modules/.vite/deps/chunk-KBTYAULA.js.map · 	dashboard/node_modules/.vite/deps/chunk-QCHXOAYK.js · 	dashboard/node_modules/.vite/deps/chunk-QCHXOAYK.js.map · 	dashboard/node_modules/.vite/deps/chunk-RPCDYKBN.js · 	dashboard/node_modules/.vite/deps/chunk-RPCDYKBN.js.map · 	dashboard/node_modules/.vite/deps/chunk-WOOG5QLI.js · 	dashboard/node_modules/.vite/deps/chunk-WOOG5QLI.js.map · 	dashboard/node_modules/.vite/deps/date-fns.js · 	dashboard/node_modules/.vite/deps/date-fns.js.map · 	dashboard/node_modules/.vite/deps/lightweight-charts.js · 	dashboard/node_modules/.vite/deps/lightweight-charts.js.map · 	dashboard/node_modules/.vite/deps/package.json · 	dashboard/node_modules/.vite/deps/papaparse.js · 	dashboard/node_modules/.vite/deps/papaparse.js.map · 	dashboard/node_modules/.vite/deps/react-dom.js · 	dashboard/node_modules/.vite/deps/react-dom.js.map · 	dashboard/node_modules/.vite/deps/react-dom_client.js · 	dashboard/node_modules/.vite/deps/react-dom_client.js.map · 	dashboard/node_modules/.vite/deps/react-router-dom.js · 	dashboard/node_modules/.vite/deps/react-router-dom.js.map · 	dashboard/node_modules/.vite/deps/react.js · 	dashboard/node_modules/.vite/deps/react.js.map · 	dashboard/node_modules/.vite/deps/react_jsx-dev-runtime.js · 	dashboard/node_modules/.vite/deps/react_jsx-dev-runtime.js.map · 	dashboard/node_modules/.vite/deps/react_jsx-runtime.js · 	dashboard/node_modules/.vite/deps/react_jsx-runtime.js.map · 	dashboard/node_modules/.vite/deps/recharts.js · 	dashboard/node_modules/.vite/deps/recharts.js.map · 	dashboard/node_modules/.vite/deps/zustand.js · 	dashboard/node_modules/.vite/deps/zustand.js.map · 	dashboard/node_modules/@babel/code-frame/LICENSE · 	dashboard/node_modules/@babel/code-frame/README.md · 	dashboard/node_modules/@babel/code-frame/lib/index.js · 	dashboard/node_modules/@babel/code-frame/lib/index.js.map · 	dashboard/node_modules/@babel/code-frame/package.json · 	dashboard/node_modules/@babel/compat-data/LICENSE · 	dashboard/node_modules/@babel/compat-data/README.md · 	dashboard/node_modules/@babel/compat-data/corejs2-built-ins.js · 	dashboard/node_modules/@babel/compat-data/corejs3-shipped-proposals.js · 	dashboard/node_modules/@babel/compat-data/data/corejs2-built-ins.json · 	dashboard/node_modules/@babel/compat-data/data/corejs3-shipped-proposals.json · 	dashboard/node_modules/@babel/compat-data/data/native-modules.json · 	dashboard/node_modules/@babel/compat-data/data/overlapping-plugins.json · 	dashboard/node_modules/@babel/compat-data/data/plugin-bugfixes.json · 	dashboard/node_modules/@babel/compat-data/data/plugins.json · 	dashboard/node_modules/@babel/compat-data/native-modules.js · 	dashboard/node_modules/@babel/compat-data/overlapping-plugins.js · 	dashboard/node_modules/@babel/compat-data/package.json · 	dashboard/node_modules/@babel/compat-data/plugin-bugfixes.js · 	dashboard/node_modules/@babel/compat-data/plugins.js · 	dashboard/node_modules/@babel/core/LICENSE · 	dashboard/node_modules/@babel/core/README.md · 	dashboard/node_modules/@babel/core/lib/config/cache-contexts.js · 	dashboard/node_modules/@babel/core/lib/config/cache-contexts.js.map · 	dashboard/node_modules/@babel/core/lib/config/caching.js · 	dashboard/node_modules/@babel/core/lib/config/caching.js.map · 	dashboard/node_modu · Aborting · hint: Could not execute the todo command · hint: · hint:     pick 9e3e3f5c89cb53c22984d91996393edc6afdd087 # First changes · hint: · hint: It has been rescheduled; To edit the command before continuing, please · hint: edit the todo list first: · hint: · hint:     git rebase --edit-todo · hint:     git rebase --continue [42ms]
2026-05-15 19:07:43.623 [error] Error: Rebasing (6/7)error: The following untracked working tree files would be overwritten by merge:
	dashboard/node_modules/.bin/baseline-browser-mapping
	dashboard/node_modules/.bin/browserslist
	dashboard/node_modules/.bin/crc32
	dashboard/node_modules/.bin/esbuild
	dashboard/node_modules/.bin/jsesc
	dashboard/node_modules/.bin/json5
	dashboard/node_modules/.bin/loose-envify
	dashboard/node_modules/.bin/nanoid
	dashboard/node_modules/.bin/parser
	dashboard/node_modules/.bin/rollup
	dashboard/node_modules/.bin/semver
	dashboard/node_modules/.bin/update-browserslist-db
	dashboard/node_modules/.bin/vite
	dashboard/node_modules/.bin/xlsx
	dashboard/node_modules/.package-lock.json
	dashboard/node_modules/.vite/deps/@tanstack_react-query.js
	dashboard/node_modules/.vite/deps/@tanstack_react-query.js.map
	dashboard/node_modules/.vite/deps/_metadata.json
	dashboard/node_modules/.vite/deps/chunk-KBTYAULA.js
	dashboard/node_modules/.vite/deps/chunk-KBTYAULA.js.map
	dashboard/node_modules/.vite/deps/chunk-QCHXOAYK.js
	dashboard/node_modules/.vite/deps/chunk-QCHXOAYK.js.map
	dashboard/node_modules/.vite/deps/chunk-RPCDYKBN.js
	dashboard/node_modules/.vite/deps/chunk-RPCDYKBN.js.map
	dashboard/node_modules/.vite/deps/chunk-WOOG5QLI.js
	dashboard/node_modules/.vite/deps/chunk-WOOG5QLI.js.map
	dashboard/node_modules/.vite/deps/date-fns.js
	dashboard/node_modules/.vite/deps/date-fns.js.map
	dashboard/node_modules/.vite/deps/lightweight-charts.js
	dashboard/node_modules/.vite/deps/lightweight-charts.js.map
	dashboard/node_modules/.vite/deps/package.json
	dashboard/node_modules/.vite/deps/papaparse.js
	dashboard/node_modules/.vite/deps/papaparse.js.map
	dashboard/node_modules/.vite/deps/react-dom.js
	dashboard/node_modules/.vite/deps/react-dom.js.map
	dashboard/node_modules/.vite/deps/react-dom_client.js
	dashboard/node_modules/.vite/deps/react-dom_client.js.map
	dashboard/node_modules/.vite/deps/react-router-dom.js
	dashboard/node_modules/.vite/deps/react-router-dom.js.map
	dashboard/node_modules/.vite/deps/react.js
	dashboard/node_modules/.vite/deps/react.js.map
	dashboard/node_modules/.vite/deps/react_jsx-dev-runtime.js
	dashboard/node_modules/.vite/deps/react_jsx-dev-runtime.js.map
	dashboard/node_modules/.vite/deps/react_jsx-runtime.js
	dashboard/node_modules/.vite/deps/react_jsx-runtime.js.map
	dashboard/node_modules/.vite/deps/recharts.js
	dashboard/node_modules/.vite/deps/recharts.js.map
	dashboard/node_modules/.vite/deps/zustand.js
	dashboard/node_modules/.vite/deps/zustand.js.map
	dashboard/node_modules/@babel/code-frame/LICENSE
	dashboard/node_modules/@babel/code-frame/README.md
	dashboard/node_modules/@babel/code-frame/lib/index.js
	dashboard/node_modules/@babel/code-frame/lib/index.js.map
	dashboard/node_modules/@babel/code-frame/package.json
	dashboard/node_modules/@babel/compat-data/LICENSE
	dashboard/node_modules/@babel/compat-data/README.md
	dashboard/node_modules/@babel/compat-data/corejs2-built-ins.js
	dashboard/node_modules/@babel/compat-data/corejs3-shipped-proposals.js
	dashboard/node_modules/@babel/compat-data/data/corejs2-built-ins.json
	dashboard/node_modules/@babel/compat-data/data/corejs3-shipped-proposals.json
	dashboard/node_modules/@babel/compat-data/data/native-modules.json
	dashboard/node_modules/@babel/compat-data/data/overlapping-plugins.json
	dashboard/node_modules/@babel/compat-data/data/plugin-bugfixes.json
	dashboard/node_modules/@babel/compat-data/data/plugins.json
	dashboard/node_modules/@babel/compat-data/native-modules.js
	dashboard/node_modules/@babel/compat-data/overlapping-plugins.js
	dashboard/node_modules/@babel/compat-data/package.json
	dashboard/node_modules/@babel/compat-data/plugin-bugfixes.js
	dashboard/node_modules/@babel/compat-data/plugins.js
	dashboard/node_modules/@babel/core/LICENSE
	dashboard/node_modules/@babel/core/README.md
	dashboard/node_modules/@babel/core/lib/config/cache-contexts.js
	dashboard/node_modules/@babel/core/lib/config/cache-contexts.js.map
	dashboard/node_modules/@babel/core/lib/config/caching.js
	dashboard/node_modules/@babel/core/lib/config/caching.js.map
	dashboard/node_modu
Aborting
hint: Could not execute the todo command
hint:
hint:     pick 9e3e3f5c89cb53c22984d91996393edc6afdd087 # First changes
hint:
hint: It has been rescheduled; To edit the command before continuing, please
hint: edit the todo list first:
hint:
hint:     git rebase --edit-todo
hint:     git rebase --continue   [  812 →   813] PausedOperationsGitSubProvider.continuePausedOperation 
2026-05-15 19:07:43.623 [error] Error: Unable to skip the rebase operation: Rebasing (6/7)error: The following untracked working tree files would be overwritten by merge:
	dashboard/node_modules/.bin/baseline-browser-mapping
	dashboard/node_modules/.bin/browserslist
	dashboard/node_modules/.bin/crc32
	dashboard/node_modules/.bin/esbuild
	dashboard/node_modules/.bin/jsesc
	dashboard/node_modules/.bin/json5
	dashboard/node_modules/.bin/loose-envify
	dashboard/node_modules/.bin/nanoid
	dashboard/node_modules/.bin/parser
	dashboard/node_modules/.bin/rollup
	dashboard/node_modules/.bin/semver
	dashboard/node_modules/.bin/update-browserslist-db
	dashboard/node_modules/.bin/vite
	dashboard/node_modules/.bin/xlsx
	dashboard/node_modules/.package-lock.json
	dashboard/node_modules/.vite/deps/@tanstack_react-query.js
	dashboard/node_modules/.vite/deps/@tanstack_react-query.js.map
	dashboard/node_modules/.vite/deps/_metadata.json
	dashboard/node_modules/.vite/deps/chunk-KBTYAULA.js
	dashboard/node_modules/.vite/deps/chunk-KBTYAULA.js.map
	dashboard/node_modules/.vite/deps/chunk-QCHXOAYK.js
	dashboard/node_modules/.vite/deps/chunk-QCHXOAYK.js.map
	dashboard/node_modules/.vite/deps/chunk-RPCDYKBN.js
	dashboard/node_modules/.vite/deps/chunk-RPCDYKBN.js.map
	dashboard/node_modules/.vite/deps/chunk-WOOG5QLI.js
	dashboard/node_modules/.vite/deps/chunk-WOOG5QLI.js.map
	dashboard/node_modules/.vite/deps/date-fns.js
	dashboard/node_modules/.vite/deps/date-fns.js.map
	dashboard/node_modules/.vite/deps/lightweight-charts.js
	dashboard/node_modules/.vite/deps/lightweight-charts.js.map
	dashboard/node_modules/.vite/deps/package.json
	dashboard/node_modules/.vite/deps/papaparse.js
	dashboard/node_modules/.vite/deps/papaparse.js.map
	dashboard/node_modules/.vite/deps/react-dom.js
	dashboard/node_modules/.vite/deps/react-dom.js.map
	dashboard/node_modules/.vite/deps/react-dom_client.js
	dashboard/node_modules/.vite/deps/react-dom_client.js.map
	dashboard/node_modules/.vite/deps/react-router-dom.js
	dashboard/node_modules/.vite/deps/react-router-dom.js.map
	dashboard/node_modules/.vite/deps/react.js
	dashboard/node_modules/.vite/deps/react.js.map
	dashboard/node_modules/.vite/deps/react_jsx-dev-runtime.js
	dashboard/node_modules/.vite/deps/react_jsx-dev-runtime.js.map
	dashboard/node_modules/.vite/deps/react_jsx-runtime.js
	dashboard/node_modules/.vite/deps/react_jsx-runtime.js.map
	dashboard/node_modules/.vite/deps/recharts.js
	dashboard/node_modules/.vite/deps/recharts.js.map
	dashboard/node_modules/.vite/deps/zustand.js
	dashboard/node_modules/.vite/deps/zustand.js.map
	dashboard/node_modules/@babel/code-frame/LICENSE
	dashboard/node_modules/@babel/code-frame/README.md
	dashboard/node_modules/@babel/code-frame/lib/index.js
	dashboard/node_modules/@babel/code-frame/lib/index.js.map
	dashboard/node_modules/@babel/code-frame/package.json
	dashboard/node_modules/@babel/compat-data/LICENSE
	dashboard/node_modules/@babel/compat-data/README.md
	dashboard/node_modules/@babel/compat-data/corejs2-built-ins.js
	dashboard/node_modules/@babel/compat-data/corejs3-shipped-proposals.js
	dashboard/node_modules/@babel/compat-data/data/corejs2-built-ins.json
	dashboard/node_modules/@babel/compat-data/data/corejs3-shipped-proposals.json
	dashboard/node_modules/@babel/compat-data/data/native-modules.json
	dashboard/node_modules/@babel/compat-data/data/overlapping-plugins.json
	dashboard/node_modules/@babel/compat-data/data/plugin-bugfixes.json
	dashboard/node_modules/@babel/compat-data/data/plugins.json
	dashboard/node_modules/@babel/compat-data/native-modules.js
	dashboard/node_modules/@babel/compat-data/overlapping-plugins.js
	dashboard/node_modules/@babel/compat-data/package.json
	dashboard/node_modules/@babel/compat-data/plugin-bugfixes.js
	dashboard/node_modules/@babel/compat-data/plugins.js
	dashboard/node_modules/@babel/core/LICENSE
	dashboard/node_modules/@babel/core/README.md
	dashboard/node_modules/@babel/core/lib/config/cache-contexts.js
	dashboard/node_modules/@babel/core/lib/config/cache-contexts.js.map
	dashboard/node_modules/@babel/core/lib/config/caching.js
	dashboard/node_modules/@babel/core/lib/config/caching.js.map
	dashboard/node_modu
Aborting
hint: Could not execute the todo command
hint:
hint:     pick 9e3e3f5c89cb53c22984d91996393edc6afdd087 # First changes
hint:
hint: It has been rescheduled; To edit the command before continuing, please
hint: edit the todo list first:
hint:
hint:     git rebase --edit-todo
hint:     git rebase --continue   [  812 →   813] PausedOperationsGitSubProvider.continuePausedOperation — failed [43ms]
2026-05-15 19:07:43.656 [info]    [  818 →   819] PausedOperationsGitSubProvider.getPausedOperationStatus Detected paused operations: rebase-merge
2026-05-15 19:07:43.670 [info]    [GIT      13ms] [/home/dev/Documents/Dev/Tradingview] git rev-parse --quiet --verify REBASE_HEAD [13ms]
2026-05-15 19:07:43.703 [info]    [GIT      32ms] [/home/dev/Documents/Dev/Tradingview] git branch -a --format=%(refname:short) --points-at=7f518f181c068d109eba374b3d69149d1bb6aef1 [32ms]
2026-05-15 19:07:43.704 [error]   [GIT          ] [/home/dev/Documents/Dev/Tradingview] git merge-base 9e3e3f5c89cb53c22984d91996393edc6afdd087 HEAD · Command failed with exit code 1 [33ms]
2026-05-15 19:07:43.704 [error] Error: Command failed with exit code 1   [  819 →   820] RefsGitSubProvider.getMergeBase 
2026-05-15 19:07:43.704 [info]    [GIT      33ms] [/home/dev/Documents/Dev/Tradingview] git tag --format=%(refname:short) --points-at=7f518f181c068d109eba374b3d69149d1bb6aef1 [33ms]
2026-05-15 19:07:43.873 [error]   [GIT          ] [/home/dev/Documents/Dev/Tradingview] git rebase --skip · Rebasing (7/8) · error: The following untracked working tree files would be overwritten by merge: · 	dashboard/node_modules/.bin/baseline-browser-mapping · 	dashboard/node_modules/.bin/browserslist · 	dashboard/node_modules/.bin/crc32 · 	dashboard/node_modules/.bin/esbuild · 	dashboard/node_modules/.bin/jsesc · 	dashboard/node_modules/.bin/json5 · 	dashboard/node_modules/.bin/loose-envify · 	dashboard/node_modules/.bin/nanoid · 	dashboard/node_modules/.bin/parser · 	dashboard/node_modules/.bin/rollup · 	dashboard/node_modules/.bin/semver · 	dashboard/node_modules/.bin/update-browserslist-db · 	dashboard/node_modules/.bin/vite · 	dashboard/node_modules/.bin/xlsx · 	dashboard/node_modules/.package-lock.json · 	dashboard/node_modules/.vite/deps/@tanstack_react-query.js · 	dashboard/node_modules/.vite/deps/@tanstack_react-query.js.map · 	dashboard/node_modules/.vite/deps/_metadata.json · 	dashboard/node_modules/.vite/deps/chunk-KBTYAULA.js · 	dashboard/node_modules/.vite/deps/chunk-KBTYAULA.js.map · 	dashboard/node_modules/.vite/deps/chunk-QCHXOAYK.js · 	dashboard/node_modules/.vite/deps/chunk-QCHXOAYK.js.map · 	dashboard/node_modules/.vite/deps/chunk-RPCDYKBN.js · 	dashboard/node_modules/.vite/deps/chunk-RPCDYKBN.js.map · 	dashboard/node_modules/.vite/deps/chunk-WOOG5QLI.js · 	dashboard/node_modules/.vite/deps/chunk-WOOG5QLI.js.map · 	dashboard/node_modules/.vite/deps/date-fns.js · 	dashboard/node_modules/.vite/deps/date-fns.js.map · 	dashboard/node_modules/.vite/deps/lightweight-charts.js · 	dashboard/node_modules/.vite/deps/lightweight-charts.js.map · 	dashboard/node_modules/.vite/deps/package.json · 	dashboard/node_modules/.vite/deps/papaparse.js · 	dashboard/node_modules/.vite/deps/papaparse.js.map · 	dashboard/node_modules/.vite/deps/react-dom.js · 	dashboard/node_modules/.vite/deps/react-dom.js.map · 	dashboard/node_modules/.vite/deps/react-dom_client.js · 	dashboard/node_modules/.vite/deps/react-dom_client.js.map · 	dashboard/node_modules/.vite/deps/react-router-dom.js · 	dashboard/node_modules/.vite/deps/react-router-dom.js.map · 	dashboard/node_modules/.vite/deps/react.js · 	dashboard/node_modules/.vite/deps/react.js.map · 	dashboard/node_modules/.vite/deps/react_jsx-dev-runtime.js · 	dashboard/node_modules/.vite/deps/react_jsx-dev-runtime.js.map · 	dashboard/node_modules/.vite/deps/react_jsx-runtime.js · 	dashboard/node_modules/.vite/deps/react_jsx-runtime.js.map · 	dashboard/node_modules/.vite/deps/recharts.js · 	dashboard/node_modules/.vite/deps/recharts.js.map · 	dashboard/node_modules/.vite/deps/zustand.js · 	dashboard/node_modules/.vite/deps/zustand.js.map · 	dashboard/node_modules/@babel/code-frame/LICENSE · 	dashboard/node_modules/@babel/code-frame/README.md · 	dashboard/node_modules/@babel/code-frame/lib/index.js · 	dashboard/node_modules/@babel/code-frame/lib/index.js.map · 	dashboard/node_modules/@babel/code-frame/package.json · 	dashboard/node_modules/@babel/compat-data/LICENSE · 	dashboard/node_modules/@babel/compat-data/README.md · 	dashboard/node_modules/@babel/compat-data/corejs2-built-ins.js · 	dashboard/node_modules/@babel/compat-data/corejs3-shipped-proposals.js · 	dashboard/node_modules/@babel/compat-data/data/corejs2-built-ins.json · 	dashboard/node_modules/@babel/compat-data/data/corejs3-shipped-proposals.json · 	dashboard/node_modules/@babel/compat-data/data/native-modules.json · 	dashboard/node_modules/@babel/compat-data/data/overlapping-plugins.json · 	dashboard/node_modules/@babel/compat-data/data/plugin-bugfixes.json · 	dashboard/node_modules/@babel/compat-data/data/plugins.json · 	dashboard/node_modules/@babel/compat-data/native-modules.js · 	dashboard/node_modules/@babel/compat-data/overlapping-plugins.js · 	dashboard/node_modules/@babel/compat-data/package.json · 	dashboard/node_modules/@babel/compat-data/plugin-bugfixes.js · 	dashboard/node_modules/@babel/compat-data/plugins.js · 	dashboard/node_modules/@babel/core/LICENSE · 	dashboard/node_modules/@babel/core/README.md · 	dashboard/node_modules/@babel/core/lib/config/cache-contexts.js · 	dashboard/node_modules/@babel/core/lib/config/cache-contexts.js.map · 	dashboard/node_modules/@babel/core/lib/config/caching.js · 	dashboard/node_modules/@babel/core/lib/config/caching.js.map · 	dashboard/node_modu · Aborting · hint: Could not execute the todo command · hint: · hint:     pick 9e3e3f5c89cb53c22984d91996393edc6afdd087 # First changes · hint: · hint: It has been rescheduled; To edit the command before continuing, please · hint: edit the todo list first: · hint: · hint:     git rebase --edit-todo · hint:     git rebase --continue [43ms]
2026-05-15 19:07:43.874 [error] Error: Rebasing (7/8)error: The following untracked working tree files would be overwritten by merge:
	dashboard/node_modules/.bin/baseline-browser-mapping
	dashboard/node_modules/.bin/browserslist
	dashboard/node_modules/.bin/crc32
	dashboard/node_modules/.bin/esbuild
	dashboard/node_modules/.bin/jsesc
	dashboard/node_modules/.bin/json5
	dashboard/node_modules/.bin/loose-envify
	dashboard/node_modules/.bin/nanoid
	dashboard/node_modules/.bin/parser
	dashboard/node_modules/.bin/rollup
	dashboard/node_modules/.bin/semver
	dashboard/node_modules/.bin/update-browserslist-db
	dashboard/node_modules/.bin/vite
	dashboard/node_modules/.bin/xlsx
	dashboard/node_modules/.package-lock.json
	dashboard/node_modules/.vite/deps/@tanstack_react-query.js
	dashboard/node_modules/.vite/deps/@tanstack_react-query.js.map
	dashboard/node_modules/.vite/deps/_metadata.json
	dashboard/node_modules/.vite/deps/chunk-KBTYAULA.js
	dashboard/node_modules/.vite/deps/chunk-KBTYAULA.js.map
	dashboard/node_modules/.vite/deps/chunk-QCHXOAYK.js
	dashboard/node_modules/.vite/deps/chunk-QCHXOAYK.js.map
	dashboard/node_modules/.vite/deps/chunk-RPCDYKBN.js
	dashboard/node_modules/.vite/deps/chunk-RPCDYKBN.js.map
	dashboard/node_modules/.vite/deps/chunk-WOOG5QLI.js
	dashboard/node_modules/.vite/deps/chunk-WOOG5QLI.js.map
	dashboard/node_modules/.vite/deps/date-fns.js
	dashboard/node_modules/.vite/deps/date-fns.js.map
	dashboard/node_modules/.vite/deps/lightweight-charts.js
	dashboard/node_modules/.vite/deps/lightweight-charts.js.map
	dashboard/node_modules/.vite/deps/package.json
	dashboard/node_modules/.vite/deps/papaparse.js
	dashboard/node_modules/.vite/deps/papaparse.js.map
	dashboard/node_modules/.vite/deps/react-dom.js
	dashboard/node_modules/.vite/deps/react-dom.js.map
	dashboard/node_modules/.vite/deps/react-dom_client.js
	dashboard/node_modules/.vite/deps/react-dom_client.js.map
	dashboard/node_modules/.vite/deps/react-router-dom.js
	dashboard/node_modules/.vite/deps/react-router-dom.js.map
	dashboard/node_modules/.vite/deps/react.js
	dashboard/node_modules/.vite/deps/react.js.map
	dashboard/node_modules/.vite/deps/react_jsx-dev-runtime.js
	dashboard/node_modules/.vite/deps/react_jsx-dev-runtime.js.map
	dashboard/node_modules/.vite/deps/react_jsx-runtime.js
	dashboard/node_modules/.vite/deps/react_jsx-runtime.js.map
	dashboard/node_modules/.vite/deps/recharts.js
	dashboard/node_modules/.vite/deps/recharts.js.map
	dashboard/node_modules/.vite/deps/zustand.js
	dashboard/node_modules/.vite/deps/zustand.js.map
	dashboard/node_modules/@babel/code-frame/LICENSE
	dashboard/node_modules/@babel/code-frame/README.md
	dashboard/node_modules/@babel/code-frame/lib/index.js
	dashboard/node_modules/@babel/code-frame/lib/index.js.map
	dashboard/node_modules/@babel/code-frame/package.json
	dashboard/node_modules/@babel/compat-data/LICENSE
	dashboard/node_modules/@babel/compat-data/README.md
	dashboard/node_modules/@babel/compat-data/corejs2-built-ins.js
	dashboard/node_modules/@babel/compat-data/corejs3-shipped-proposals.js
	dashboard/node_modules/@babel/compat-data/data/corejs2-built-ins.json
	dashboard/node_modules/@babel/compat-data/data/corejs3-shipped-proposals.json
	dashboard/node_modules/@babel/compat-data/data/native-modules.json
	dashboard/node_modules/@babel/compat-data/data/overlapping-plugins.json
	dashboard/node_modules/@babel/compat-data/data/plugin-bugfixes.json
	dashboard/node_modules/@babel/compat-data/data/plugins.json
	dashboard/node_modules/@babel/compat-data/native-modules.js
	dashboard/node_modules/@babel/compat-data/overlapping-plugins.js
	dashboard/node_modules/@babel/compat-data/package.json
	dashboard/node_modules/@babel/compat-data/plugin-bugfixes.js
	dashboard/node_modules/@babel/compat-data/plugins.js
	dashboard/node_modules/@babel/core/LICENSE
	dashboard/node_modules/@babel/core/README.md
	dashboard/node_modules/@babel/core/lib/config/cache-contexts.js
	dashboard/node_modules/@babel/core/lib/config/cache-contexts.js.map
	dashboard/node_modules/@babel/core/lib/config/caching.js
	dashboard/node_modules/@babel/core/lib/config/caching.js.map
	dashboard/node_modu
Aborting
hint: Could not execute the todo command
hint:
hint:     pick 9e3e3f5c89cb53c22984d91996393edc6afdd087 # First changes
hint:
hint: It has been rescheduled; To edit the command before continuing, please
hint: edit the todo list first:
hint:
hint:     git rebase --edit-todo
hint:     git rebase --continue   [  826 →   827] PausedOperationsGitSubProvider.continuePausedOperation 
2026-05-15 19:07:43.874 [error] Error: Unable to skip the rebase operation: Rebasing (7/8)error: The following untracked working tree files would be overwritten by merge:
	dashboard/node_modules/.bin/baseline-browser-mapping
	dashboard/node_modules/.bin/browserslist
	dashboard/node_modules/.bin/crc32
	dashboard/node_modules/.bin/esbuild
	dashboard/node_modules/.bin/jsesc
	dashboard/node_modules/.bin/json5
	dashboard/node_modules/.bin/loose-envify
	dashboard/node_modules/.bin/nanoid
	dashboard/node_modules/.bin/parser
	dashboard/node_modules/.bin/rollup
	dashboard/node_modules/.bin/semver
	dashboard/node_modules/.bin/update-browserslist-db
	dashboard/node_modules/.bin/vite
	dashboard/node_modules/.bin/xlsx
	dashboard/node_modules/.package-lock.json
	dashboard/node_modules/.vite/deps/@tanstack_react-query.js
	dashboard/node_modules/.vite/deps/@tanstack_react-query.js.map
	dashboard/node_modules/.vite/deps/_metadata.json
	dashboard/node_modules/.vite/deps/chunk-KBTYAULA.js
	dashboard/node_modules/.vite/deps/chunk-KBTYAULA.js.map
	dashboard/node_modules/.vite/deps/chunk-QCHXOAYK.js
	dashboard/node_modules/.vite/deps/chunk-QCHXOAYK.js.map
	dashboard/node_modules/.vite/deps/chunk-RPCDYKBN.js
	dashboard/node_modules/.vite/deps/chunk-RPCDYKBN.js.map
	dashboard/node_modules/.vite/deps/chunk-WOOG5QLI.js
	dashboard/node_modules/.vite/deps/chunk-WOOG5QLI.js.map
	dashboard/node_modules/.vite/deps/date-fns.js
	dashboard/node_modules/.vite/deps/date-fns.js.map
	dashboard/node_modules/.vite/deps/lightweight-charts.js
	dashboard/node_modules/.vite/deps/lightweight-charts.js.map
	dashboard/node_modules/.vite/deps/package.json
	dashboard/node_modules/.vite/deps/papaparse.js
	dashboard/node_modules/.vite/deps/papaparse.js.map
	dashboard/node_modules/.vite/deps/react-dom.js
	dashboard/node_modules/.vite/deps/react-dom.js.map
	dashboard/node_modules/.vite/deps/react-dom_client.js
	dashboard/node_modules/.vite/deps/react-dom_client.js.map
	dashboard/node_modules/.vite/deps/react-router-dom.js
	dashboard/node_modules/.vite/deps/react-router-dom.js.map
	dashboard/node_modules/.vite/deps/react.js
	dashboard/node_modules/.vite/deps/react.js.map
	dashboard/node_modules/.vite/deps/react_jsx-dev-runtime.js
	dashboard/node_modules/.vite/deps/react_jsx-dev-runtime.js.map
	dashboard/node_modules/.vite/deps/react_jsx-runtime.js
	dashboard/node_modules/.vite/deps/react_jsx-runtime.js.map
	dashboard/node_modules/.vite/deps/recharts.js
	dashboard/node_modules/.vite/deps/recharts.js.map
	dashboard/node_modules/.vite/deps/zustand.js
	dashboard/node_modules/.vite/deps/zustand.js.map
	dashboard/node_modules/@babel/code-frame/LICENSE
	dashboard/node_modules/@babel/code-frame/README.md
	dashboard/node_modules/@babel/code-frame/lib/index.js
	dashboard/node_modules/@babel/code-frame/lib/index.js.map
	dashboard/node_modules/@babel/code-frame/package.json
	dashboard/node_modules/@babel/compat-data/LICENSE
	dashboard/node_modules/@babel/compat-data/README.md
	dashboard/node_modules/@babel/compat-data/corejs2-built-ins.js
	dashboard/node_modules/@babel/compat-data/corejs3-shipped-proposals.js
	dashboard/node_modules/@babel/compat-data/data/corejs2-built-ins.json
	dashboard/node_modules/@babel/compat-data/data/corejs3-shipped-proposals.json
	dashboard/node_modules/@babel/compat-data/data/native-modules.json
	dashboard/node_modules/@babel/compat-data/data/overlapping-plugins.json
	dashboard/node_modules/@babel/compat-data/data/plugin-bugfixes.json
	dashboard/node_modules/@babel/compat-data/data/plugins.json
	dashboard/node_modules/@babel/compat-data/native-modules.js
	dashboard/node_modules/@babel/compat-data/overlapping-plugins.js
	dashboard/node_modules/@babel/compat-data/package.json
	dashboard/node_modules/@babel/compat-data/plugin-bugfixes.js
	dashboard/node_modules/@babel/compat-data/plugins.js
	dashboard/node_modules/@babel/core/LICENSE
	dashboard/node_modules/@babel/core/README.md
	dashboard/node_modules/@babel/core/lib/config/cache-contexts.js
	dashboard/node_modules/@babel/core/lib/config/cache-contexts.js.map
	dashboard/node_modules/@babel/core/lib/config/caching.js
	dashboard/node_modules/@babel/core/lib/config/caching.js.map
	dashboard/node_modu
Aborting
hint: Could not execute the todo command
hint:
hint:     pick 9e3e3f5c89cb53c22984d91996393edc6afdd087 # First changes
hint:
hint: It has been rescheduled; To edit the command before continuing, please
hint: edit the todo list first:
hint:
hint:     git rebase --edit-todo
hint:     git rebase --continue   [  826 →   827] PausedOperationsGitSubProvider.continuePausedOperation — failed [43ms]
2026-05-15 19:07:43.939 [info]    [GIT      13ms] [/home/dev/Documents/Dev/Tradingview] git ls-files -z --unmerged [13ms]
2026-05-15 19:07:44.250 [info]    [  836 →   837] PausedOperationsGitSubProvider.getPausedOperationStatus Detected paused operations: rebase-merge
2026-05-15 19:07:44.263 [info]    [GIT      12ms] [/home/dev/Documents/Dev/Tradingview] git rev-parse --quiet --verify REBASE_HEAD [12ms]
2026-05-15 19:07:44.296 [info]    [GIT      32ms] [/home/dev/Documents/Dev/Tradingview] git branch -a --format=%(refname:short) --points-at=7f518f181c068d109eba374b3d69149d1bb6aef1 [32ms]
2026-05-15 19:07:44.296 [error]   [GIT          ] [/home/dev/Documents/Dev/Tradingview] git merge-base 9e3e3f5c89cb53c22984d91996393edc6afdd087 HEAD · Command failed with exit code 1 [32ms]
2026-05-15 19:07:44.296 [error] Error: Command failed with exit code 1   [  837 →   839] RefsGitSubProvider.getMergeBase 
2026-05-15 19:07:44.297 [info]    [GIT      33ms] [/home/dev/Documents/Dev/Tradingview] git tag --format=%(refname:short) --points-at=7f518f181c068d109eba374b3d69149d1bb6aef1 [33ms]
2026-05-15 19:07:44.514 [info]    [GIT      12ms] [/home/dev/Documents/Dev/Tradingview] git ls-files -z --unmerged [12ms]
2026-05-15 19:07:45.057 [info]    [GIT      11ms] [/home/dev/Documents/Dev/Tradingview] git ls-files -- .gitignore [11ms]
2026-05-15 19:07:45.067 [info]    [GIT      10ms] [/home/dev/Documents/Dev/Tradingview] git config --get-regex ^user\.(name|email)$ [10ms]
2026-05-15 19:07:45.076 [info]    [GIT       8ms] [/home/dev/Documents/Dev/Tradingview] git check-mailmap Abdullah Abdul Hakim <abdullaabdulhakeem25@gmail.com> [8ms]
2026-05-15 19:07:45.086 [info]    [GIT:→15      ] (spawn) [/home/dev/Documents/Dev/Tradingview] git blame --root --incremental --encoding=utf-8 9b50ddb8725bbdf9dacacdd9f1c8bd84bd78dd19 -- .gitignore · starting...
2026-05-15 19:07:45.142 [info]    [GIT:←15  65ms] (spawn) [/home/dev/Documents/Dev/Tradingview] git blame --root --incremental --encoding=utf-8 9b50ddb8725bbdf9dacacdd9f1c8bd84bd78dd19 -- .gitignore [65ms]
2026-05-15 19:07:45.157 [info]    [GIT      12ms] [/home/dev/Documents/Dev/Tradingview] git remote -v [12ms]
2026-05-15 19:07:45.169 [info]    [GIT      11ms] [/home/dev/Documents/Dev/Tradingview] git config --get -f /home/dev/Documents/Dev/Tradingview/.git/gk/config gk.defaultRemote [11ms]
2026-05-15 19:07:45.193 [info]    [GIT      22ms] [/home/dev/Documents/Dev/Tradingview] git log --format=%x1E%H%x1D --summary -n1 9b50ddb8725bbdf9dacacdd9f1c8bd84bd78dd19^ -- .gitignore [22ms]
2026-05-15 19:07:45.870 [info]    [GIT     688ms] [/home/dev/Documents/Dev/Tradingview] git log --format=%x1E%H%x1D%aN%x1D%aE%x1D%at%x1D%cN%x1D%cE%x1D%ct%x1D%P%x1D%D%x1D%B%x1D --numstat --raw -M --use-mailmap -m --no-min-parents -n1 9b50ddb8725bbdf9dacacdd9f1c8bd84bd78dd19 -- [688ms]
2026-05-15 19:07:47.405 [info]    [GIT      22ms] [/home/dev/Documents/Dev/Tradingview] git for-each-ref --format=%1E%(HEAD)%1D%(refname)%1D%(upstream)%1D%(upstream:track)%1D%(objectname)%1D%(committerdate:iso8601)%1D%(worktreepath)%1D refs/heads/ refs/remotes/ [22ms]
2026-05-15 19:07:47.406 [info]    [GIT      11ms] [/home/dev/Documents/Dev/Tradingview] git config --get-regex -f /home/dev/Documents/Dev/Tradingview/.git/gk/config ^branch\..*\.gk-(last-(accessed|modified)|disposition)$ [11ms]
2026-05-15 19:07:58.638 [info]    [GIT      23ms] [/home/dev/Documents/Dev/Tradingview] git for-each-ref --format=%1E%(HEAD)%1D%(refname)%1D%(upstream)%1D%(upstream:track)%1D%(objectname)%1D%(committerdate:iso8601)%1D%(worktreepath)%1D refs/heads/ refs/remotes/ [23ms]
2026-05-15 19:07:58.649 [info]    [GIT      34ms] [/home/dev/Documents/Dev/Tradingview] git rev-parse --show-toplevel --git-dir --git-common-dir --show-superproject-working-tree [34ms]
2026-05-15 19:10:15.028 [info]    [GIT      13ms] [/home/dev/Documents/Dev/Tradingview] git for-each-ref --format=%1E%(HEAD)%1D%(refname)%1D%(upstream)%1D%(upstream:track)%1D%(objectname)%1D%(committerdate:iso8601)%1D%(worktreepath)%1D refs/heads/ refs/remotes/ [13ms]
2026-05-15 19:10:15.041 [info]    [GIT      12ms] [/home/dev/Documents/Dev/Tradingview] git config --get -f /home/dev/Documents/Dev/Tradingview/.git/gk/config branch.main.gk-last-accessed [12ms]
2026-05-15 19:10:15.053 [info]    [GIT      11ms] [/home/dev/Documents/Dev/Tradingview] git config --get -f /home/dev/Documents/Dev/Tradingview/.git/gk/config branch.main.gk-last-modified [11ms]
2026-05-15 19:10:15.068 [info]    [GIT      12ms] [/home/dev/Documents/Dev/Tradingview] git config -f /home/dev/Documents/Dev/Tradingview/.git/gk/config branch.main.gk-last-modified 2026-05-15T15:10:15.029Z [12ms]
2026-05-15 19:12:04.451 [info]    [GIT      29ms] [/home/dev/Documents/Dev/Tradingview] git ls-files -- trades.log [29ms]
2026-05-15 19:12:05.429 [info]    [GIT      16ms] [/home/dev/Documents/Dev/Tradingview] git ls-files -- trades.json [16ms]
2026-05-15 19:12:08.733 [info]    [GIT      27ms] [/home/dev/Documents/Dev/Tradingview] git ls-files -- requirements.txt [27ms]
2026-05-15 19:12:08.746 [info]    [GIT      12ms] [/home/dev/Documents/Dev/Tradingview] git config --get-regex ^user\.(name|email)$ [12ms]
2026-05-15 19:12:08.771 [info]    [GIT      24ms] [/home/dev/Documents/Dev/Tradingview] git check-mailmap Abdullah Abdul Hakim <abdullaabdulhakeem25@gmail.com> [24ms]
2026-05-15 19:12:08.782 [info]    [GIT:→16      ] (spawn) [/home/dev/Documents/Dev/Tradingview] git blame --root --incremental --encoding=utf-8 -- requirements.txt · starting...
2026-05-15 19:12:08.838 [info]    [GIT:←16  66ms] (spawn) [/home/dev/Documents/Dev/Tradingview] git blame --root --incremental --encoding=utf-8 -- requirements.txt [66ms]
2026-05-15 19:12:08.854 [info]    [GIT      15ms] [/home/dev/Documents/Dev/Tradingview] git show --textconv HEAD:./requirements.txt -- [15ms]
2026-05-15 19:12:08.876 [info]    [GIT      14ms] [/home/dev/Documents/Dev/Tradingview] git remote -v [14ms]
2026-05-15 19:12:08.890 [info]    [GIT      13ms] [/home/dev/Documents/Dev/Tradingview] git config --get -f /home/dev/Documents/Dev/Tradingview/.git/gk/config gk.defaultRemote [13ms]
2026-05-15 19:12:08.918 [info]    [GIT      25ms] [/home/dev/Documents/Dev/Tradingview] git log --format=%x1E%H%x1D --summary -n1 9b50ddb8725bbdf9dacacdd9f1c8bd84bd78dd19^ -- requirements.txt [25ms]
2026-05-15 19:12:09.655 [info]    [GIT     750ms] [/home/dev/Documents/Dev/Tradingview] git log --format=%x1E%H%x1D%aN%x1D%aE%x1D%at%x1D%cN%x1D%cE%x1D%ct%x1D%P%x1D%D%x1D%B%x1D --numstat --raw -M --use-mailmap -m --no-min-parents -n1 9b50ddb8725bbdf9dacacdd9f1c8bd84bd78dd19 -- [750ms]
2026-05-15 19:12:11.439 [info]    [GIT      14ms] [/home/dev/Documents/Dev/Tradingview] git ls-files -- SETUP.md [14ms]
2026-05-15 19:12:11.468 [info]    [GIT:→17      ] (spawn) [/home/dev/Documents/Dev/Tradingview] git blame --root --incremental --encoding=utf-8 -- SETUP.md · starting...
2026-05-15 19:12:11.487 [info]    [GIT:←17  30ms] (spawn) [/home/dev/Documents/Dev/Tradingview] git blame --root --incremental --encoding=utf-8 -- SETUP.md [30ms]
2026-05-15 19:12:11.540 [info]    [GIT      40ms] [/home/dev/Documents/Dev/Tradingview] git log --format=%x1E%H%x1D --summary -n1 9e3e3f5c89cb53c22984d91996393edc6afdd087^ -- SETUP.md [40ms]
2026-05-15 19:12:11.541 [info]    [GIT      53ms] [/home/dev/Documents/Dev/Tradingview] git show --textconv HEAD:./SETUP.md -- [53ms]
2026-05-15 19:12:11.912 [info]    [GIT     401ms] [/home/dev/Documents/Dev/Tradingview] git log --format=%x1E%H%x1D%aN%x1D%aE%x1D%at%x1D%cN%x1D%cE%x1D%ct%x1D%P%x1D%D%x1D%B%x1D --numstat --raw -M --use-mailmap -m --no-min-parents -n1 9e3e3f5c89cb53c22984d91996393edc6afdd087 -- [401ms]
2026-05-15 19:17:31.028 [info]    [GIT      30ms] [/home/dev/Documents/Dev/Tradingview] git ls-files -- trades.log [30ms]
2026-05-15 19:26:28.567 [info]    [GIT      16ms] [/home/dev/Documents/Dev/Tradingview] git ls-files -- .git/COMMIT_EDITMSG [16ms]
2026-05-15 19:26:28.582 [info]    [GIT      14ms] [/home/dev/Documents/Dev/Tradingview/.git] git ls-files -- COMMIT_EDITMSG [14ms]
2026-05-15 19:27:45.077 [info] To enable debug logging, run "GitLens: Enable Debug Logging" or "Developer: Set Log Level..." from the Command Palette
2026-05-15 19:27:45.077 [info]    [            1] GitLens v17.12.2  activating in Antigravity (1.107.0) on the desktop; mode=production,language='en', logLevel='info', defaultDateLocale='null' (antigravity|fba7d0e441f79ff4c5be727cba943b67ef55086d924406756b80b02747a938ee|977f869c-d403-47d6-ac75-86a7ffc263dd1778856606479)
2026-05-15 19:27:45.077 [info]    [            1] GitLens v17.12.2 activated [80ms]
2026-05-15 19:27:45.530 [info]    [IPC          ] Server started on http://127.0.0.1:46289
2026-05-15 19:27:45.565 [info]    [   6f →    70] GlCliGitProvider.findGit Git (2.53.0) found in /usr/bin/git [1279ms]
2026-05-15 19:27:45.567 [info]    [   6f →    a6] GlCliGitProvider.repositorySearch(/home/dev/Documents/Dev/Tradingview) searching (depth=1)...
2026-05-15 19:27:45.606 [info]    [GIT      39ms] [/home/dev/Documents/Dev/Tradingview] git rev-parse --show-toplevel --git-dir --git-common-dir --show-superproject-working-tree [39ms]
2026-05-15 19:27:45.670 [info]    [   6f →    a6] GlCliGitProvider.repositorySearch(/home/dev/Documents/Dev/Tradingview) found root repository in '/home/dev/Documents/Dev/Tradingview'
2026-05-15 19:27:46.052 [info]    [GIT      11ms] [/home/dev/Documents/Dev/Tradingview] git remote -v [11ms]
2026-05-15 19:27:46.097 [info]    [GIT      31ms] [/home/dev/Documents/Dev/Tradingview] git config --get -f /home/dev/Documents/Dev/Tradingview/.git/gk/config gk.defaultRemote [31ms]
2026-05-15 19:28:02.451 [info] To enable debug logging, run "GitLens: Enable Debug Logging" or "Developer: Set Log Level..." from the Command Palette
2026-05-15 19:28:02.451 [info]    [            1] GitLens v17.12.2  activating in Antigravity (1.107.0) on the desktop; mode=production,language='en', logLevel='info', defaultDateLocale='null' (antigravity|fba7d0e441f79ff4c5be727cba943b67ef55086d924406756b80b02747a938ee|977f869c-d403-47d6-ac75-86a7ffc263dd1778856606479)
2026-05-15 19:28:02.451 [info]    [            1] GitLens v17.12.2 activated [68ms]
2026-05-15 19:28:02.451 [info]    [IPC          ] Server started on http://127.0.0.1:41951
2026-05-15 19:28:26.952 [info] To enable debug logging, run "GitLens: Enable Debug Logging" or "Developer: Set Log Level..." from the Command Palette
2026-05-15 19:28:26.952 [info]    [            1] GitLens v17.12.2  activating in Antigravity (1.107.0) on the desktop; mode=production,language='en', logLevel='info', defaultDateLocale='null' (antigravity|fba7d0e441f79ff4c5be727cba943b67ef55086d924406756b80b02747a938ee|c5bb05e3-4a78-4665-89fc-b7aa188970191778858904944)
2026-05-15 19:28:26.952 [info]    [            1] GitLens v17.12.2 activated [72ms]
2026-05-15 19:28:26.967 [info]    [   6f →    70] GlCliGitProvider.findGit Git (2.53.0) found in /usr/bin/git [70ms]
2026-05-15 19:28:26.970 [info]    [   6f →    95] GlCliGitProvider.repositorySearch(/home/dev/Documents/Dev/Tradingview/.git) searching (depth=1)...
2026-05-15 19:28:26.980 [error]   [GIT          ] [/home/dev/Documents/Dev/Tradingview/.git] git rev-parse --show-toplevel --git-dir --git-common-dir --show-superproject-working-tree · this operation must be run in a work tree [9ms]
2026-05-15 19:28:26.988 [info]    [GIT       7ms] [/home/dev/Documents/Dev/Tradingview/.git] git rev-parse --is-bare-repository [7ms]
2026-05-15 19:28:27.007 [info]    [GIT      18ms] [/home/dev/Documents/Dev/Tradingview] git rev-parse --show-toplevel --git-dir --git-common-dir --show-superproject-working-tree [18ms]
2026-05-15 19:28:27.009 [info]    [   6f →    95] GlCliGitProvider.repositorySearch(/home/dev/Documents/Dev/Tradingview/.git) found root repository in '/home/dev/Documents/Dev/Tradingview'
2026-05-15 19:28:27.453 [info]    [IPC          ] Server started on http://127.0.0.1:38731
2026-05-15 19:28:27.512 [info]    [GIT      41ms] [/home/dev/Documents/Dev/Tradingview] git remote -v [41ms]
2026-05-15 19:28:27.527 [info]    [GIT      13ms] [/home/dev/Documents/Dev/Tradingview] git config --get -f /home/dev/Documents/Dev/Tradingview/.git/gk/config gk.defaultRemote [13ms]
2026-05-15 19:28:37.137 [info] To enable debug logging, run "GitLens: Enable Debug Logging" or "Developer: Set Log Level..." from the Command Palette
2026-05-15 19:28:37.137 [info]    [            1] GitLens v17.12.2  activating in Antigravity (1.107.0) on the desktop; mode=production,language='en', logLevel='info', defaultDateLocale='null' (antigravity|fba7d0e441f79ff4c5be727cba943b67ef55086d924406756b80b02747a938ee|baa2eedb-0468-4195-a11f-3f508ee746291778858914522)
2026-05-15 19:28:37.137 [info]    [            1] GitLens v17.12.2 activated [76ms]
2026-05-15 19:28:37.137 [info]    [   6e →    6f] GlCliGitProvider.findGit Git (2.53.0) found in /usr/bin/git [68ms]
2026-05-15 19:28:37.137 [info]    [   6e →    94] GlCliGitProvider.repositorySearch(/home/dev/Documents/Dev/Tradingview) searching (depth=1)...
2026-05-15 19:28:37.137 [info]    [GIT      43ms] [/home/dev/Documents/Dev/Tradingview] git rev-parse --show-toplevel --git-dir --git-common-dir --show-superproject-working-tree [43ms]
2026-05-15 19:28:37.138 [info]    [   6e →    94] GlCliGitProvider.repositorySearch(/home/dev/Documents/Dev/Tradingview) found root repository in '/home/dev/Documents/Dev/Tradingview'
2026-05-15 19:28:37.224 [info]    [IPC          ] Server started on http://127.0.0.1:36687
2026-05-15 19:28:37.249 [info]    [GIT      21ms] [/home/dev/Documents/Dev/Tradingview] git rev-parse --show-toplevel --git-dir --git-common-dir --show-superproject-working-tree [21ms]
2026-05-15 19:28:37.300 [info]    [GIT       8ms] [/home/dev/Documents/Dev/Tradingview] git remote -v [8ms]
2026-05-15 19:28:37.314 [info]    [GIT      13ms] [/home/dev/Documents/Dev/Tradingview] git config --get -f /home/dev/Documents/Dev/Tradingview/.git/gk/config gk.defaultRemote [13ms]
2026-05-15 19:28:44.907 [info] To enable debug logging, run "GitLens: Enable Debug Logging" or "Developer: Set Log Level..." from the Command Palette
2026-05-15 19:28:44.907 [info]    [            1] GitLens v17.12.2  activating in Antigravity (1.107.0) on the desktop; mode=production,language='en', logLevel='info', defaultDateLocale='null' (antigravity|fba7d0e441f79ff4c5be727cba943b67ef55086d924406756b80b02747a938ee|baa2eedb-0468-4195-a11f-3f508ee746291778858914522)
2026-05-15 19:28:44.907 [info]    [            1] GitLens v17.12.2 activated [82ms]
2026-05-15 19:28:45.542 [info]    [IPC          ] Server started on http://127.0.0.1:34921
2026-05-15 19:28:45.586 [info]    [   6f →    70] GlCliGitProvider.findGit Git (2.53.0) found in /usr/bin/git [1034ms]
2026-05-15 19:28:45.588 [info]    [   6f →    a4] GlCliGitProvider.repositorySearch(/home/dev/Documents/Dev/Tradingview) searching (depth=1)...
2026-05-15 19:28:45.623 [info]    [GIT      36ms] [/home/dev/Documents/Dev/Tradingview] git rev-parse --show-toplevel --git-dir --git-common-dir --show-superproject-working-tree [36ms]
2026-05-15 19:28:45.649 [info]    [   6f →    a4] GlCliGitProvider.repositorySearch(/home/dev/Documents/Dev/Tradingview) found root repository in '/home/dev/Documents/Dev/Tradingview'
2026-05-15 19:28:45.877 [info]    [GIT      23ms] [/home/dev/Documents/Dev/Tradingview] git remote -v [23ms]
2026-05-15 19:28:45.888 [info]    [GIT      10ms] [/home/dev/Documents/Dev/Tradingview] git config --get -f /home/dev/Documents/Dev/Tradingview/.git/gk/config gk.defaultRemote [10ms]
2026-05-15 19:29:20.842 [info]    [GIT      24ms] [/home/dev/Documents/Dev/Tradingview] git rev-list --max-parents=0 HEAD -- [24ms]
2026-05-15 19:29:20.844 [info]    [GIT      25ms] [/home/dev/Documents/Dev/Tradingview] git shortlog -s --all --no-min-parents --since=1.year.ago [25ms]
2026-05-15 19:29:20.846 [info]    [   fd →    fe] LocalSharedGkStorageLocationProvider.load Using shared GK path: /home/dev/.local/share/gk
2026-05-15 19:29:20.852 [error] EntryNotFound (FileSystemError): Error: ENOENT: no such file or directory, open '/home/dev/.local/share/gk/repoMapping.json'   [   fc →    ff] LocalRepositoryLocationProvider.loadLocalRepoDataMap 
2026-05-15 19:31:15.674 [info]    [GIT      21ms] [/home/dev/Documents/Dev/Tradingview] git for-each-ref --format=%1E%(HEAD)%1D%(refname)%1D%(upstream)%1D%(upstream:track)%1D%(objectname)%1D%(committerdate:iso8601)%1D%(worktreepath)%1D refs/heads/ refs/remotes/ [21ms]
2026-05-15 19:31:15.674 [info]    [GIT      10ms] [/home/dev/Documents/Dev/Tradingview] git config --get-regex -f /home/dev/Documents/Dev/Tradingview/.git/gk/config ^branch\..*\.gk-(last-(accessed|modified)|disposition)$ [10ms]
2026-05-15 19:31:15.687 [info]    [GIT      10ms] [/home/dev/Documents/Dev/Tradingview] git config --get -f /home/dev/Documents/Dev/Tradingview/.git/gk/config branch.main.gk-last-accessed [10ms]
2026-05-15 19:31:15.699 [info]    [GIT      10ms] [/home/dev/Documents/Dev/Tradingview] git config -f /home/dev/Documents/Dev/Tradingview/.git/gk/config branch.main.gk-last-accessed 2026-05-15T15:31:15.677Z [10ms]
2026-05-15 19:34:08.937 [info]    [GIT      11ms] [/home/dev/Documents/Dev/Tradingview] git ls-files -- README.md [11ms]
2026-05-15 19:34:19.800 [info]    [GIT      12ms] [/home/dev/Documents/Dev/Tradingview] git remote -v [12ms]
2026-05-15 19:34:19.811 [info]    [GIT      10ms] [/home/dev/Documents/Dev/Tradingview] git config --get -f /home/dev/Documents/Dev/Tradingview/.git/gk/config gk.defaultRemote [10ms]
2026-05-15 19:35:46.501 [info]    [GIT      11ms] [/home/dev/Documents/Dev/Tradingview] git remote -v [11ms]
2026-05-15 19:36:47.326 [info]    [GIT      21ms] [/home/dev/Documents/Dev/Tradingview] git for-each-ref --format=%1E%(HEAD)%1D%(refname)%1D%(upstream)%1D%(upstream:track)%1D%(objectname)%1D%(committerdate:iso8601)%1D%(worktreepath)%1D refs/heads/ refs/remotes/ [21ms]
2026-05-15 19:36:47.339 [info]    [GIT      33ms] [/home/dev/Documents/Dev/Tradingview] git rev-parse --show-toplevel --git-dir --git-common-dir --show-superproject-working-tree [33ms]
2026-05-15 19:36:47.351 [info]    [GIT      11ms] [/home/dev/Documents/Dev/Tradingview] git config --get-regex -f /home/dev/Documents/Dev/Tradingview/.git/gk/config ^branch\..*\.gk-(last-(accessed|modified)|disposition)$ [11ms]
2026-05-15 19:36:47.363 [info]    [GIT      11ms] [/home/dev/Documents/Dev/Tradingview] git config --get -f /home/dev/Documents/Dev/Tradingview/.git/gk/config branch.lightweight-charts.gk-last-accessed [11ms]
2026-05-15 19:36:47.375 [info]    [GIT      11ms] [/home/dev/Documents/Dev/Tradingview] git config -f /home/dev/Documents/Dev/Tradingview/.git/gk/config branch.lightweight-charts.gk-last-accessed 2026-05-15T15:36:47.352Z [11ms]
2026-05-15 19:36:47.386 [info]    [GIT      10ms] [/home/dev/Documents/Dev/Tradingview] git config --get -f /home/dev/Documents/Dev/Tradingview/.git/gk/config branch.lightweight-charts.gk-last-modified [10ms]
2026-05-15 19:36:47.398 [info]    [GIT      10ms] [/home/dev/Documents/Dev/Tradingview] git config -f /home/dev/Documents/Dev/Tradingview/.git/gk/config branch.lightweight-charts.gk-last-modified 2026-05-15T15:36:47.352Z [10ms]
2026-05-15 19:37:20.057 [info]    [GIT      16ms] [/home/dev/Documents/Dev/Tradingview] git ls-files -- dashboard/src/pages/AnalysisChart.jsx [16ms]
2026-05-15 19:37:20.087 [info]    [GIT      27ms] [/home/dev/Documents/Dev/Tradingview] git config --get-regex ^user\.(name|email)$ [27ms]
2026-05-15 19:37:20.101 [info]    [GIT      13ms] [/home/dev/Documents/Dev/Tradingview] git check-mailmap Abdullah Abdul Hakim <abdullaabdulhakeem25@gmail.com> [13ms]
2026-05-15 19:37:20.113 [info]    [GIT:→1       ] (spawn) [/home/dev/Documents/Dev/Tradingview] git blame --root --incremental --encoding=utf-8 -- dashboard/src/pages/AnalysisChart.jsx · starting...
2026-05-15 19:37:20.198 [info]    [GIT:←1   95ms] (spawn) [/home/dev/Documents/Dev/Tradingview] git blame --root --incremental --encoding=utf-8 -- dashboard/src/pages/AnalysisChart.jsx [95ms]
2026-05-15 19:37:20.292 [info]    [GIT:→2       ] (spawn) [/home/dev/Documents/Dev/Tradingview] git blame --root --incremental --encoding=utf-8 HEAD -- dashboard/src/pages/AnalysisChart.jsx · starting...
2026-05-15 19:37:20.293 [info]    [GIT      68ms] [/home/dev/Documents/Dev/Tradingview] git log --format=%x1E%H%x1D --summary -n1 9b50ddb8725bbdf9dacacdd9f1c8bd84bd78dd19^ -- dashboard/src/pages/AnalysisChart.jsx [68ms]
2026-05-15 19:37:20.294 [info]    [GIT      94ms] [/home/dev/Documents/Dev/Tradingview] git show --textconv HEAD:./dashboard/src/pages/AnalysisChart.jsx -- [94ms]
2026-05-15 19:37:20.374 [info]    [GIT:←2   92ms] (spawn) [/home/dev/Documents/Dev/Tradingview] git blame --root --incremental --encoding=utf-8 HEAD -- dashboard/src/pages/AnalysisChart.jsx [92ms]
2026-05-15 19:37:21.017 [info]    [GIT     780ms] [/home/dev/Documents/Dev/Tradingview] git log --format=%x1E%H%x1D%aN%x1D%aE%x1D%at%x1D%cN%x1D%cE%x1D%ct%x1D%P%x1D%D%x1D%B%x1D --numstat --raw -M --use-mailmap -m --no-min-parents -n1 9b50ddb8725bbdf9dacacdd9f1c8bd84bd78dd19 -- [780ms]
2026-05-15 19:37:23.800 [info]    [GIT      13ms] [/home/dev/Documents/Dev/Tradingview] git ls-files -- dashboard/src/pages/Trades.jsx [13ms]
2026-05-15 19:37:23.828 [info]    [GIT:→3       ] (spawn) [/home/dev/Documents/Dev/Tradingview] git blame --root --incremental --encoding=utf-8 -- dashboard/src/pages/Trades.jsx · starting...
2026-05-15 19:37:23.922 [info]    [GIT:←3  104ms] (spawn) [/home/dev/Documents/Dev/Tradingview] git blame --root --incremental --encoding=utf-8 -- dashboard/src/pages/Trades.jsx [104ms]
2026-05-15 19:37:23.979 [info]    [GIT:→4       ] (spawn) [/home/dev/Documents/Dev/Tradingview] git blame --root --incremental --encoding=utf-8 HEAD -- dashboard/src/pages/Trades.jsx · starting...
2026-05-15 19:37:23.981 [info]    [GIT      42ms] [/home/dev/Documents/Dev/Tradingview] git log --format=%x1E%H%x1D --summary -n1 9b50ddb8725bbdf9dacacdd9f1c8bd84bd78dd19^ -- dashboard/src/pages/Trades.jsx [42ms]
2026-05-15 19:37:23.981 [info]    [GIT      58ms] [/home/dev/Documents/Dev/Tradingview] git show --textconv HEAD:./dashboard/src/pages/Trades.jsx -- [58ms]
2026-05-15 19:37:24.063 [info]    [GIT:←4   95ms] (spawn) [/home/dev/Documents/Dev/Tradingview] git blame --root --incremental --encoding=utf-8 HEAD -- dashboard/src/pages/Trades.jsx [95ms]
2026-05-15 19:37:24.695 [info]    [GIT     745ms] [/home/dev/Documents/Dev/Tradingview] git log --format=%x1E%H%x1D%aN%x1D%aE%x1D%at%x1D%cN%x1D%cE%x1D%ct%x1D%P%x1D%D%x1D%B%x1D --numstat --raw -M --use-mailmap -m --no-min-parents -n1 9b50ddb8725bbdf9dacacdd9f1c8bd84bd78dd19 -- [745ms]
2026-05-15 19:37:28.134 [info]    [GIT      27ms] [/home/dev/Documents/Dev/Tradingview] git ls-files -- dashboard/src/components/LWChart.jsx [27ms]
2026-05-15 19:37:28.153 [info]    [GIT      18ms] [/home/dev/Documents/Dev/Tradingview/dashboard/src/components] git ls-files -- LWChart.jsx [18ms]
2026-05-15 19:37:28.270 [info]    [GIT      22ms] [/home/dev/Documents/Dev/Tradingview/dashboard/src/components] git rev-parse --show-toplevel --git-dir --git-common-dir --show-superproject-working-tree [22ms]
2026-05-15 19:37:55.499 [info]    [GIT      21ms] [/home/dev/Documents/Dev/Tradingview] git ls-files -- dashboard/index.html [21ms]
2026-05-15 19:37:55.509 [info]    [GIT:→5       ] (spawn) [/home/dev/Documents/Dev/Tradingview] git blame --root --incremental --encoding=utf-8 -- dashboard/index.html · starting...
2026-05-15 19:37:55.544 [info]    [GIT:←5   43ms] (spawn) [/home/dev/Documents/Dev/Tradingview] git blame --root --incremental --encoding=utf-8 -- dashboard/index.html [43ms]
2026-05-15 19:37:55.620 [info]    [GIT:→6       ] (spawn) [/home/dev/Documents/Dev/Tradingview] git blame --root --incremental --encoding=utf-8 HEAD -- dashboard/index.html · starting...
2026-05-15 19:37:55.622 [info]    [GIT      65ms] [/home/dev/Documents/Dev/Tradingview] git log --format=%x1E%H%x1D --summary -n1 9e3e3f5c89cb53c22984d91996393edc6afdd087^ -- dashboard/index.html [65ms]
2026-05-15 19:37:55.622 [info]    [GIT      77ms] [/home/dev/Documents/Dev/Tradingview] git show --textconv HEAD:./dashboard/index.html -- [77ms]
2026-05-15 19:37:55.624 [info]    [GIT:←6   14ms] (spawn) [/home/dev/Documents/Dev/Tradingview] git blame --root --incremental --encoding=utf-8 HEAD -- dashboard/index.html [14ms]
2026-05-15 19:37:56.025 [info]    [GIT     456ms] [/home/dev/Documents/Dev/Tradingview] git log --format=%x1E%H%x1D%aN%x1D%aE%x1D%at%x1D%cN%x1D%cE%x1D%ct%x1D%P%x1D%D%x1D%B%x1D --numstat --raw -M --use-mailmap -m --no-min-parents -n1 9e3e3f5c89cb53c22984d91996393edc6afdd087 -- [456ms]
2026-05-15 19:38:14.108 [info]    [GIT      11ms] [/home/dev/Documents/Dev/Tradingview] git remote -v [11ms]
2026-05-15 19:38:14.130 [info]    [GIT      21ms] [/home/dev/Documents/Dev/Tradingview] git rev-parse --show-toplevel --git-dir --git-common-dir --show-superproject-working-tree [21ms]
2026-05-15 19:38:14.141 [info]    [GIT      10ms] [/home/dev/Documents/Dev/Tradingview] git config --get -f /home/dev/Documents/Dev/Tradingview/.git/gk/config gk.defaultRemote [10ms]
2026-05-15 19:38:15.298 [info]    [GIT      12ms] [/home/dev/Documents/Dev/Tradingview] git config --get-regex -f /home/dev/Documents/Dev/Tradingview/.git/gk/config ^branch\..*\.gk-(last-(accessed|modified)|disposition)$ [12ms]
2026-05-15 19:38:15.298 [info]    [GIT      24ms] [/home/dev/Documents/Dev/Tradingview] git for-each-ref --format=%1E%(HEAD)%1D%(refname)%1D%(upstream)%1D%(upstream:track)%1D%(objectname)%1D%(committerdate:iso8601)%1D%(worktreepath)%1D refs/heads/ refs/remotes/ [24ms]
2026-05-15 19:38:15.311 [info]    [GIT      12ms] [/home/dev/Documents/Dev/Tradingview] git config --get -f /home/dev/Documents/Dev/Tradingview/.git/gk/config branch.lightweight-charts.gk-last-accessed [12ms]
2026-05-15 19:40:42.812 [info]    [GIT      12ms] [/home/dev/Documents/Dev/Tradingview] git config --get -f /home/dev/Documents/Dev/Tradingview/.git/gk/config branch.lightweight-charts.gk-last-modified [12ms]
2026-05-15 19:43:11.219 [info]    [GIT      12ms] [/home/dev/Documents/Dev/Tradingview] git for-each-ref --format=%1E%(refname)%1D%(objectname)%1D%(*objectname)%1D%(creatordate:iso8601)%1D%(authordate:iso8601)%1D%(subject)%1D refs/tags/ [12ms]
2026-05-15 19:46:02.850 [info]    [GIT      15ms] [/home/dev/Documents/Dev/Tradingview] git ls-files -- SETUP.md [15ms]
2026-05-15 19:46:02.901 [info]    [GIT      49ms] [/home/dev/Documents/Dev/Tradingview] git config --get-regex ^user\.(name|email)$ [49ms]
2026-05-15 19:46:02.933 [info]    [GIT      31ms] [/home/dev/Documents/Dev/Tradingview] git check-mailmap Abdullah Abdul Hakim <abdullaabdulhakeem25@gmail.com> [31ms]
2026-05-15 19:46:02.944 [info]    [GIT:→7       ] (spawn) [/home/dev/Documents/Dev/Tradingview] git blame --root --incremental --encoding=utf-8 -- SETUP.md · starting...
2026-05-15 19:46:02.958 [info]    [GIT:←7   24ms] (spawn) [/home/dev/Documents/Dev/Tradingview] git blame --root --incremental --encoding=utf-8 -- SETUP.md [24ms]
2026-05-15 19:46:02.997 [info]    [GIT      25ms] [/home/dev/Documents/Dev/Tradingview] git log --format=%x1E%H%x1D --summary -n1 9e3e3f5c89cb53c22984d91996393edc6afdd087^ -- SETUP.md [25ms]
2026-05-15 19:46:02.998 [info]    [GIT      39ms] [/home/dev/Documents/Dev/Tradingview] git show --textconv HEAD:./SETUP.md -- [39ms]
2026-05-15 19:46:03.385 [info]    [GIT     403ms] [/home/dev/Documents/Dev/Tradingview] git log --format=%x1E%H%x1D%aN%x1D%aE%x1D%at%x1D%cN%x1D%cE%x1D%ct%x1D%P%x1D%D%x1D%B%x1D --numstat --raw -M --use-mailmap -m --no-min-parents -n1 9e3e3f5c89cb53c22984d91996393edc6afdd087 -- [403ms]
2026-05-15 19:46:17.823 [info]    [GIT     806ms] [/home/dev/Documents/Dev/Tradingview] git log --format=%x1E%H%x1D%aN%x1D%aE%x1D%at%x1D%cN%x1D%cE%x1D%ct%x1D%P%x1D%D%x1D%B%x1D --numstat --raw -M --use-mailmap -m --no-min-parents -n1 9b50ddb8725bbdf9dacacdd9f1c8bd84bd78dd19 -- [806ms]
2026-05-15 19:46:28.946 [info]    [GIT      12ms] [/home/dev/Documents/Dev/Tradingview] git remote -v [12ms]
2026-05-15 19:46:36.144 [info]    [GIT      13ms] [/home/dev/Documents/Dev/Tradingview] git for-each-ref --format=%1E%(HEAD)%1D%(refname)%1D%(upstream)%1D%(upstream:track)%1D%(objectname)%1D%(committerdate:iso8601)%1D%(worktreepath)%1D refs/heads/ refs/remotes/ [13ms]
