2026-05-17 01:49:19.384 [info] [main] Log level: Info
2026-05-17 01:49:19.384 [info] [main] Validating found git in: "git"
2026-05-17 01:49:19.384 [info] [main] Using git "2.53.0" from "git"
2026-05-17 01:49:19.384 [info] [Model][doInitialScan] Initial repository scan started
2026-05-17 01:49:19.384 [info] > git rev-parse --show-toplevel [350ms]
2026-05-17 01:49:19.384 [info] > git rev-parse --git-dir --git-common-dir --show-superproject-working-tree [32ms]
2026-05-17 01:49:19.384 [info] [Model][openRepository] Opened repository (path): /home/dev/Documents/Dev/Tradingview
2026-05-17 01:49:19.384 [info] [Model][openRepository] Opened repository (real path): /home/dev/Documents/Dev/Tradingview
2026-05-17 01:49:19.384 [info] [Model][openRepository] Opened repository (kind): repository
2026-05-17 01:49:19.417 [info] > git config --get commit.template [25ms]
2026-05-17 01:49:19.420 [info] > git rev-parse --show-toplevel [4ms]
2026-05-17 01:49:19.478 [info] > git rev-parse --show-toplevel [32ms]
2026-05-17 01:49:19.478 [info] > git for-each-ref --format=%(refname)%00%(upstream:short)%00%(objectname)%00%(upstream:track)%00%(upstream:remotename)%00%(upstream:remoteref) refs/heads/lightweight-charts refs/remotes/lightweight-charts [40ms]
2026-05-17 01:49:19.515 [info] > git rev-parse --show-toplevel [6ms]
2026-05-17 01:49:19.537 [info] > git status -z -uall [7ms]
2026-05-17 01:49:19.546 [info] > git for-each-ref --sort -committerdate --format %(refname)%00%(objectname)%00%(*objectname) [11ms]
2026-05-17 01:49:19.558 [info] > git rev-parse --show-toplevel [37ms]
2026-05-17 01:49:19.571 [info] > git for-each-ref --format=%(refname)%00%(upstream:short)%00%(objectname)%00%(upstream:track)%00%(upstream:remotename)%00%(upstream:remoteref) refs/heads/lightweight-charts refs/remotes/lightweight-charts [14ms]
2026-05-17 01:49:19.578 [info] > git rev-parse --show-toplevel [7ms]
2026-05-17 01:49:19.579 [info] [Model][doInitialScan] Initial repository scan completed - repositories (1), closed repositories (0), parent repositories (0), unsafe repositories (0)
2026-05-17 01:49:19.579 [info] > git config --get commit.template [14ms]
2026-05-17 01:49:19.580 [info] > git config --get --local branch.lightweight-charts.vscode-merge-base [2ms]
2026-05-17 01:49:19.592 [info] > git for-each-ref --format=%(refname)%00%(upstream:short)%00%(objectname)%00%(upstream:track)%00%(upstream:remotename)%00%(upstream:remoteref) refs/heads/origin/main refs/remotes/origin/main [6ms]
2026-05-17 01:49:19.601 [info] > git for-each-ref --format=%(refname)%00%(upstream:short)%00%(objectname)%00%(upstream:track)%00%(upstream:remotename)%00%(upstream:remoteref) refs/heads/lightweight-charts refs/remotes/lightweight-charts [10ms]
2026-05-17 01:49:19.615 [info] > git merge-base refs/heads/lightweight-charts refs/remotes/origin/lightweight-charts [15ms]
2026-05-17 01:49:19.622 [info] > git status -z -uall [14ms]
2026-05-17 01:49:19.623 [info] > git for-each-ref --sort -committerdate --format %(refname)%00%(objectname)%00%(*objectname) [9ms]
2026-05-17 01:49:19.633 [info] > git merge-base refs/heads/lightweight-charts refs/remotes/origin/lightweight-charts [2ms]
2026-05-17 01:49:19.641 [info] > git diff --name-status -z --diff-filter=ADMR --find-renames=50% 7fa9b5e2bc81860681d1228680aaf777458b348b...refs/remotes/origin/lightweight-charts -- [19ms]
2026-05-17 01:49:19.643 [info] > git diff --name-status -z --diff-filter=ADMR --find-renames=50% 7fa9b5e2bc81860681d1228680aaf777458b348b...refs/remotes/origin/lightweight-charts -- [2ms]
2026-05-17 01:49:19.843 [info] > git show --textconv :SETUP.md [13ms]
2026-05-17 01:49:19.843 [info] > git ls-files --stage -- SETUP.md [4ms]
2026-05-17 01:49:19.857 [info] > git cat-file -s b80a4a05be3496a6911bbe0083d40098bafdb881 [6ms]
2026-05-17 01:49:19.950 [info] > git check-ignore -v -z --stdin [9ms]
2026-05-17 01:49:19.952 [info] > git blame --root --incremental 7fa9b5e2bc81860681d1228680aaf777458b348b -- SETUP.md [3ms]
2026-05-17 01:49:21.417 [info] > git check-ignore -v -z --stdin [3ms]
2026-05-17 01:49:21.840 [info] > git fetch [2461ms]
2026-05-17 01:49:21.971 [info] > git config --get commit.template [69ms]
2026-05-17 01:49:22.016 [info] > git for-each-ref --format=%(refname)%00%(upstream:short)%00%(objectname)%00%(upstream:track)%00%(upstream:remotename)%00%(upstream:remoteref) refs/heads/lightweight-charts refs/remotes/lightweight-charts [24ms]
2026-05-17 01:49:22.117 [info] > git status -z -uall [31ms]
2026-05-17 01:49:22.117 [info] > git for-each-ref --sort -committerdate --format %(refname)%00%(objectname)%00%(*objectname) [22ms]
2026-05-17 01:49:32.387 [info] > git ls-files --stage -- SETUP.md [1ms]
2026-05-17 01:49:32.399 [info] > git cat-file -s b80a4a05be3496a6911bbe0083d40098bafdb881 [1ms]
2026-05-17 01:49:32.455 [info] > git show --textconv :SETUP.md [2ms]
2026-05-17 01:50:19.639 [info] [main] Log level: Info
2026-05-17 01:50:19.639 [info] [main] Validating found git in: "git"
2026-05-17 01:50:19.639 [info] [main] Using git "2.53.0" from "git"
2026-05-17 01:50:19.639 [info] [Model][doInitialScan] Initial repository scan started
2026-05-17 01:50:19.639 [info] > git rev-parse --show-toplevel [277ms]
2026-05-17 01:50:19.639 [info] > git rev-parse --git-dir --git-common-dir --show-superproject-working-tree [23ms]
2026-05-17 01:50:19.639 [info] [Model][openRepository] Opened repository (path): /home/dev
2026-05-17 01:50:19.639 [info] [Model][openRepository] Opened repository (real path): /home/dev
2026-05-17 01:50:19.639 [info] [Model][openRepository] Opened repository (kind): repository
2026-05-17 01:50:19.639 [info] [Model][doInitialScan] Initial repository scan completed - repositories (1), closed repositories (0), parent repositories (0), unsafe repositories (0)
2026-05-17 01:50:19.655 [info] > git config --get commit.template [9ms]
2026-05-17 01:50:19.655 [info] > git fetch [29ms]
2026-05-17 01:50:19.664 [info] [Git][getRemotes] No remotes found in the git config file
2026-05-17 01:50:19.670 [info] > git config --get commit.template [7ms]
2026-05-17 01:50:19.890 [info] [Git][getRemotes] No remotes found in the git config file
2026-05-17 01:50:19.896 [info] > git for-each-ref --format=%(refname)%00%(upstream:short)%00%(objectname)%00%(upstream:track)%00%(upstream:remotename)%00%(upstream:remoteref) refs/heads/feat/h-factor-os refs/remotes/feat/h-factor-os [227ms]
2026-05-17 01:50:19.928 [info] > git for-each-ref --format=%(refname)%00%(upstream:short)%00%(objectname)%00%(upstream:track)%00%(upstream:remotename)%00%(upstream:remoteref) refs/heads/feat/h-factor-os refs/remotes/feat/h-factor-os [24ms]
2026-05-17 01:50:19.934 [info] > git for-each-ref --format=%(refname)%00%(upstream:short)%00%(objectname)%00%(upstream:track)%00%(upstream:remotename)%00%(upstream:remoteref) refs/heads/feat/h-factor-os refs/remotes/feat/h-factor-os [38ms]
2026-05-17 01:50:19.936 [info] > git config --get --local branch.feat/h-factor-os.vscode-merge-base [2ms]
2026-05-17 01:50:19.936 [warning] [Git][config] git config failed: Failed to execute git
2026-05-17 01:50:19.942 [info] > git config --get commit.template [15ms]
2026-05-17 01:50:19.948 [info] [Git][getRemotes] No remotes found in the git config file
2026-05-17 01:50:19.949 [info] > git for-each-ref --format=%(refname)%00%(upstream:short)%00%(objectname)%00%(upstream:track)%00%(upstream:remotename)%00%(upstream:remoteref) refs/heads/feat/h-factor-os refs/remotes/feat/h-factor-os [1ms]
2026-05-17 01:50:19.961 [info] > git reflog feat/h-factor-os --grep-reflog=branch: Created from *. [20ms]
2026-05-17 01:50:19.966 [info] > git for-each-ref --sort -committerdate --format %(refname)%00%(objectname)%00%(*objectname) [6ms]
2026-05-17 01:50:19.979 [info] > git reflog HEAD --grep-reflog=checkout: moving from .* to feat/h-factor-os [13ms]
2026-05-17 01:50:19.997 [info] > git for-each-ref --format=%(refname)%00%(upstream:short)%00%(objectname)%00%(upstream:track)%00%(upstream:remotename)%00%(upstream:remoteref) refs/heads/master refs/remotes/master [2ms]
2026-05-17 01:50:28.619 [info] > git status -z -uall [8665ms] (cancelled)
2026-05-17 01:50:28.631 [info] > git check-ignore -v -z --stdin [12ms]
2026-05-17 01:50:56.982 [info] > git check-ignore -v -z --stdin [19ms]
2026-05-17 01:50:57.090 [info] > git show --textconv :Documents/Dev/project-gemini/sss.txt. [11ms]
2026-05-17 01:50:57.100 [info] > git ls-files --stage -- Documents/Dev/project-gemini/sss.txt. [13ms]
2026-05-17 01:50:57.108 [info] > git hash-object -t tree /dev/null [9ms]
2026-05-17 01:50:57.108 [warning] [GitFileSystemProvider][readFile] File not found - git:/home/dev/Documents/Dev/project-gemini/sss.txt..git?%7B%22path%22%3A%22%2Fhome%2Fdev%2FDocuments%2FDev%2Fproject-gemini%2Fsss.txt.%22%2C%22ref%22%3A%22%22%7D
2026-05-17 01:50:57.109 [info] > git hash-object -t tree /dev/null [2ms]
2026-05-17 01:50:57.109 [warning] [GitFileSystemProvider][stat] File not found - git:/home/dev/Documents/Dev/project-gemini/sss.txt..git?%7B%22path%22%3A%22%2Fhome%2Fdev%2FDocuments%2FDev%2Fproject-gemini%2Fsss.txt.%22%2C%22ref%22%3A%22%22%7D
2026-05-17 01:50:57.369 [info] > git check-ignore -v -z --stdin [13ms]
2026-05-17 01:50:58.037 [info] > git check-ignore -v -z --stdin [12ms]
2026-05-17 01:51:10.350 [info] > git check-ignore -v -z --stdin [14ms]
2026-05-17 01:51:10.448 [info] > git config --get commit.template [2ms]
2026-05-17 01:51:10.460 [info] [Git][getRemotes] No remotes found in the git config file
2026-05-17 01:51:10.461 [info] > git for-each-ref --format=%(refname)%00%(upstream:short)%00%(objectname)%00%(upstream:track)%00%(upstream:remotename)%00%(upstream:remoteref) refs/heads/feat/h-factor-os refs/remotes/feat/h-factor-os [1ms]
2026-05-17 01:51:10.482 [info] > git for-each-ref --sort -committerdate --format %(refname)%00%(objectname)%00%(*objectname) [4ms]
2026-05-17 01:51:11.027 [info] > git check-ignore -v -z --stdin [13ms]
2026-05-17 01:51:11.166 [info] > git status -z -uall [697ms] (cancelled)
2026-05-17 01:51:11.177 [info] > git check-ignore -v -z --stdin [12ms]
2026-05-17 01:51:13.760 [info] > git check-ignore -v -z --stdin [12ms]
2026-05-17 01:51:13.822 [info] [Git][getRemotes] No remotes found in the git config file
2026-05-17 01:51:13.823 [info] > git config --get commit.template [13ms]
2026-05-17 01:51:13.824 [info] > git for-each-ref --format=%(refname)%00%(upstream:short)%00%(objectname)%00%(upstream:track)%00%(upstream:remotename)%00%(upstream:remoteref) refs/heads/feat/h-factor-os refs/remotes/feat/h-factor-os [2ms]
2026-05-17 01:51:13.859 [info] > git for-each-ref --sort -committerdate --format %(refname)%00%(objectname)%00%(*objectname) [9ms]
2026-05-17 01:51:14.003 [info] > git show --textconv :.gitignore [12ms]
2026-05-17 01:51:14.003 [warning] [GitFileSystemProvider][readFile] File not found - git:/home/dev/.gitignore.git?%7B%22path%22%3A%22%2Fhome%2Fdev%2F.gitignore%22%2C%22ref%22%3A%22%22%7D
2026-05-17 01:51:14.014 [info] > git ls-files --stage -- .gitignore [12ms]
2026-05-17 01:51:14.015 [warning] [GitFileSystemProvider][stat] File not found - git:/home/dev/.gitignore.git?%7B%22path%22%3A%22%2Fhome%2Fdev%2F.gitignore%22%2C%22ref%22%3A%22%22%7D
2026-05-17 01:51:14.377 [info] > git check-ignore -v -z --stdin [13ms]
2026-05-17 01:51:14.540 [info] > git status -z -uall [705ms] (cancelled)
2026-05-17 01:51:14.551 [info] > git check-ignore -v -z --stdin [12ms]
2026-05-17 01:51:15.465 [info] > git check-ignore -v -z --stdin [12ms]
2026-05-17 01:51:20.539 [info] > git check-ignore -v -z --stdin [12ms]
2026-05-17 01:51:26.172 [info] > git check-ignore -v -z --stdin [11ms]
2026-05-17 01:51:28.415 [info] > git check-ignore -v -z --stdin [25ms]
2026-05-17 01:51:28.579 [info] > git show --textconv :Documents/Dev/project-gemini/.vscode/settings.json [10ms]
2026-05-17 01:51:28.580 [warning] [GitFileSystemProvider][readFile] File not found - git:/home/dev/Documents/Dev/project-gemini/.vscode/settings.json.git?%7B%22path%22%3A%22%2Fhome%2Fdev%2FDocuments%2FDev%2Fproject-gemini%2F.vscode%2Fsettings.json%22%2C%22ref%22%3A%22%22%7D
2026-05-17 01:51:28.599 [info] > git ls-files --stage -- Documents/Dev/project-gemini/.vscode/settings.json [20ms]
2026-05-17 01:51:28.600 [warning] [GitFileSystemProvider][stat] File not found - git:/home/dev/Documents/Dev/project-gemini/.vscode/settings.json.git?%7B%22path%22%3A%22%2Fhome%2Fdev%2FDocuments%2FDev%2Fproject-gemini%2F.vscode%2Fsettings.json%22%2C%22ref%22%3A%22%22%7D
2026-05-17 01:51:29.549 [info] > git check-ignore -v -z --stdin [11ms]
2026-05-17 01:53:08.534 [info] > git check-ignore -v -z --stdin [18ms]
2026-05-17 01:53:17.364 [info] > git check-ignore -v -z --stdin [12ms]
2026-05-17 01:53:19.315 [info] > git check-ignore -v -z --stdin [11ms]
2026-05-17 01:53:19.960 [info] > git fetch [13ms]
2026-05-17 01:53:19.975 [info] [Git][getRemotes] No remotes found in the git config file
2026-05-17 01:53:19.976 [info] > git config --get commit.template [8ms]
2026-05-17 01:53:19.976 [info] > git for-each-ref --format=%(refname)%00%(upstream:short)%00%(objectname)%00%(upstream:track)%00%(upstream:remotename)%00%(upstream:remoteref) refs/heads/feat/h-factor-os refs/remotes/feat/h-factor-os [2ms]
2026-05-17 01:53:19.998 [info] > git for-each-ref --sort -committerdate --format %(refname)%00%(objectname)%00%(*objectname) [2ms]
2026-05-17 01:53:21.623 [info] > git status -z -uall [1638ms] (cancelled)
2026-05-17 01:53:22.786 [info] > git check-ignore -v -z --stdin [23ms]
2026-05-17 01:53:25.369 [info] > git check-ignore -v -z --stdin [18ms]
2026-05-17 01:53:30.832 [info] > git check-ignore -v -z --stdin [18ms]
2026-05-17 01:53:33.098 [info] > git check-ignore -v -z --stdin [17ms]
2026-05-17 01:56:20.909 [info] > git fetch [14ms]
2026-05-17 01:56:20.924 [info] [Git][getRemotes] No remotes found in the git config file
2026-05-17 01:56:20.925 [info] > git config --get commit.template [7ms]
2026-05-17 01:56:20.925 [info] > git for-each-ref --format=%(refname)%00%(upstream:short)%00%(objectname)%00%(upstream:track)%00%(upstream:remotename)%00%(upstream:remoteref) refs/heads/feat/h-factor-os refs/remotes/feat/h-factor-os [1ms]
2026-05-17 01:56:20.948 [info] > git for-each-ref --sort -committerdate --format %(refname)%00%(objectname)%00%(*objectname) [2ms]
2026-05-17 01:56:22.560 [info] > git status -z -uall [1624ms] (cancelled)
2026-05-17 01:56:47.785 [info] > git check-ignore -v -z --stdin [41ms]
2026-05-17 01:56:48.122 [info] > git show --textconv :Documents/Dev/project-gemini/tasks.md [13ms]
2026-05-17 01:56:48.123 [warning] [GitFileSystemProvider][readFile] File not found - git:/home/dev/Documents/Dev/project-gemini/tasks.md.git?%7B%22path%22%3A%22%2Fhome%2Fdev%2FDocuments%2FDev%2Fproject-gemini%2Ftasks.md%22%2C%22ref%22%3A%22%22%7D
2026-05-17 01:56:48.134 [info] > git ls-files --stage -- Documents/Dev/project-gemini/tasks.md [15ms]
2026-05-17 01:56:48.134 [warning] [GitFileSystemProvider][stat] File not found - git:/home/dev/Documents/Dev/project-gemini/tasks.md.git?%7B%22path%22%3A%22%2Fhome%2Fdev%2FDocuments%2FDev%2Fproject-gemini%2Ftasks.md%22%2C%22ref%22%3A%22%22%7D
2026-05-17 01:56:49.023 [info] > git check-ignore -v -z --stdin [19ms]
2026-05-17 01:57:33.294 [info] > git check-ignore -v -z --stdin [23ms]
2026-05-17 01:57:39.203 [info] > git check-ignore -v -z --stdin [21ms]
2026-05-17 01:57:39.865 [info] > git check-ignore -v -z --stdin [19ms]
2026-05-17 01:57:40.080 [info] > git check-ignore -v -z --stdin [22ms]
2026-05-17 01:57:40.240 [info] > git show --textconv :Documents/Dev/project-gemini/ai_model/logs/ai_ledger.log [15ms]
2026-05-17 01:57:40.240 [warning] [GitFileSystemProvider][readFile] File not found - git:/home/dev/Documents/Dev/project-gemini/ai_model/logs/ai_ledger.log.git?%7B%22path%22%3A%22%2Fhome%2Fdev%2FDocuments%2FDev%2Fproject-gemini%2Fai_model%2Flogs%2Fai_ledger.log%22%2C%22ref%22%3A%22%22%7D
2026-05-17 01:57:40.249 [info] > git ls-files --stage -- Documents/Dev/project-gemini/ai_model/logs/ai_ledger.log [11ms]
2026-05-17 01:57:40.249 [warning] [GitFileSystemProvider][stat] File not found - git:/home/dev/Documents/Dev/project-gemini/ai_model/logs/ai_ledger.log.git?%7B%22path%22%3A%22%2Fhome%2Fdev%2FDocuments%2FDev%2Fproject-gemini%2Fai_model%2Flogs%2Fai_ledger.log%22%2C%22ref%22%3A%22%22%7D
2026-05-17 01:57:41.118 [info] > git check-ignore -v -z --stdin [20ms]
2026-05-17 01:57:51.429 [info] > git check-ignore -v -z --stdin [24ms]
2026-05-17 01:57:52.691 [info] > git check-ignore -v -z --stdin [77ms]
2026-05-17 01:57:52.721 [info] > git show --textconv :Documents/Dev/project-gemini/backend/requirements.txt [12ms]
2026-05-17 01:57:52.721 [warning] [GitFileSystemProvider][readFile] File not found - git:/home/dev/Documents/Dev/project-gemini/backend/requirements.txt.git?%7B%22path%22%3A%22%2Fhome%2Fdev%2FDocuments%2FDev%2Fproject-gemini%2Fbackend%2Frequirements.txt%22%2C%22ref%22%3A%22%22%7D
2026-05-17 01:57:52.729 [info] > git ls-files --stage -- Documents/Dev/project-gemini/backend/requirements.txt [10ms]
2026-05-17 01:57:52.730 [warning] [GitFileSystemProvider][stat] File not found - git:/home/dev/Documents/Dev/project-gemini/backend/requirements.txt.git?%7B%22path%22%3A%22%2Fhome%2Fdev%2FDocuments%2FDev%2Fproject-gemini%2Fbackend%2Frequirements.txt%22%2C%22ref%22%3A%22%22%7D
2026-05-17 01:57:53.513 [info] > git check-ignore -v -z --stdin [20ms]
2026-05-17 01:57:56.211 [info] > git check-ignore -v -z --stdin [33ms]
2026-05-17 01:57:56.372 [info] > git show --textconv :Documents/Dev/project-gemini/backend/.env [13ms]
2026-05-17 01:57:56.373 [warning] [GitFileSystemProvider][readFile] File not found - git:/home/dev/Documents/Dev/project-gemini/backend/.env.git?%7B%22path%22%3A%22%2Fhome%2Fdev%2FDocuments%2FDev%2Fproject-gemini%2Fbackend%2F.env%22%2C%22ref%22%3A%22%22%7D
2026-05-17 01:57:56.382 [info] > git ls-files --stage -- Documents/Dev/project-gemini/backend/.env [11ms]
2026-05-17 01:57:56.382 [warning] [GitFileSystemProvider][stat] File not found - git:/home/dev/Documents/Dev/project-gemini/backend/.env.git?%7B%22path%22%3A%22%2Fhome%2Fdev%2FDocuments%2FDev%2Fproject-gemini%2Fbackend%2F.env%22%2C%22ref%22%3A%22%22%7D
2026-05-17 01:57:57.222 [info] > git check-ignore -v -z --stdin [21ms]
2026-05-17 01:57:59.461 [info] > git check-ignore -v -z --stdin [24ms]
2026-05-17 01:58:01.048 [info] > git check-ignore -v -z --stdin [21ms]
2026-05-17 01:58:03.075 [info] > git check-ignore -v -z --stdin [19ms]
2026-05-17 01:58:05.927 [info] > git check-ignore -v -z --stdin [20ms]
2026-05-17 01:58:09.192 [info] > git check-ignore -v -z --stdin [23ms]
2026-05-17 01:58:11.923 [info] > git check-ignore -v -z --stdin [28ms]
2026-05-17 01:58:12.083 [info] > git show --textconv :Documents/Dev/project-gemini/.gitignore [13ms]
2026-05-17 01:58:12.084 [warning] [GitFileSystemProvider][readFile] File not found - git:/home/dev/Documents/Dev/project-gemini/.gitignore.git?%7B%22path%22%3A%22%2Fhome%2Fdev%2FDocuments%2FDev%2Fproject-gemini%2F.gitignore%22%2C%22ref%22%3A%22%22%7D
2026-05-17 01:58:12.093 [info] > git ls-files --stage -- Documents/Dev/project-gemini/.gitignore [10ms]
2026-05-17 01:58:12.093 [warning] [GitFileSystemProvider][stat] File not found - git:/home/dev/Documents/Dev/project-gemini/.gitignore.git?%7B%22path%22%3A%22%2Fhome%2Fdev%2FDocuments%2FDev%2Fproject-gemini%2F.gitignore%22%2C%22ref%22%3A%22%22%7D
2026-05-17 01:58:12.943 [info] > git check-ignore -v -z --stdin [19ms]
2026-05-17 01:58:15.722 [info] > git check-ignore -v -z --stdin [198ms]
2026-05-17 01:58:15.754 [info] > git show --textconv :Documents/Dev/project-gemini/docker-compose.yml [20ms]
2026-05-17 01:58:15.754 [warning] [GitFileSystemProvider][readFile] File not found - git:/home/dev/Documents/Dev/project-gemini/docker-compose.yml.git?%7B%22path%22%3A%22%2Fhome%2Fdev%2FDocuments%2FDev%2Fproject-gemini%2Fdocker-compose.yml%22%2C%22ref%22%3A%22%22%7D
2026-05-17 01:58:15.757 [info] > git ls-files --stage -- Documents/Dev/project-gemini/docker-compose.yml [13ms]
2026-05-17 01:58:15.757 [warning] [GitFileSystemProvider][stat] File not found - git:/home/dev/Documents/Dev/project-gemini/docker-compose.yml.git?%7B%22path%22%3A%22%2Fhome%2Fdev%2FDocuments%2FDev%2Fproject-gemini%2Fdocker-compose.yml%22%2C%22ref%22%3A%22%22%7D
2026-05-17 01:58:16.365 [info] > git check-ignore -v -z --stdin [18ms]
2026-05-17 01:59:09.281 [info] > git check-ignore -v -z --stdin [21ms]
2026-05-17 01:59:09.410 [info] > git show --textconv :Documents/Dev/project-gemini/README.md [11ms]
2026-05-17 01:59:09.410 [warning] [GitFileSystemProvider][readFile] File not found - git:/home/dev/Documents/Dev/project-gemini/README.md.git?%7B%22path%22%3A%22%2Fhome%2Fdev%2FDocuments%2FDev%2Fproject-gemini%2FREADME.md%22%2C%22ref%22%3A%22%22%7D
2026-05-17 01:59:09.418 [info] > git ls-files --stage -- Documents/Dev/project-gemini/README.md [10ms]
2026-05-17 01:59:09.419 [warning] [GitFileSystemProvider][stat] File not found - git:/home/dev/Documents/Dev/project-gemini/README.md.git?%7B%22path%22%3A%22%2Fhome%2Fdev%2FDocuments%2FDev%2Fproject-gemini%2FREADME.md%22%2C%22ref%22%3A%22%22%7D
2026-05-17 01:59:10.408 [info] > git check-ignore -v -z --stdin [19ms]
2026-05-17 01:59:18.446 [info] > git check-ignore -v -z --stdin [21ms]
2026-05-17 01:59:18.609 [info] > git show --textconv :Documents/Dev/project-gemini/tasks.md [13ms]
2026-05-17 01:59:18.610 [warning] [GitFileSystemProvider][readFile] File not found - git:/home/dev/Documents/Dev/project-gemini/tasks.md.git?%7B%22path%22%3A%22%2Fhome%2Fdev%2FDocuments%2FDev%2Fproject-gemini%2Ftasks.md%22%2C%22ref%22%3A%22%22%7D
2026-05-17 01:59:18.618 [info] > git ls-files --stage -- Documents/Dev/project-gemini/tasks.md [11ms]
2026-05-17 01:59:18.618 [warning] [GitFileSystemProvider][stat] File not found - git:/home/dev/Documents/Dev/project-gemini/tasks.md.git?%7B%22path%22%3A%22%2Fhome%2Fdev%2FDocuments%2FDev%2Fproject-gemini%2Ftasks.md%22%2C%22ref%22%3A%22%22%7D
2026-05-17 01:59:19.463 [info] > git check-ignore -v -z --stdin [20ms]
2026-05-17 01:59:21.817 [info] > git fetch [13ms]
2026-05-17 01:59:21.830 [info] > git config --get commit.template [1ms]
2026-05-17 01:59:21.843 [info] [Git][getRemotes] No remotes found in the git config file
2026-05-17 01:59:21.844 [info] > git for-each-ref --format=%(refname)%00%(upstream:short)%00%(objectname)%00%(upstream:track)%00%(upstream:remotename)%00%(upstream:remoteref) refs/heads/feat/h-factor-os refs/remotes/feat/h-factor-os [1ms]
2026-05-17 01:59:21.871 [info] > git for-each-ref --sort -committerdate --format %(refname)%00%(objectname)%00%(*objectname) [2ms]
2026-05-17 01:59:23.429 [info] > git status -z -uall [1573ms] (cancelled)
2026-05-17 02:01:08.421 [info] > git check-ignore -v -z --stdin [18ms]
2026-05-17 02:01:08.594 [info] > git show --textconv :Documents/Dev/project-gemini/tasks.md [13ms]
2026-05-17 02:01:08.595 [warning] [GitFileSystemProvider][readFile] File not found - git:/home/dev/Documents/Dev/project-gemini/tasks.md.git?%7B%22path%22%3A%22%2Fhome%2Fdev%2FDocuments%2FDev%2Fproject-gemini%2Ftasks.md%22%2C%22ref%22%3A%22%22%7D
2026-05-17 02:01:08.607 [info] > git ls-files --stage -- Documents/Dev/project-gemini/tasks.md [14ms]
2026-05-17 02:01:08.607 [warning] [GitFileSystemProvider][stat] File not found - git:/home/dev/Documents/Dev/project-gemini/tasks.md.git?%7B%22path%22%3A%22%2Fhome%2Fdev%2FDocuments%2FDev%2Fproject-gemini%2Ftasks.md%22%2C%22ref%22%3A%22%22%7D
2026-05-17 02:01:09.450 [info] > git check-ignore -v -z --stdin [11ms]
2026-05-17 02:01:10.630 [info] > git check-ignore -v -z --stdin [17ms]
2026-05-17 02:01:10.811 [info] > git show --textconv :Documents/Dev/project-gemini/README.md [15ms]
2026-05-17 02:01:10.812 [warning] [GitFileSystemProvider][readFile] File not found - git:/home/dev/Documents/Dev/project-gemini/README.md.git?%7B%22path%22%3A%22%2Fhome%2Fdev%2FDocuments%2FDev%2Fproject-gemini%2FREADME.md%22%2C%22ref%22%3A%22%22%7D
2026-05-17 02:01:10.821 [info] > git ls-files --stage -- Documents/Dev/project-gemini/README.md [11ms]
2026-05-17 02:01:10.821 [warning] [GitFileSystemProvider][stat] File not found - git:/home/dev/Documents/Dev/project-gemini/README.md.git?%7B%22path%22%3A%22%2Fhome%2Fdev%2FDocuments%2FDev%2Fproject-gemini%2FREADME.md%22%2C%22ref%22%3A%22%22%7D
2026-05-17 02:01:11.632 [info] > git check-ignore -v -z --stdin [13ms]
2026-05-17 02:01:13.230 [info] > git check-ignore -v -z --stdin [16ms]
2026-05-17 02:01:13.412 [info] > git show --textconv :Documents/Dev/project-gemini/docker-compose.yml [15ms]
2026-05-17 02:01:13.412 [warning] [GitFileSystemProvider][readFile] File not found - git:/home/dev/Documents/Dev/project-gemini/docker-compose.yml.git?%7B%22path%22%3A%22%2Fhome%2Fdev%2FDocuments%2FDev%2Fproject-gemini%2Fdocker-compose.yml%22%2C%22ref%22%3A%22%22%7D
2026-05-17 02:01:13.421 [info] > git ls-files --stage -- Documents/Dev/project-gemini/docker-compose.yml [11ms]
2026-05-17 02:01:13.422 [warning] [GitFileSystemProvider][stat] File not found - git:/home/dev/Documents/Dev/project-gemini/docker-compose.yml.git?%7B%22path%22%3A%22%2Fhome%2Fdev%2FDocuments%2FDev%2Fproject-gemini%2Fdocker-compose.yml%22%2C%22ref%22%3A%22%22%7D
2026-05-17 02:01:15.062 [info] > git check-ignore -v -z --stdin [13ms]
2026-05-17 02:01:15.240 [info] > git show --textconv :Documents/Dev/project-gemini/.gitignore [11ms]
2026-05-17 02:01:15.240 [warning] [GitFileSystemProvider][readFile] File not found - git:/home/dev/Documents/Dev/project-gemini/.gitignore.git?%7B%22path%22%3A%22%2Fhome%2Fdev%2FDocuments%2FDev%2Fproject-gemini%2F.gitignore%22%2C%22ref%22%3A%22%22%7D
2026-05-17 02:01:15.249 [info] > git ls-files --stage -- Documents/Dev/project-gemini/.gitignore [10ms]
2026-05-17 02:01:15.250 [warning] [GitFileSystemProvider][stat] File not found - git:/home/dev/Documents/Dev/project-gemini/.gitignore.git?%7B%22path%22%3A%22%2Fhome%2Fdev%2FDocuments%2FDev%2Fproject-gemini%2F.gitignore%22%2C%22ref%22%3A%22%22%7D
2026-05-17 02:01:16.908 [info] > git check-ignore -v -z --stdin [28ms]
2026-05-17 02:01:17.082 [info] > git show --textconv :Documents/Dev/project-gemini/.antigravity-rules [13ms]
2026-05-17 02:01:17.083 [warning] [GitFileSystemProvider][readFile] File not found - git:/home/dev/Documents/Dev/project-gemini/.antigravity-rules.git?%7B%22path%22%3A%22%2Fhome%2Fdev%2FDocuments%2FDev%2Fproject-gemini%2F.antigravity-rules%22%2C%22ref%22%3A%22%22%7D
2026-05-17 02:01:17.092 [info] > git ls-files --stage -- Documents/Dev/project-gemini/.antigravity-rules [10ms]
2026-05-17 02:01:17.092 [warning] [GitFileSystemProvider][stat] File not found - git:/home/dev/Documents/Dev/project-gemini/.antigravity-rules.git?%7B%22path%22%3A%22%2Fhome%2Fdev%2FDocuments%2FDev%2Fproject-gemini%2F.antigravity-rules%22%2C%22ref%22%3A%22%22%7D
2026-05-17 02:01:21.165 [info] > git check-ignore -v -z --stdin [25ms]
2026-05-17 02:01:21.382 [info] > git show --textconv :Documents/Dev/project-gemini/frontend/package.json [13ms]
2026-05-17 02:01:21.383 [warning] [GitFileSystemProvider][readFile] File not found - git:/home/dev/Documents/Dev/project-gemini/frontend/package.json.git?%7B%22path%22%3A%22%2Fhome%2Fdev%2FDocuments%2FDev%2Fproject-gemini%2Ffrontend%2Fpackage.json%22%2C%22ref%22%3A%22%22%7D
2026-05-17 02:01:21.392 [info] > git ls-files --stage -- Documents/Dev/project-gemini/frontend/package.json [12ms]
2026-05-17 02:01:21.392 [warning] [GitFileSystemProvider][stat] File not found - git:/home/dev/Documents/Dev/project-gemini/frontend/package.json.git?%7B%22path%22%3A%22%2Fhome%2Fdev%2FDocuments%2FDev%2Fproject-gemini%2Ffrontend%2Fpackage.json%22%2C%22ref%22%3A%22%22%7D
2026-05-17 02:01:25.746 [info] > git check-ignore -v -z --stdin [17ms]
2026-05-17 02:01:25.913 [info] > git show --textconv :Documents/Dev/project-gemini/ai_model/logs/ai_ledger.log [13ms]
2026-05-17 02:01:25.914 [warning] [GitFileSystemProvider][readFile] File not found - git:/home/dev/Documents/Dev/project-gemini/ai_model/logs/ai_ledger.log.git?%7B%22path%22%3A%22%2Fhome%2Fdev%2FDocuments%2FDev%2Fproject-gemini%2Fai_model%2Flogs%2Fai_ledger.log%22%2C%22ref%22%3A%22%22%7D
2026-05-17 02:01:25.922 [info] > git ls-files --stage -- Documents/Dev/project-gemini/ai_model/logs/ai_ledger.log [10ms]
2026-05-17 02:01:25.923 [warning] [GitFileSystemProvider][stat] File not found - git:/home/dev/Documents/Dev/project-gemini/ai_model/logs/ai_ledger.log.git?%7B%22path%22%3A%22%2Fhome%2Fdev%2FDocuments%2FDev%2Fproject-gemini%2Fai_model%2Flogs%2Fai_ledger.log%22%2C%22ref%22%3A%22%22%7D
2026-05-17 02:01:26.756 [info] > git check-ignore -v -z --stdin [11ms]
2026-05-17 02:01:28.511 [info] > git check-ignore -v -z --stdin [32ms]
2026-05-17 02:01:28.546 [info] > git check-ignore -v -z --stdin [24ms]
2026-05-17 02:01:28.627 [info] > git show --textconv :Documents/Dev/project-gemini/ai_model/memories/system_status.md [11ms]
2026-05-17 02:01:28.627 [warning] [GitFileSystemProvider][readFile] File not found - git:/home/dev/Documents/Dev/project-gemini/ai_model/memories/system_status.md.git?%7B%22path%22%3A%22%2Fhome%2Fdev%2FDocuments%2FDev%2Fproject-gemini%2Fai_model%2Fmemories%2Fsystem_status.md%22%2C%22ref%22%3A%22%22%7D
2026-05-17 02:01:28.637 [info] > git ls-files --stage -- Documents/Dev/project-gemini/ai_model/memories/system_status.md [11ms]
2026-05-17 02:01:28.637 [warning] [GitFileSystemProvider][stat] File not found - git:/home/dev/Documents/Dev/project-gemini/ai_model/memories/system_status.md.git?%7B%22path%22%3A%22%2Fhome%2Fdev%2FDocuments%2FDev%2Fproject-gemini%2Fai_model%2Fmemories%2Fsystem_status.md%22%2C%22ref%22%3A%22%22%7D
2026-05-17 02:01:29.151 [info] > git check-ignore -v -z --stdin [24ms]
2026-05-17 02:01:29.163 [info] > git check-ignore -v -z --stdin [13ms]
2026-05-17 02:01:29.338 [info] > git show --textconv :Documents/Dev/project-gemini/ai_model/memories/learnings.md [13ms]
2026-05-17 02:01:29.338 [warning] [GitFileSystemProvider][readFile] File not found - git:/home/dev/Documents/Dev/project-gemini/ai_model/memories/learnings.md.git?%7B%22path%22%3A%22%2Fhome%2Fdev%2FDocuments%2FDev%2Fproject-gemini%2Fai_model%2Fmemories%2Flearnings.md%22%2C%22ref%22%3A%22%22%7D
2026-05-17 02:01:29.348 [info] > git ls-files --stage -- Documents/Dev/project-gemini/ai_model/memories/learnings.md [11ms]
2026-05-17 02:01:29.348 [warning] [GitFileSystemProvider][stat] File not found - git:/home/dev/Documents/Dev/project-gemini/ai_model/memories/learnings.md.git?%7B%22path%22%3A%22%2Fhome%2Fdev%2FDocuments%2FDev%2Fproject-gemini%2Fai_model%2Fmemories%2Flearnings.md%22%2C%22ref%22%3A%22%22%7D
2026-05-17 02:01:29.458 [info] > git check-ignore -v -z --stdin [12ms]
2026-05-17 02:01:34.139 [info] > git check-ignore -v -z --stdin [12ms]
2026-05-17 02:01:34.326 [info] > git show --textconv :Documents/Dev/project-gemini/ai_model/memories/learnings.md [13ms]
2026-05-17 02:01:34.327 [warning] [GitFileSystemProvider][readFile] File not found - git:/home/dev/Documents/Dev/project-gemini/ai_model/memories/learnings.md.git?%7B%22path%22%3A%22%2Fhome%2Fdev%2FDocuments%2FDev%2Fproject-gemini%2Fai_model%2Fmemories%2Flearnings.md%22%2C%22ref%22%3A%22%22%7D
2026-05-17 02:01:34.336 [info] > git ls-files --stage -- Documents/Dev/project-gemini/ai_model/memories/learnings.md [10ms]
2026-05-17 02:01:34.336 [warning] [GitFileSystemProvider][stat] File not found - git:/home/dev/Documents/Dev/project-gemini/ai_model/memories/learnings.md.git?%7B%22path%22%3A%22%2Fhome%2Fdev%2FDocuments%2FDev%2Fproject-gemini%2Fai_model%2Fmemories%2Flearnings.md%22%2C%22ref%22%3A%22%22%7D
2026-05-17 02:01:35.144 [info] > git check-ignore -v -z --stdin [11ms]
2026-05-17 02:02:22.715 [info] > git fetch [14ms]
2026-05-17 02:02:22.740 [info] [Git][getRemotes] No remotes found in the git config file
2026-05-17 02:02:22.741 [info] > git config --get commit.template [13ms]
2026-05-17 02:02:22.741 [info] > git for-each-ref --format=%(refname)%00%(upstream:short)%00%(objectname)%00%(upstream:track)%00%(upstream:remotename)%00%(upstream:remoteref) refs/heads/feat/h-factor-os refs/remotes/feat/h-factor-os [2ms]
2026-05-17 02:02:22.768 [info] > git for-each-ref --sort -committerdate --format %(refname)%00%(objectname)%00%(*objectname) [2ms]
2026-05-17 02:02:24.281 [info] > git status -z -uall [1529ms] (cancelled)
2026-05-17 02:05:23.632 [info] > git fetch [13ms]
2026-05-17 02:05:23.657 [info] [Git][getRemotes] No remotes found in the git config file
2026-05-17 02:05:23.658 [info] > git config --get commit.template [14ms]
2026-05-17 02:05:23.659 [info] > git for-each-ref --format=%(refname)%00%(upstream:short)%00%(objectname)%00%(upstream:track)%00%(upstream:remotename)%00%(upstream:remoteref) refs/heads/feat/h-factor-os refs/remotes/feat/h-factor-os [2ms]
2026-05-17 02:05:23.684 [info] > git for-each-ref --sort -committerdate --format %(refname)%00%(objectname)%00%(*objectname) [4ms]
2026-05-17 02:05:25.216 [info] > git status -z -uall [1548ms] (cancelled)
2026-05-17 02:08:24.542 [info] > git fetch [15ms]
2026-05-17 02:08:24.557 [info] > git config --get commit.template [3ms]
2026-05-17 02:08:24.570 [info] [Git][getRemotes] No remotes found in the git config file
2026-05-17 02:08:24.571 [info] > git for-each-ref --format=%(refname)%00%(upstream:short)%00%(objectname)%00%(upstream:track)%00%(upstream:remotename)%00%(upstream:remoteref) refs/heads/feat/h-factor-os refs/remotes/feat/h-factor-os [1ms]
2026-05-17 02:08:24.601 [info] > git for-each-ref --sort -committerdate --format %(refname)%00%(objectname)%00%(*objectname) [3ms]
2026-05-17 02:08:26.449 [info] > git status -z -uall [1865ms] (cancelled)
2026-05-17 02:11:25.690 [info] > git fetch [13ms]
2026-05-17 02:11:25.707 [info] [Git][getRemotes] No remotes found in the git config file
2026-05-17 02:11:25.708 [info] > git config --get commit.template [10ms]
2026-05-17 02:11:25.709 [info] > git for-each-ref --format=%(refname)%00%(upstream:short)%00%(objectname)%00%(upstream:track)%00%(upstream:remotename)%00%(upstream:remoteref) refs/heads/feat/h-factor-os refs/remotes/feat/h-factor-os [2ms]
2026-05-17 02:11:25.728 [info] > git for-each-ref --sort -committerdate --format %(refname)%00%(objectname)%00%(*objectname) [2ms]
2026-05-17 02:11:27.256 [info] > git status -z -uall [1539ms] (cancelled)
2026-05-17 02:14:26.598 [info] > git fetch [16ms]
2026-05-17 02:14:26.621 [info] [Git][getRemotes] No remotes found in the git config file
2026-05-17 02:14:26.621 [info] > git config --get commit.template [11ms]
2026-05-17 02:14:26.622 [info] > git for-each-ref --format=%(refname)%00%(upstream:short)%00%(objectname)%00%(upstream:track)%00%(upstream:remotename)%00%(upstream:remoteref) refs/heads/feat/h-factor-os refs/remotes/feat/h-factor-os [1ms]
2026-05-17 02:14:26.650 [info] > git for-each-ref --sort -committerdate --format %(refname)%00%(objectname)%00%(*objectname) [4ms]
2026-05-17 02:14:28.469 [info] > git status -z -uall [1836ms] (cancelled)
2026-05-17 02:17:27.571 [info] > git fetch [15ms]
2026-05-17 02:17:27.586 [info] > git config --get commit.template [2ms]
2026-05-17 02:17:27.599 [info] [Git][getRemotes] No remotes found in the git config file
2026-05-17 02:17:27.600 [info] > git for-each-ref --format=%(refname)%00%(upstream:short)%00%(objectname)%00%(upstream:track)%00%(upstream:remotename)%00%(upstream:remoteref) refs/heads/feat/h-factor-os refs/remotes/feat/h-factor-os [1ms]
2026-05-17 02:17:27.629 [info] > git for-each-ref --sort -committerdate --format %(refname)%00%(objectname)%00%(*objectname) [2ms]
2026-05-17 02:17:29.120 [info] > git status -z -uall [1507ms] (cancelled)
2026-05-17 02:20:28.459 [info] > git fetch [14ms]
2026-05-17 02:20:28.482 [info] [Git][getRemotes] No remotes found in the git config file
2026-05-17 02:20:28.482 [info] > git config --get commit.template [11ms]
2026-05-17 02:20:28.483 [info] > git for-each-ref --format=%(refname)%00%(upstream:short)%00%(objectname)%00%(upstream:track)%00%(upstream:remotename)%00%(upstream:remoteref) refs/heads/feat/h-factor-os refs/remotes/feat/h-factor-os [1ms]
2026-05-17 02:20:28.510 [info] > git for-each-ref --sort -committerdate --format %(refname)%00%(objectname)%00%(*objectname) [3ms]
2026-05-17 02:20:30.105 [info] > git status -z -uall [1611ms] (cancelled)
2026-05-17 02:23:29.345 [info] > git fetch [14ms]
2026-05-17 02:23:29.368 [info] [Git][getRemotes] No remotes found in the git config file
2026-05-17 02:23:29.368 [info] > git config --get commit.template [11ms]
2026-05-17 02:23:29.369 [info] > git for-each-ref --format=%(refname)%00%(upstream:short)%00%(objectname)%00%(upstream:track)%00%(upstream:remotename)%00%(upstream:remoteref) refs/heads/feat/h-factor-os refs/remotes/feat/h-factor-os [2ms]
2026-05-17 02:23:29.392 [info] > git for-each-ref --sort -committerdate --format %(refname)%00%(objectname)%00%(*objectname) [3ms]
2026-05-17 02:23:31.253 [info] > git status -z -uall [1874ms] (cancelled)
2026-05-17 02:26:30.433 [info] > git fetch [14ms]
2026-05-17 02:26:30.451 [info] [Git][getRemotes] No remotes found in the git config file
2026-05-17 02:26:30.451 [info] > git config --get commit.template [9ms]
2026-05-17 02:26:30.452 [info] > git for-each-ref --format=%(refname)%00%(upstream:short)%00%(objectname)%00%(upstream:track)%00%(upstream:remotename)%00%(upstream:remoteref) refs/heads/feat/h-factor-os refs/remotes/feat/h-factor-os [1ms]
2026-05-17 02:26:30.471 [info] > git for-each-ref --sort -committerdate --format %(refname)%00%(objectname)%00%(*objectname) [1ms]
2026-05-17 02:26:32.126 [info] > git status -z -uall [1666ms] (cancelled)
2026-05-17 02:29:31.435 [info] > git fetch [12ms]
2026-05-17 02:29:31.459 [info] [Git][getRemotes] No remotes found in the git config file
2026-05-17 02:29:31.460 [info] > git config --get commit.template [13ms]
2026-05-17 02:29:31.460 [info] > git for-each-ref --format=%(refname)%00%(upstream:short)%00%(objectname)%00%(upstream:track)%00%(upstream:remotename)%00%(upstream:remoteref) refs/heads/feat/h-factor-os refs/remotes/feat/h-factor-os [1ms]
2026-05-17 02:29:31.487 [info] > git for-each-ref --sort -committerdate --format %(refname)%00%(objectname)%00%(*objectname) [2ms]
2026-05-17 02:29:33.125 [info] > git status -z -uall [1653ms] (cancelled)
2026-05-17 02:32:32.419 [info] > git fetch [13ms]
2026-05-17 02:32:32.442 [info] [Git][getRemotes] No remotes found in the git config file
2026-05-17 02:32:32.442 [info] > git config --get commit.template [11ms]
2026-05-17 02:32:32.443 [info] > git for-each-ref --format=%(refname)%00%(upstream:short)%00%(objectname)%00%(upstream:track)%00%(upstream:remotename)%00%(upstream:remoteref) refs/heads/feat/h-factor-os refs/remotes/feat/h-factor-os [1ms]
2026-05-17 02:32:32.469 [info] > git for-each-ref --sort -committerdate --format %(refname)%00%(objectname)%00%(*objectname) [2ms]
2026-05-17 02:32:34.078 [info] > git status -z -uall [1625ms] (cancelled)
2026-05-17 02:35:33.383 [info] > git fetch [15ms]
2026-05-17 02:35:33.398 [info] > git config --get commit.template [1ms]
2026-05-17 02:35:33.410 [info] [Git][getRemotes] No remotes found in the git config file
2026-05-17 02:35:33.410 [info] > git for-each-ref --format=%(refname)%00%(upstream:short)%00%(objectname)%00%(upstream:track)%00%(upstream:remotename)%00%(upstream:remoteref) refs/heads/feat/h-factor-os refs/remotes/feat/h-factor-os [1ms]
2026-05-17 02:35:33.440 [info] > git for-each-ref --sort -committerdate --format %(refname)%00%(objectname)%00%(*objectname) [2ms]
2026-05-17 02:35:35.163 [info] > git status -z -uall [1741ms] (cancelled)
2026-05-17 02:38:34.413 [info] > git fetch [15ms]
2026-05-17 02:38:34.437 [info] [Git][getRemotes] No remotes found in the git config file
2026-05-17 02:38:34.438 [info] > git config --get commit.template [12ms]
2026-05-17 02:38:34.438 [info] > git for-each-ref --format=%(refname)%00%(upstream:short)%00%(objectname)%00%(upstream:track)%00%(upstream:remotename)%00%(upstream:remoteref) refs/heads/feat/h-factor-os refs/remotes/feat/h-factor-os [1ms]
2026-05-17 02:38:34.466 [info] > git for-each-ref --sort -committerdate --format %(refname)%00%(objectname)%00%(*objectname) [2ms]
2026-05-17 02:38:36.269 [info] > git status -z -uall [1822ms] (cancelled)
2026-05-17 02:41:35.441 [info] > git fetch [14ms]
2026-05-17 02:41:35.464 [info] [Git][getRemotes] No remotes found in the git config file
2026-05-17 02:41:35.464 [info] > git config --get commit.template [11ms]
2026-05-17 02:41:35.465 [info] > git for-each-ref --format=%(refname)%00%(upstream:short)%00%(objectname)%00%(upstream:track)%00%(upstream:remotename)%00%(upstream:remoteref) refs/heads/feat/h-factor-os refs/remotes/feat/h-factor-os [1ms]
2026-05-17 02:41:35.493 [info] > git for-each-ref --sort -committerdate --format %(refname)%00%(objectname)%00%(*objectname) [2ms]
2026-05-17 02:41:37.308 [info] > git status -z -uall [1831ms] (cancelled)
2026-05-17 02:44:36.553 [info] > git fetch [15ms]
2026-05-17 02:44:36.568 [info] > git config --get commit.template [2ms]
2026-05-17 02:44:36.581 [info] [Git][getRemotes] No remotes found in the git config file
2026-05-17 02:44:36.583 [info] > git for-each-ref --format=%(refname)%00%(upstream:short)%00%(objectname)%00%(upstream:track)%00%(upstream:remotename)%00%(upstream:remoteref) refs/heads/feat/h-factor-os refs/remotes/feat/h-factor-os [2ms]
2026-05-17 02:44:36.613 [info] > git for-each-ref --sort -committerdate --format %(refname)%00%(objectname)%00%(*objectname) [2ms]
2026-05-17 02:44:38.354 [info] > git status -z -uall [1758ms] (cancelled)
2026-05-17 02:47:37.684 [info] > git fetch [13ms]
2026-05-17 02:47:37.698 [info] > git config --get commit.template [1ms]
2026-05-17 02:47:37.711 [info] [Git][getRemotes] No remotes found in the git config file
2026-05-17 02:47:37.712 [info] > git for-each-ref --format=%(refname)%00%(upstream:short)%00%(objectname)%00%(upstream:track)%00%(upstream:remotename)%00%(upstream:remoteref) refs/heads/feat/h-factor-os refs/remotes/feat/h-factor-os [2ms]
2026-05-17 02:47:37.738 [info] > git for-each-ref --sort -committerdate --format %(refname)%00%(objectname)%00%(*objectname) [1ms]
2026-05-17 02:47:39.608 [info] > git status -z -uall [1885ms] (cancelled)
2026-05-17 02:50:38.864 [info] > git fetch [15ms]
2026-05-17 02:50:38.888 [info] [Git][getRemotes] No remotes found in the git config file
2026-05-17 02:50:38.889 [info] > git config --get commit.template [12ms]
2026-05-17 02:50:38.889 [info] > git for-each-ref --format=%(refname)%00%(upstream:short)%00%(objectname)%00%(upstream:track)%00%(upstream:remotename)%00%(upstream:remoteref) refs/heads/feat/h-factor-os refs/remotes/feat/h-factor-os [1ms]
2026-05-17 02:50:38.917 [info] > git for-each-ref --sort -committerdate --format %(refname)%00%(objectname)%00%(*objectname) [1ms]
2026-05-17 02:50:40.727 [info] > git status -z -uall [1826ms] (cancelled)
2026-05-17 02:53:40.015 [info] > git fetch [14ms]
2026-05-17 02:53:40.041 [info] [Git][getRemotes] No remotes found in the git config file
2026-05-17 02:53:40.041 [info] > git config --get commit.template [13ms]
2026-05-17 02:53:40.042 [info] > git for-each-ref --format=%(refname)%00%(upstream:short)%00%(objectname)%00%(upstream:track)%00%(upstream:remotename)%00%(upstream:remoteref) refs/heads/feat/h-factor-os refs/remotes/feat/h-factor-os [1ms]
2026-05-17 02:53:40.069 [info] > git for-each-ref --sort -committerdate --format %(refname)%00%(objectname)%00%(*objectname) [1ms]
2026-05-17 02:53:41.961 [info] > git status -z -uall [1908ms] (cancelled)
2026-05-17 02:56:41.169 [info] > git fetch [14ms]
2026-05-17 02:56:41.185 [info] > git config --get commit.template [2ms]
2026-05-17 02:56:41.199 [info] [Git][getRemotes] No remotes found in the git config file
2026-05-17 02:56:41.200 [info] > git for-each-ref --format=%(refname)%00%(upstream:short)%00%(objectname)%00%(upstream:track)%00%(upstream:remotename)%00%(upstream:remoteref) refs/heads/feat/h-factor-os refs/remotes/feat/h-factor-os [1ms]
2026-05-17 02:56:41.231 [info] > git for-each-ref --sort -committerdate --format %(refname)%00%(objectname)%00%(*objectname) [2ms]
2026-05-17 02:56:43.002 [info] > git status -z -uall [1789ms] (cancelled)
2026-05-17 02:59:42.297 [info] > git fetch [14ms]
2026-05-17 02:59:42.329 [info] [Git][getRemotes] No remotes found in the git config file
2026-05-17 02:59:42.330 [info] > git config --get commit.template [16ms]
2026-05-17 02:59:42.330 [info] > git for-each-ref --format=%(refname)%00%(upstream:short)%00%(objectname)%00%(upstream:track)%00%(upstream:remotename)%00%(upstream:remoteref) refs/heads/feat/h-factor-os refs/remotes/feat/h-factor-os [1ms]
2026-05-17 02:59:42.357 [info] > git for-each-ref --sort -committerdate --format %(refname)%00%(objectname)%00%(*objectname) [2ms]
2026-05-17 02:59:44.151 [info] > git status -z -uall [1808ms] (cancelled)
2026-05-17 03:02:43.448 [info] > git fetch [14ms]
2026-05-17 03:02:43.458 [info] [Git][getRemotes] No remotes found in the git config file
2026-05-17 03:02:43.467 [info] > git config --get commit.template [10ms]
2026-05-17 03:02:43.467 [info] > git for-each-ref --format=%(refname)%00%(upstream:short)%00%(objectname)%00%(upstream:track)%00%(upstream:remotename)%00%(upstream:remoteref) refs/heads/feat/h-factor-os refs/remotes/feat/h-factor-os [1ms]
2026-05-17 03:02:43.493 [info] > git for-each-ref --sort -committerdate --format %(refname)%00%(objectname)%00%(*objectname) [2ms]
2026-05-17 03:02:45.280 [info] > git status -z -uall [1803ms] (cancelled)
2026-05-17 03:05:44.590 [info] > git fetch [14ms]
2026-05-17 03:05:44.615 [info] [Git][getRemotes] No remotes found in the git config file
2026-05-17 03:05:44.616 [info] > git for-each-ref --format=%(refname)%00%(upstream:short)%00%(objectname)%00%(upstream:track)%00%(upstream:remotename)%00%(upstream:remoteref) refs/heads/feat/h-factor-os refs/remotes/feat/h-factor-os [2ms]
2026-05-17 03:05:44.616 [info] > git config --get commit.template [14ms]
2026-05-17 03:05:44.643 [info] > git for-each-ref --sort -committerdate --format %(refname)%00%(objectname)%00%(*objectname) [2ms]
2026-05-17 03:05:46.432 [info] > git status -z -uall [1804ms] (cancelled)
2026-05-17 03:08:45.722 [info] > git fetch [15ms]
2026-05-17 03:08:45.751 [info] [Git][getRemotes] No remotes found in the git config file
2026-05-17 03:08:45.751 [info] > git for-each-ref --format=%(refname)%00%(upstream:short)%00%(objectname)%00%(upstream:track)%00%(upstream:remotename)%00%(upstream:remoteref) refs/heads/feat/h-factor-os refs/remotes/feat/h-factor-os [1ms]
2026-05-17 03:08:45.751 [info] > git config --get commit.template [14ms]
2026-05-17 03:08:45.780 [info] > git for-each-ref --sort -committerdate --format %(refname)%00%(objectname)%00%(*objectname) [2ms]
2026-05-17 03:08:47.732 [info] > git status -z -uall [1969ms] (cancelled)
2026-05-17 03:11:46.916 [info] > git fetch [17ms]
2026-05-17 03:11:46.936 [info] [Git][getRemotes] No remotes found in the git config file
2026-05-17 03:11:46.936 [info] > git config --get commit.template [9ms]
2026-05-17 03:11:46.937 [info] > git for-each-ref --format=%(refname)%00%(upstream:short)%00%(objectname)%00%(upstream:track)%00%(upstream:remotename)%00%(upstream:remoteref) refs/heads/feat/h-factor-os refs/remotes/feat/h-factor-os [1ms]
2026-05-17 03:11:46.959 [info] > git for-each-ref --sort -committerdate --format %(refname)%00%(objectname)%00%(*objectname) [2ms]
2026-05-17 03:11:48.794 [info] > git status -z -uall [1848ms] (cancelled)
2026-05-17 03:14:48.079 [info] > git fetch [15ms]
2026-05-17 03:14:48.096 [info] > git config --get commit.template [1ms]
2026-05-17 03:14:48.111 [info] [Git][getRemotes] No remotes found in the git config file
2026-05-17 03:14:48.112 [info] > git for-each-ref --format=%(refname)%00%(upstream:short)%00%(objectname)%00%(upstream:track)%00%(upstream:remotename)%00%(upstream:remoteref) refs/heads/feat/h-factor-os refs/remotes/feat/h-factor-os [1ms]
2026-05-17 03:14:48.141 [info] > git for-each-ref --sort -committerdate --format %(refname)%00%(objectname)%00%(*objectname) [4ms]
2026-05-17 03:14:49.901 [info] > git status -z -uall [1777ms] (cancelled)
2026-05-17 03:17:49.214 [info] > git fetch [13ms]
2026-05-17 03:17:49.239 [info] [Git][getRemotes] No remotes found in the git config file
2026-05-17 03:17:49.240 [info] > git config --get commit.template [13ms]
2026-05-17 03:17:49.240 [info] > git for-each-ref --format=%(refname)%00%(upstream:short)%00%(objectname)%00%(upstream:track)%00%(upstream:remotename)%00%(upstream:remoteref) refs/heads/feat/h-factor-os refs/remotes/feat/h-factor-os [1ms]
2026-05-17 03:17:49.267 [info] > git for-each-ref --sort -committerdate --format %(refname)%00%(objectname)%00%(*objectname) [2ms]
2026-05-17 03:17:50.976 [info] > git status -z -uall [1724ms] (cancelled)
2026-05-17 03:20:50.311 [info] > git fetch [13ms]
2026-05-17 03:20:50.336 [info] [Git][getRemotes] No remotes found in the git config file
2026-05-17 03:20:50.337 [info] > git config --get commit.template [12ms]
2026-05-17 03:20:50.337 [info] > git for-each-ref --format=%(refname)%00%(upstream:short)%00%(objectname)%00%(upstream:track)%00%(upstream:remotename)%00%(upstream:remoteref) refs/heads/feat/h-factor-os refs/remotes/feat/h-factor-os [1ms]
2026-05-17 03:20:50.366 [info] > git for-each-ref --sort -committerdate --format %(refname)%00%(objectname)%00%(*objectname) [2ms]
2026-05-17 03:20:52.128 [info] > git status -z -uall [1778ms] (cancelled)
2026-05-17 03:23:51.425 [info] > git fetch [13ms]
2026-05-17 03:23:51.436 [info] > git config --get commit.template [2ms]
2026-05-17 03:23:51.436 [info] [Git][getRemotes] No remotes found in the git config file
2026-05-17 03:23:51.451 [info] > git for-each-ref --format=%(refname)%00%(upstream:short)%00%(objectname)%00%(upstream:track)%00%(upstream:remotename)%00%(upstream:remoteref) refs/heads/feat/h-factor-os refs/remotes/feat/h-factor-os [1ms]
2026-05-17 03:23:51.477 [info] > git for-each-ref --sort -committerdate --format %(refname)%00%(objectname)%00%(*objectname) [2ms]
2026-05-17 03:23:53.281 [info] > git status -z -uall [1818ms] (cancelled)
2026-05-17 03:26:52.578 [info] > git fetch [16ms]
2026-05-17 03:26:52.607 [info] [Git][getRemotes] No remotes found in the git config file
2026-05-17 03:26:52.608 [info] > git config --get commit.template [15ms]
2026-05-17 03:26:52.608 [info] > git for-each-ref --format=%(refname)%00%(upstream:short)%00%(objectname)%00%(upstream:track)%00%(upstream:remotename)%00%(upstream:remoteref) refs/heads/feat/h-factor-os refs/remotes/feat/h-factor-os [1ms]
2026-05-17 03:26:52.638 [info] > git for-each-ref --sort -committerdate --format %(refname)%00%(objectname)%00%(*objectname) [2ms]
2026-05-17 03:26:54.532 [info] > git status -z -uall [1910ms] (cancelled)
2026-05-17 03:29:53.829 [info] > git fetch [14ms]
2026-05-17 03:29:53.857 [info] [Git][getRemotes] No remotes found in the git config file
2026-05-17 03:29:53.858 [info] > git for-each-ref --format=%(refname)%00%(upstream:short)%00%(objectname)%00%(upstream:track)%00%(upstream:remotename)%00%(upstream:remoteref) refs/heads/feat/h-factor-os refs/remotes/feat/h-factor-os [2ms]
2026-05-17 03:29:53.859 [info] > git config --get commit.template [14ms]
2026-05-17 03:29:53.888 [info] > git for-each-ref --sort -committerdate --format %(refname)%00%(objectname)%00%(*objectname) [2ms]
2026-05-17 03:29:55.657 [info] > git status -z -uall [1786ms] (cancelled)
2026-05-17 03:32:54.934 [info] > git fetch [13ms]
2026-05-17 03:32:54.965 [info] [Git][getRemotes] No remotes found in the git config file
2026-05-17 03:32:54.966 [info] > git config --get commit.template [16ms]
2026-05-17 03:32:54.967 [info] > git for-each-ref --format=%(refname)%00%(upstream:short)%00%(objectname)%00%(upstream:track)%00%(upstream:remotename)%00%(upstream:remoteref) refs/heads/feat/h-factor-os refs/remotes/feat/h-factor-os [2ms]
2026-05-17 03:32:54.994 [info] > git for-each-ref --sort -committerdate --format %(refname)%00%(objectname)%00%(*objectname) [2ms]
2026-05-17 03:32:56.798 [info] > git status -z -uall [1817ms] (cancelled)
2026-05-17 03:35:56.096 [info] > git fetch [14ms]
2026-05-17 03:35:56.121 [info] [Git][getRemotes] No remotes found in the git config file
2026-05-17 03:35:56.121 [info] > git config --get commit.template [13ms]
2026-05-17 03:35:56.122 [info] > git for-each-ref --format=%(refname)%00%(upstream:short)%00%(objectname)%00%(upstream:track)%00%(upstream:remotename)%00%(upstream:remoteref) refs/heads/feat/h-factor-os refs/remotes/feat/h-factor-os [1ms]
2026-05-17 03:35:56.149 [info] > git for-each-ref --sort -committerdate --format %(refname)%00%(objectname)%00%(*objectname) [2ms]
2026-05-17 03:35:57.929 [info] > git status -z -uall [1796ms] (cancelled)
2026-05-17 03:38:57.217 [info] > git fetch [14ms]
2026-05-17 03:38:57.232 [info] > git config --get commit.template [1ms]
2026-05-17 03:38:57.244 [info] [Git][getRemotes] No remotes found in the git config file
2026-05-17 03:38:57.245 [info] > git for-each-ref --format=%(refname)%00%(upstream:short)%00%(objectname)%00%(upstream:track)%00%(upstream:remotename)%00%(upstream:remoteref) refs/heads/feat/h-factor-os refs/remotes/feat/h-factor-os [1ms]
2026-05-17 03:38:57.272 [info] > git for-each-ref --sort -committerdate --format %(refname)%00%(objectname)%00%(*objectname) [2ms]
2026-05-17 03:38:59.024 [info] > git status -z -uall [1766ms] (cancelled)
2026-05-17 03:41:13.314 [info] > git check-ignore -v -z --stdin [23ms]
2026-05-17 03:41:13.475 [info] > git show --textconv :Documents/Dev/project-gemini/tasks.md [15ms]
2026-05-17 03:41:13.476 [warning] [GitFileSystemProvider][readFile] File not found - git:/home/dev/Documents/Dev/project-gemini/tasks.md.git?%7B%22path%22%3A%22%2Fhome%2Fdev%2FDocuments%2FDev%2Fproject-gemini%2Ftasks.md%22%2C%22ref%22%3A%22%22%7D
2026-05-17 03:41:13.485 [info] > git ls-files --stage -- Documents/Dev/project-gemini/tasks.md [10ms]
2026-05-17 03:41:13.486 [warning] [GitFileSystemProvider][stat] File not found - git:/home/dev/Documents/Dev/project-gemini/tasks.md.git?%7B%22path%22%3A%22%2Fhome%2Fdev%2FDocuments%2FDev%2Fproject-gemini%2Ftasks.md%22%2C%22ref%22%3A%22%22%7D
2026-05-17 03:41:14.398 [info] > git check-ignore -v -z --stdin [13ms]
2026-05-17 03:41:58.329 [info] > git fetch [14ms]
2026-05-17 03:41:58.349 [info] [Git][getRemotes] No remotes found in the git config file
2026-05-17 03:41:58.350 [info] > git config --get commit.template [10ms]
2026-05-17 03:41:58.350 [info] > git for-each-ref --format=%(refname)%00%(upstream:short)%00%(objectname)%00%(upstream:track)%00%(upstream:remotename)%00%(upstream:remoteref) refs/heads/feat/h-factor-os refs/remotes/feat/h-factor-os [1ms]
2026-05-17 03:41:58.371 [info] > git for-each-ref --sort -committerdate --format %(refname)%00%(objectname)%00%(*objectname) [2ms]
2026-05-17 03:42:00.113 [info] > git status -z -uall [1753ms] (cancelled)
2026-05-17 03:42:03.589 [info] > git check-ignore -v -z --stdin [20ms]
2026-05-17 03:42:03.760 [info] > git show --textconv :Documents/Dev/project-gemini/tasks.md [14ms]
2026-05-17 03:42:03.761 [warning] [GitFileSystemProvider][readFile] File not found - git:/home/dev/Documents/Dev/project-gemini/tasks.md.git?%7B%22path%22%3A%22%2Fhome%2Fdev%2FDocuments%2FDev%2Fproject-gemini%2Ftasks.md%22%2C%22ref%22%3A%22%22%7D
2026-05-17 03:42:03.770 [info] > git ls-files --stage -- Documents/Dev/project-gemini/tasks.md [11ms]
2026-05-17 03:42:03.771 [warning] [GitFileSystemProvider][stat] File not found - git:/home/dev/Documents/Dev/project-gemini/tasks.md.git?%7B%22path%22%3A%22%2Fhome%2Fdev%2FDocuments%2FDev%2Fproject-gemini%2Ftasks.md%22%2C%22ref%22%3A%22%22%7D
2026-05-17 03:42:04.587 [info] > git check-ignore -v -z --stdin [11ms]
2026-05-17 03:44:59.431 [info] > git fetch [13ms]
2026-05-17 03:44:59.456 [info] [Git][getRemotes] No remotes found in the git config file
2026-05-17 03:44:59.457 [info] > git config --get commit.template [13ms]
2026-05-17 03:44:59.458 [info] > git for-each-ref --format=%(refname)%00%(upstream:short)%00%(objectname)%00%(upstream:track)%00%(upstream:remotename)%00%(upstream:remoteref) refs/heads/feat/h-factor-os refs/remotes/feat/h-factor-os [2ms]
2026-05-17 03:44:59.487 [info] > git for-each-ref --sort -committerdate --format %(refname)%00%(objectname)%00%(*objectname) [2ms]
2026-05-17 03:45:01.405 [info] > git status -z -uall [1935ms] (cancelled)
2026-05-17 03:45:12.473 [info] > git check-ignore -v -z --stdin [11ms]
2026-05-17 03:46:16.050 [info] > git check-ignore -v -z --stdin [10ms]
2026-05-17 03:46:16.099 [info] > git rev-parse --show-toplevel [1ms]
2026-05-17 03:46:16.125 [info] > git rev-parse --git-dir --git-common-dir --show-superproject-working-tree [14ms]
2026-05-17 03:46:16.156 [info] [Model][openRepository] Opened repository (path): /home/dev/AI_Workflow
2026-05-17 03:46:16.156 [info] [Model][openRepository] Opened repository (real path): /home/dev/AI_Workflow
2026-05-17 03:46:16.156 [info] [Model][openRepository] Opened repository (kind): repository
2026-05-17 03:46:16.172 [info] > git config --get commit.template [4ms]
2026-05-17 03:46:16.172 [info] > git fetch [16ms]
2026-05-17 03:46:16.194 [info] [Git][getRemotes] No remotes found in the git config file
2026-05-17 03:46:16.195 [info] > git config --get commit.template [11ms]
2026-05-17 03:46:16.205 [info] [Git][getRemotes] No remotes found in the git config file
2026-05-17 03:46:16.205 [info] > git for-each-ref --format=%(refname)%00%(upstream:short)%00%(objectname)%00%(upstream:track)%00%(upstream:remotename)%00%(upstream:remoteref) refs/heads/master refs/remotes/master [11ms]
2026-05-17 03:46:16.227 [info] > git for-each-ref --format=%(refname)%00%(upstream:short)%00%(objectname)%00%(upstream:track)%00%(upstream:remotename)%00%(upstream:remoteref) refs/heads/master refs/remotes/master [22ms]
2026-05-17 03:46:16.229 [info] > git config --get commit.template [2ms]
2026-05-17 03:46:16.229 [info] > git for-each-ref --format=%(refname)%00%(upstream:short)%00%(objectname)%00%(upstream:track)%00%(upstream:remotename)%00%(upstream:remoteref) refs/heads/master refs/remotes/master [12ms]
2026-05-17 03:46:16.241 [info] > git config --get --local branch.master.vscode-merge-base [2ms]
2026-05-17 03:46:16.241 [warning] [Git][config] git config failed: Failed to execute git
2026-05-17 03:46:16.264 [info] [Git][getRemotes] No remotes found in the git config file
2026-05-17 03:46:16.265 [info] > git reflog master --grep-reflog=branch: Created from *. [12ms]
2026-05-17 03:46:16.265 [info] > git for-each-ref --format=%(refname)%00%(upstream:short)%00%(objectname)%00%(upstream:track)%00%(upstream:remotename)%00%(upstream:remoteref) refs/heads/master refs/remotes/master [1ms]
2026-05-17 03:46:16.289 [info] > git for-each-ref --sort -committerdate --format %(refname)%00%(objectname)%00%(*objectname) [1ms]
2026-05-17 03:46:16.315 [info] > git status -z -uall [39ms]
2026-05-17 03:46:16.696 [info] > git check-ignore -v -z --stdin [11ms]
2026-05-17 03:46:17.148 [info] > git check-ignore -v -z --stdin [10ms]
2026-05-17 03:46:17.182 [info] > git check-ignore -v -z --stdin [9ms]
2026-05-17 03:46:17.469 [info] > git config --get commit.template [1ms]
2026-05-17 03:46:17.481 [info] [Git][getRemotes] No remotes found in the git config file
2026-05-17 03:46:17.483 [info] > git for-each-ref --format=%(refname)%00%(upstream:short)%00%(objectname)%00%(upstream:track)%00%(upstream:remotename)%00%(upstream:remoteref) refs/heads/master refs/remotes/master [2ms]
2026-05-17 03:46:17.510 [info] > git for-each-ref --sort -committerdate --format %(refname)%00%(objectname)%00%(*objectname) [2ms]
2026-05-17 03:46:17.533 [info] > git status -z -uall [38ms]
2026-05-17 03:46:36.195 [info] > git check-ignore -v -z --stdin [10ms]
2026-05-17 03:46:37.359 [info] > git check-ignore -v -z --stdin [15ms]
2026-05-17 03:46:37.368 [info] > git check-ignore -v -z --stdin [10ms]
2026-05-17 03:46:38.848 [info] [Git][getRemotes] No remotes found in the git config file
2026-05-17 03:46:38.848 [info] > git config --get commit.template [15ms]
2026-05-17 03:46:38.849 [info] > git for-each-ref --format=%(refname)%00%(upstream:short)%00%(objectname)%00%(upstream:track)%00%(upstream:remotename)%00%(upstream:remoteref) refs/heads/master refs/remotes/master [1ms]
2026-05-17 03:46:38.877 [info] > git for-each-ref --sort -committerdate --format %(refname)%00%(objectname)%00%(*objectname) [1ms]
2026-05-17 03:46:38.901 [info] > git status -z -uall [39ms]
2026-05-17 03:47:24.186 [info] [Git][getRemotes] No remotes found in the git config file
2026-05-17 03:47:24.186 [info] > git config --get commit.template [13ms]
2026-05-17 03:47:24.187 [info] > git for-each-ref --format=%(refname)%00%(upstream:short)%00%(objectname)%00%(upstream:track)%00%(upstream:remotename)%00%(upstream:remoteref) refs/heads/master refs/remotes/master [2ms]
2026-05-17 03:47:24.210 [info] > git for-each-ref --sort -committerdate --format %(refname)%00%(objectname)%00%(*objectname) [1ms]
2026-05-17 03:47:24.237 [info] > git status -z -uall [40ms]
2026-05-17 03:48:00.618 [info] > git fetch [14ms]
2026-05-17 03:48:00.637 [info] [Git][getRemotes] No remotes found in the git config file
2026-05-17 03:48:00.637 [info] > git config --get commit.template [9ms]
2026-05-17 03:48:00.638 [info] > git for-each-ref --format=%(refname)%00%(upstream:short)%00%(objectname)%00%(upstream:track)%00%(upstream:remotename)%00%(upstream:remoteref) refs/heads/feat/h-factor-os refs/remotes/feat/h-factor-os [1ms]
2026-05-17 03:48:00.661 [info] > git for-each-ref --sort -committerdate --format %(refname)%00%(objectname)%00%(*objectname) [2ms]
2026-05-17 03:48:02.469 [info] > git status -z -uall [1822ms] (cancelled)
2026-05-17 03:48:26.058 [info] [Git][getRemotes] No remotes found in the git config file
2026-05-17 03:48:26.059 [info] > git config --get commit.template [14ms]
2026-05-17 03:48:26.059 [info] > git for-each-ref --format=%(refname)%00%(upstream:short)%00%(objectname)%00%(upstream:track)%00%(upstream:remotename)%00%(upstream:remoteref) refs/heads/master refs/remotes/master [1ms]
2026-05-17 03:48:26.085 [info] > git for-each-ref --sort -committerdate --format %(refname)%00%(objectname)%00%(*objectname) [1ms]
2026-05-17 03:48:26.111 [info] > git status -z -uall [40ms]
2026-05-17 03:49:15.974 [info] [Git][getRemotes] No remotes found in the git config file
2026-05-17 03:49:15.974 [info] > git config --get commit.template [15ms]
2026-05-17 03:49:15.974 [info] > git for-each-ref --format=%(refname)%00%(upstream:short)%00%(objectname)%00%(upstream:track)%00%(upstream:remotename)%00%(upstream:remoteref) refs/heads/master refs/remotes/master [1ms]
2026-05-17 03:49:16.001 [info] > git for-each-ref --sort -committerdate --format %(refname)%00%(objectname)%00%(*objectname) [2ms]
2026-05-17 03:49:16.025 [info] > git status -z -uall [38ms]
2026-05-17 03:49:16.248 [info] > git fetch [6ms]
2026-05-17 03:49:16.274 [info] [Git][getRemotes] No remotes found in the git config file
2026-05-17 03:49:16.274 [info] > git config --get commit.template [13ms]
2026-05-17 03:49:16.275 [info] > git for-each-ref --format=%(refname)%00%(upstream:short)%00%(objectname)%00%(upstream:track)%00%(upstream:remotename)%00%(upstream:remoteref) refs/heads/master refs/remotes/master [2ms]
2026-05-17 03:49:16.301 [info] > git for-each-ref --sort -committerdate --format %(refname)%00%(objectname)%00%(*objectname) [1ms]
2026-05-17 03:49:16.326 [info] > git status -z -uall [39ms]
2026-05-17 03:49:21.054 [info] [Git][getRemotes] No remotes found in the git config file
2026-05-17 03:49:21.054 [info] > git config --get commit.template [13ms]
2026-05-17 03:49:21.054 [info] > git for-each-ref --format=%(refname)%00%(upstream:short)%00%(objectname)%00%(upstream:track)%00%(upstream:remotename)%00%(upstream:remoteref) refs/heads/master refs/remotes/master [1ms]
2026-05-17 03:49:21.078 [info] > git for-each-ref --sort -committerdate --format %(refname)%00%(objectname)%00%(*objectname) [1ms]
2026-05-17 03:49:21.105 [info] > git status -z -uall [38ms]
2026-05-17 03:50:07.009 [info] [Git][getRemotes] No remotes found in the git config file
2026-05-17 03:50:07.009 [info] > git config --get commit.template [10ms]
2026-05-17 03:50:07.010 [info] > git for-each-ref --format=%(refname)%00%(upstream:short)%00%(objectname)%00%(upstream:track)%00%(upstream:remotename)%00%(upstream:remoteref) refs/heads/master refs/remotes/master [1ms]
2026-05-17 03:50:07.030 [info] > git for-each-ref --sort -committerdate --format %(refname)%00%(objectname)%00%(*objectname) [2ms]
2026-05-17 03:50:07.058 [info] > git status -z -uall [40ms]
2026-05-17 03:50:12.958 [info] [Git][getRemotes] No remotes found in the git config file
2026-05-17 03:50:12.959 [info] > git config --get commit.template [13ms]
2026-05-17 03:50:12.959 [info] > git for-each-ref --format=%(refname)%00%(upstream:short)%00%(objectname)%00%(upstream:track)%00%(upstream:remotename)%00%(upstream:remoteref) refs/heads/master refs/remotes/master [1ms]
2026-05-17 03:50:12.985 [info] > git for-each-ref --sort -committerdate --format %(refname)%00%(objectname)%00%(*objectname) [2ms]
2026-05-17 03:50:13.013 [info] > git status -z -uall [41ms]
2026-05-17 03:50:47.752 [info] [Git][getRemotes] No remotes found in the git config file
2026-05-17 03:50:47.752 [info] > git config --get commit.template [13ms]
2026-05-17 03:50:47.753 [info] > git for-each-ref --format=%(refname)%00%(upstream:short)%00%(objectname)%00%(upstream:track)%00%(upstream:remotename)%00%(upstream:remoteref) refs/heads/master refs/remotes/master [1ms]
2026-05-17 03:50:47.779 [info] > git for-each-ref --sort -committerdate --format %(refname)%00%(objectname)%00%(*objectname) [3ms]
2026-05-17 03:50:47.803 [info] > git status -z -uall [38ms]
2026-05-17 03:51:01.758 [info] > git fetch [15ms]
2026-05-17 03:51:01.785 [info] [Git][getRemotes] No remotes found in the git config file
2026-05-17 03:51:01.785 [info] > git config --get commit.template [14ms]
2026-05-17 03:51:01.786 [info] > git for-each-ref --format=%(refname)%00%(upstream:short)%00%(objectname)%00%(upstream:track)%00%(upstream:remotename)%00%(upstream:remoteref) refs/heads/feat/h-factor-os refs/remotes/feat/h-factor-os [1ms]
2026-05-17 03:51:01.815 [info] > git for-each-ref --sort -committerdate --format %(refname)%00%(objectname)%00%(*objectname) [1ms]
2026-05-17 03:51:03.660 [info] > git status -z -uall [1861ms] (cancelled)
2026-05-17 03:52:03.692 [info] [Git][getRemotes] No remotes found in the git config file
2026-05-17 03:52:03.694 [info] > git for-each-ref --format=%(refname)%00%(upstream:short)%00%(objectname)%00%(upstream:track)%00%(upstream:remotename)%00%(upstream:remoteref) refs/heads/master refs/remotes/master [2ms]
2026-05-17 03:52:03.694 [info] > git config --get commit.template [18ms]
2026-05-17 03:52:03.727 [info] > git for-each-ref --sort -committerdate --format %(refname)%00%(objectname)%00%(*objectname) [2ms]
2026-05-17 03:52:03.747 [info] > git status -z -uall [38ms]
2026-05-17 03:52:16.352 [info] > git fetch [6ms]
2026-05-17 03:52:16.383 [info] [Git][getRemotes] No remotes found in the git config file
2026-05-17 03:52:16.383 [info] > git config --get commit.template [13ms]
2026-05-17 03:52:16.384 [info] > git for-each-ref --format=%(refname)%00%(upstream:short)%00%(objectname)%00%(upstream:track)%00%(upstream:remotename)%00%(upstream:remoteref) refs/heads/master refs/remotes/master [1ms]
2026-05-17 03:52:16.413 [info] > git for-each-ref --sort -committerdate --format %(refname)%00%(objectname)%00%(*objectname) [1ms]
2026-05-17 03:52:16.435 [info] > git status -z -uall [38ms]
2026-05-17 03:52:17.596 [info] [Git][getRemotes] No remotes found in the git config file
2026-05-17 03:52:17.596 [info] > git config --get commit.template [16ms]
2026-05-17 03:52:17.597 [info] > git for-each-ref --format=%(refname)%00%(upstream:short)%00%(objectname)%00%(upstream:track)%00%(upstream:remotename)%00%(upstream:remoteref) refs/heads/master refs/remotes/master [1ms]
2026-05-17 03:52:17.629 [info] > git for-each-ref --sort -committerdate --format %(refname)%00%(objectname)%00%(*objectname) [2ms]
2026-05-17 03:52:17.651 [info] > git status -z -uall [39ms]
2026-05-17 03:53:55.336 [info] [Git][getRemotes] No remotes found in the git config file
2026-05-17 03:53:55.337 [info] > git config --get commit.template [13ms]
2026-05-17 03:53:55.337 [info] > git for-each-ref --format=%(refname)%00%(upstream:short)%00%(objectname)%00%(upstream:track)%00%(upstream:remotename)%00%(upstream:remoteref) refs/heads/master refs/remotes/master [1ms]
2026-05-17 03:53:55.362 [info] > git for-each-ref --sort -committerdate --format %(refname)%00%(objectname)%00%(*objectname) [2ms]
2026-05-17 03:53:55.388 [info] > git status -z -uall [39ms]
2026-05-17 03:54:02.924 [info] > git fetch [13ms]
2026-05-17 03:54:02.939 [info] > git config --get commit.template [2ms]
2026-05-17 03:54:02.951 [info] [Git][getRemotes] No remotes found in the git config file
2026-05-17 03:54:02.953 [info] > git for-each-ref --format=%(refname)%00%(upstream:short)%00%(objectname)%00%(upstream:track)%00%(upstream:remotename)%00%(upstream:remoteref) refs/heads/feat/h-factor-os refs/remotes/feat/h-factor-os [2ms]
2026-05-17 03:54:02.980 [info] > git for-each-ref --sort -committerdate --format %(refname)%00%(objectname)%00%(*objectname) [2ms]
2026-05-17 03:54:04.663 [info] > git status -z -uall [1698ms] (cancelled)
2026-05-17 03:54:12.900 [info] > git check-ignore -v -z --stdin [10ms]
2026-05-17 03:54:12.927 [info] > git check-ignore -v -z --stdin [13ms]
2026-05-17 03:54:13.262 [info] > git check-ignore -v -z --stdin [6ms]
2026-05-17 03:54:13.288 [info] > git check-ignore -v -z --stdin [13ms]
2026-05-17 03:54:13.348 [info] > git check-ignore -v -z --stdin [4ms]
2026-05-17 03:54:13.864 [info] > git check-ignore -v -z --stdin [3ms]
2026-05-17 03:54:13.891 [info] > git check-ignore -v -z --stdin [12ms]
2026-05-17 03:54:14.741 [info] > git check-ignore -v -z --stdin [4ms]
2026-05-17 03:54:14.767 [info] > git check-ignore -v -z --stdin [13ms]
2026-05-17 03:54:16.300 [info] [Git][getRemotes] No remotes found in the git config file
2026-05-17 03:54:16.301 [info] > git config --get commit.template [14ms]
2026-05-17 03:54:16.301 [info] > git for-each-ref --format=%(refname)%00%(upstream:short)%00%(objectname)%00%(upstream:track)%00%(upstream:remotename)%00%(upstream:remoteref) refs/heads/master refs/remotes/master [1ms]
2026-05-17 03:54:16.328 [info] > git for-each-ref --sort -committerdate --format %(refname)%00%(objectname)%00%(*objectname) [1ms]
2026-05-17 03:54:16.353 [info] > git status -z -uall [39ms]
2026-05-17 03:54:24.778 [info] > git check-ignore -v -z --stdin [20ms]
2026-05-17 03:54:24.824 [info] > git check-ignore -v -z --stdin [3ms]
2026-05-17 03:54:24.996 [info] > git check-ignore -v -z --stdin [2ms]
2026-05-17 03:54:25.819 [info] > git check-ignore -v -z --stdin [15ms]
2026-05-17 03:54:25.821 [info] > git check-ignore -v -z --stdin [3ms]
2026-05-17 03:54:27.518 [info] > git config --get commit.template [1ms]
2026-05-17 03:54:27.526 [info] [Git][getRemotes] No remotes found in the git config file
2026-05-17 03:54:27.527 [info] > git for-each-ref --format=%(refname)%00%(upstream:short)%00%(objectname)%00%(upstream:track)%00%(upstream:remotename)%00%(upstream:remoteref) refs/heads/master refs/remotes/master [1ms]
2026-05-17 03:54:27.548 [info] > git for-each-ref --sort -committerdate --format %(refname)%00%(objectname)%00%(*objectname) [1ms]
2026-05-17 03:54:27.575 [info] > git status -z -uall [39ms]
2026-05-17 03:54:33.770 [info] > git config --get commit.template [1ms]
2026-05-17 03:54:33.783 [info] [Git][getRemotes] No remotes found in the git config file
2026-05-17 03:54:33.784 [info] > git for-each-ref --format=%(refname)%00%(upstream:short)%00%(objectname)%00%(upstream:track)%00%(upstream:remotename)%00%(upstream:remoteref) refs/heads/master refs/remotes/master [1ms]
2026-05-17 03:54:33.813 [info] > git for-each-ref --sort -committerdate --format %(refname)%00%(objectname)%00%(*objectname) [1ms]
2026-05-17 03:54:33.837 [info] > git status -z -uall [40ms]
2026-05-17 03:55:14.338 [info] [Git][getRemotes] No remotes found in the git config file
2026-05-17 03:55:14.338 [info] > git config --get commit.template [13ms]
2026-05-17 03:55:14.339 [info] > git for-each-ref --format=%(refname)%00%(upstream:short)%00%(objectname)%00%(upstream:track)%00%(upstream:remotename)%00%(upstream:remoteref) refs/heads/master refs/remotes/master [2ms]
2026-05-17 03:55:14.364 [info] > git for-each-ref --sort -committerdate --format %(refname)%00%(objectname)%00%(*objectname) [1ms]
2026-05-17 03:55:14.390 [info] > git status -z -uall [39ms]
2026-05-17 03:55:16.456 [info] > git fetch [5ms]
2026-05-17 03:55:16.480 [info] [Git][getRemotes] No remotes found in the git config file
2026-05-17 03:55:16.481 [info] > git config --get commit.template [13ms]
2026-05-17 03:55:16.481 [info] > git for-each-ref --format=%(refname)%00%(upstream:short)%00%(objectname)%00%(upstream:track)%00%(upstream:remotename)%00%(upstream:remoteref) refs/heads/master refs/remotes/master [1ms]
2026-05-17 03:55:16.506 [info] > git for-each-ref --sort -committerdate --format %(refname)%00%(objectname)%00%(*objectname) [2ms]
2026-05-17 03:55:16.531 [info] > git status -z -uall [38ms]
2026-05-17 03:55:19.418 [info] [Git][getRemotes] No remotes found in the git config file
2026-05-17 03:55:19.419 [info] > git config --get commit.template [13ms]
2026-05-17 03:55:19.419 [info] > git for-each-ref --format=%(refname)%00%(upstream:short)%00%(objectname)%00%(upstream:track)%00%(upstream:remotename)%00%(upstream:remoteref) refs/heads/master refs/remotes/master [1ms]
2026-05-17 03:55:19.446 [info] > git for-each-ref --sort -committerdate --format %(refname)%00%(objectname)%00%(*objectname) [2ms]
2026-05-17 03:55:19.470 [info] > git status -z -uall [38ms]
2026-05-17 03:57:03.993 [info] > git fetch [14ms]
2026-05-17 03:57:04.026 [info] [Git][getRemotes] No remotes found in the git config file
2026-05-17 03:57:04.027 [info] > git config --get commit.template [17ms]
2026-05-17 03:57:04.027 [info] > git for-each-ref --format=%(refname)%00%(upstream:short)%00%(objectname)%00%(upstream:track)%00%(upstream:remotename)%00%(upstream:remoteref) refs/heads/feat/h-factor-os refs/remotes/feat/h-factor-os [1ms]
2026-05-17 03:57:04.057 [info] > git for-each-ref --sort -committerdate --format %(refname)%00%(objectname)%00%(*objectname) [2ms]
2026-05-17 03:57:05.933 [info] > git status -z -uall [1893ms] (cancelled)
2026-05-17 03:58:16.552 [info] > git fetch [5ms]
2026-05-17 03:58:16.568 [info] > git config --get commit.template [2ms]
2026-05-17 03:58:16.581 [info] [Git][getRemotes] No remotes found in the git config file
2026-05-17 03:58:16.582 [info] > git for-each-ref --format=%(refname)%00%(upstream:short)%00%(objectname)%00%(upstream:track)%00%(upstream:remotename)%00%(upstream:remoteref) refs/heads/master refs/remotes/master [1ms]
2026-05-17 03:58:16.608 [info] > git for-each-ref --sort -committerdate --format %(refname)%00%(objectname)%00%(*objectname) [1ms]
2026-05-17 03:58:16.633 [info] > git status -z -uall [38ms]
2026-05-17 03:59:30.977 [info] [Git][getRemotes] No remotes found in the git config file
2026-05-17 03:59:30.977 [info] > git config --get commit.template [13ms]
2026-05-17 03:59:30.978 [info] > git for-each-ref --format=%(refname)%00%(upstream:short)%00%(objectname)%00%(upstream:track)%00%(upstream:remotename)%00%(upstream:remoteref) refs/heads/master refs/remotes/master [1ms]
2026-05-17 03:59:31.004 [info] > git for-each-ref --sort -committerdate --format %(refname)%00%(objectname)%00%(*objectname) [1ms]
2026-05-17 03:59:31.028 [info] > git status -z -uall [38ms]
2026-05-17 04:00:05.152 [info] > git fetch [14ms]
2026-05-17 04:00:05.179 [info] [Git][getRemotes] No remotes found in the git config file
2026-05-17 04:00:05.180 [info] > git config --get commit.template [14ms]
2026-05-17 04:00:05.180 [info] > git for-each-ref --format=%(refname)%00%(upstream:short)%00%(objectname)%00%(upstream:track)%00%(upstream:remotename)%00%(upstream:remoteref) refs/heads/feat/h-factor-os refs/remotes/feat/h-factor-os [1ms]
2026-05-17 04:00:05.211 [info] > git for-each-ref --sort -committerdate --format %(refname)%00%(objectname)%00%(*objectname) [1ms]
2026-05-17 04:00:07.072 [info] > git status -z -uall [1879ms] (cancelled)
2026-05-17 04:01:16.655 [info] > git fetch [6ms]
2026-05-17 04:01:16.682 [info] [Git][getRemotes] No remotes found in the git config file
2026-05-17 04:01:16.683 [info] > git config --get commit.template [13ms]
2026-05-17 04:01:16.683 [info] > git for-each-ref --format=%(refname)%00%(upstream:short)%00%(objectname)%00%(upstream:track)%00%(upstream:remotename)%00%(upstream:remoteref) refs/heads/master refs/remotes/master [1ms]
2026-05-17 04:01:16.709 [info] > git for-each-ref --sort -committerdate --format %(refname)%00%(objectname)%00%(*objectname) [1ms]
2026-05-17 04:01:16.734 [info] > git status -z -uall [38ms]
2026-05-17 04:01:17.876 [info] [Git][getRemotes] No remotes found in the git config file
2026-05-17 04:01:17.889 [info] > git config --get commit.template [14ms]
2026-05-17 04:01:17.890 [info] > git for-each-ref --format=%(refname)%00%(upstream:short)%00%(objectname)%00%(upstream:track)%00%(upstream:remotename)%00%(upstream:remoteref) refs/heads/master refs/remotes/master [1ms]
2026-05-17 04:01:17.917 [info] > git for-each-ref --sort -committerdate --format %(refname)%00%(objectname)%00%(*objectname) [2ms]
2026-05-17 04:01:17.940 [info] > git status -z -uall [38ms]
2026-05-17 04:01:36.399 [info] [Git][getRemotes] No remotes found in the git config file
2026-05-17 04:01:36.412 [info] > git for-each-ref --format=%(refname)%00%(upstream:short)%00%(objectname)%00%(upstream:track)%00%(upstream:remotename)%00%(upstream:remoteref) refs/heads/master refs/remotes/master [1ms]
2026-05-17 04:01:36.413 [info] > git config --get commit.template [14ms]
2026-05-17 04:01:36.439 [info] > git for-each-ref --sort -committerdate --format %(refname)%00%(objectname)%00%(*objectname) [1ms]
2026-05-17 04:01:36.463 [info] > git status -z -uall [38ms]
2026-05-17 04:02:23.354 [info] > git config --get commit.template [1ms]
2026-05-17 04:02:23.367 [info] [Git][getRemotes] No remotes found in the git config file
2026-05-17 04:02:23.368 [info] > git for-each-ref --format=%(refname)%00%(upstream:short)%00%(objectname)%00%(upstream:track)%00%(upstream:remotename)%00%(upstream:remoteref) refs/heads/master refs/remotes/master [1ms]
2026-05-17 04:02:23.395 [info] > git for-each-ref --sort -committerdate --format %(refname)%00%(objectname)%00%(*objectname) [1ms]
2026-05-17 04:02:23.418 [info] > git status -z -uall [37ms]
2026-05-17 04:02:34.699 [info] [Git][getRemotes] No remotes found in the git config file
2026-05-17 04:02:34.699 [info] > git config --get commit.template [13ms]
2026-05-17 04:02:34.700 [info] > git for-each-ref --format=%(refname)%00%(upstream:short)%00%(objectname)%00%(upstream:track)%00%(upstream:remotename)%00%(upstream:remoteref) refs/heads/master refs/remotes/master [2ms]
2026-05-17 04:02:34.727 [info] > git for-each-ref --sort -committerdate --format %(refname)%00%(objectname)%00%(*objectname) [2ms]
2026-05-17 04:02:34.750 [info] > git status -z -uall [37ms]
2026-05-17 04:02:39.780 [info] [Git][getRemotes] No remotes found in the git config file
2026-05-17 04:02:39.781 [info] > git for-each-ref --format=%(refname)%00%(upstream:short)%00%(objectname)%00%(upstream:track)%00%(upstream:remotename)%00%(upstream:remoteref) refs/heads/master refs/remotes/master [2ms]
2026-05-17 04:02:39.781 [info] > git config --get commit.template [14ms]
2026-05-17 04:02:39.808 [info] > git for-each-ref --sort -committerdate --format %(refname)%00%(objectname)%00%(*objectname) [1ms]
2026-05-17 04:02:39.832 [info] > git status -z -uall [37ms]
2026-05-17 04:02:56.221 [info] [Git][getRemotes] No remotes found in the git config file
2026-05-17 04:02:56.221 [info] > git config --get commit.template [13ms]
2026-05-17 04:02:56.222 [info] > git for-each-ref --format=%(refname)%00%(upstream:short)%00%(objectname)%00%(upstream:track)%00%(upstream:remotename)%00%(upstream:remoteref) refs/heads/master refs/remotes/master [2ms]
2026-05-17 04:02:56.248 [info] > git for-each-ref --sort -committerdate --format %(refname)%00%(objectname)%00%(*objectname) [1ms]
2026-05-17 04:02:56.258 [info] > git status -z -uall [24ms]
2026-05-17 04:03:06.346 [info] > git fetch [14ms]
2026-05-17 04:03:06.372 [info] [Git][getRemotes] No remotes found in the git config file
2026-05-17 04:03:06.373 [info] > git config --get commit.template [13ms]
2026-05-17 04:03:06.373 [info] > git for-each-ref --format=%(refname)%00%(upstream:short)%00%(objectname)%00%(upstream:track)%00%(upstream:remotename)%00%(upstream:remoteref) refs/heads/feat/h-factor-os refs/remotes/feat/h-factor-os [1ms]
2026-05-17 04:03:06.402 [info] > git for-each-ref --sort -committerdate --format %(refname)%00%(objectname)%00%(*objectname) [2ms]
2026-05-17 04:03:08.217 [info] > git status -z -uall [1831ms] (cancelled)
2026-05-17 04:03:10.857 [info] [Git][getRemotes] No remotes found in the git config file
2026-05-17 04:03:10.857 [info] > git config --get commit.template [13ms]
2026-05-17 04:03:10.858 [info] > git for-each-ref --format=%(refname)%00%(upstream:short)%00%(objectname)%00%(upstream:track)%00%(upstream:remotename)%00%(upstream:remoteref) refs/heads/master refs/remotes/master [1ms]
2026-05-17 04:03:10.883 [info] > git for-each-ref --sort -committerdate --format %(refname)%00%(objectname)%00%(*objectname) [2ms]
2026-05-17 04:03:10.894 [info] > git status -z -uall [24ms]
2026-05-17 04:03:24.606 [info] [Git][getRemotes] No remotes found in the git config file
2026-05-17 04:03:24.607 [info] > git config --get commit.template [13ms]
2026-05-17 04:03:24.607 [info] > git for-each-ref --format=%(refname)%00%(upstream:short)%00%(objectname)%00%(upstream:track)%00%(upstream:remotename)%00%(upstream:remoteref) refs/heads/master refs/remotes/master [1ms]
2026-05-17 04:03:24.633 [info] > git for-each-ref --sort -committerdate --format %(refname)%00%(objectname)%00%(*objectname) [1ms]
2026-05-17 04:03:24.645 [info] > git status -z -uall [26ms]
2026-05-17 04:03:31.264 [info] [Git][getRemotes] No remotes found in the git config file
2026-05-17 04:03:31.265 [info] > git config --get commit.template [14ms]
2026-05-17 04:03:31.265 [info] > git for-each-ref --format=%(refname)%00%(upstream:short)%00%(objectname)%00%(upstream:track)%00%(upstream:remotename)%00%(upstream:remoteref) refs/heads/master refs/remotes/master [1ms]
2026-05-17 04:03:31.292 [info] > git for-each-ref --sort -committerdate --format %(refname)%00%(objectname)%00%(*objectname) [1ms]
2026-05-17 04:03:31.302 [info] > git status -z -uall [25ms]
2026-05-17 04:03:36.344 [info] [Git][getRemotes] No remotes found in the git config file
2026-05-17 04:03:36.344 [info] > git config --get commit.template [12ms]
2026-05-17 04:03:36.345 [info] > git for-each-ref --format=%(refname)%00%(upstream:short)%00%(objectname)%00%(upstream:track)%00%(upstream:remotename)%00%(upstream:remoteref) refs/heads/master refs/remotes/master [1ms]
2026-05-17 04:03:36.372 [info] > git for-each-ref --sort -committerdate --format %(refname)%00%(objectname)%00%(*objectname) [1ms]
2026-05-17 04:03:36.396 [info] > git status -z -uall [40ms]
2026-05-17 04:03:42.836 [info] [Git][getRemotes] No remotes found in the git config file
2026-05-17 04:03:42.836 [info] > git config --get commit.template [13ms]
2026-05-17 04:03:42.837 [info] > git for-each-ref --format=%(refname)%00%(upstream:short)%00%(objectname)%00%(upstream:track)%00%(upstream:remotename)%00%(upstream:remoteref) refs/heads/master refs/remotes/master [1ms]
2026-05-17 04:03:42.862 [info] > git for-each-ref --sort -committerdate --format %(refname)%00%(objectname)%00%(*objectname) [1ms]
2026-05-17 04:03:42.887 [info] > git status -z -uall [39ms]
2026-05-17 04:03:47.918 [info] [Git][getRemotes] No remotes found in the git config file
2026-05-17 04:03:47.918 [info] > git config --get commit.template [15ms]
2026-05-17 04:03:47.919 [info] > git for-each-ref --format=%(refname)%00%(upstream:short)%00%(objectname)%00%(upstream:track)%00%(upstream:remotename)%00%(upstream:remoteref) refs/heads/master refs/remotes/master [2ms]
2026-05-17 04:03:47.946 [info] > git for-each-ref --sort -committerdate --format %(refname)%00%(objectname)%00%(*objectname) [2ms]
2026-05-17 04:03:47.973 [info] > git status -z -uall [41ms]
2026-05-17 04:03:53.742 [info] [Git][getRemotes] No remotes found in the git config file
2026-05-17 04:03:53.742 [info] > git config --get commit.template [13ms]
2026-05-17 04:03:53.743 [info] > git for-each-ref --format=%(refname)%00%(upstream:short)%00%(objectname)%00%(upstream:track)%00%(upstream:remotename)%00%(upstream:remoteref) refs/heads/master refs/remotes/master [1ms]
2026-05-17 04:03:53.768 [info] > git for-each-ref --sort -committerdate --format %(refname)%00%(objectname)%00%(*objectname) [1ms]
2026-05-17 04:03:53.792 [info] > git status -z -uall [38ms]
2026-05-17 04:04:06.216 [info] [Git][getRemotes] No remotes found in the git config file
2026-05-17 04:04:06.216 [info] > git config --get commit.template [14ms]
2026-05-17 04:04:06.217 [info] > git for-each-ref --format=%(refname)%00%(upstream:short)%00%(objectname)%00%(upstream:track)%00%(upstream:remotename)%00%(upstream:remoteref) refs/heads/master refs/remotes/master [1ms]
2026-05-17 04:04:06.240 [info] > git for-each-ref --sort -committerdate --format %(refname)%00%(objectname)%00%(*objectname) [1ms]
2026-05-17 04:04:06.266 [info] > git status -z -uall [38ms]
2026-05-17 04:04:11.284 [info] [Git][getRemotes] No remotes found in the git config file
2026-05-17 04:04:11.297 [info] > git config --get commit.template [13ms]
2026-05-17 04:04:11.298 [info] > git for-each-ref --format=%(refname)%00%(upstream:short)%00%(objectname)%00%(upstream:track)%00%(upstream:remotename)%00%(upstream:remoteref) refs/heads/master refs/remotes/master [1ms]
2026-05-17 04:04:11.325 [info] > git for-each-ref --sort -committerdate --format %(refname)%00%(objectname)%00%(*objectname) [2ms]
2026-05-17 04:04:11.350 [info] > git status -z -uall [39ms]
2026-05-17 04:04:16.756 [info] > git fetch [5ms]
2026-05-17 04:04:16.772 [info] > git config --get commit.template [1ms]
2026-05-17 04:04:16.784 [info] [Git][getRemotes] No remotes found in the git config file
2026-05-17 04:04:16.785 [info] > git for-each-ref --format=%(refname)%00%(upstream:short)%00%(objectname)%00%(upstream:track)%00%(upstream:remotename)%00%(upstream:remoteref) refs/heads/master refs/remotes/master [1ms]
2026-05-17 04:04:16.810 [info] > git for-each-ref --sort -committerdate --format %(refname)%00%(objectname)%00%(*objectname) [1ms]
2026-05-17 04:04:16.835 [info] > git status -z -uall [37ms]
2026-05-17 04:04:42.691 [info] [Git][getRemotes] No remotes found in the git config file
2026-05-17 04:04:42.691 [info] > git config --get commit.template [13ms]
2026-05-17 04:04:42.692 [info] > git for-each-ref --format=%(refname)%00%(upstream:short)%00%(objectname)%00%(upstream:track)%00%(upstream:remotename)%00%(upstream:remoteref) refs/heads/master refs/remotes/master [1ms]
2026-05-17 04:04:42.718 [info] > git for-each-ref --sort -committerdate --format %(refname)%00%(objectname)%00%(*objectname) [2ms]
2026-05-17 04:04:42.743 [info] > git status -z -uall [39ms]
2026-05-17 04:06:07.508 [info] > git fetch [13ms]
2026-05-17 04:06:07.528 [info] [Git][getRemotes] No remotes found in the git config file
2026-05-17 04:06:07.528 [info] > git config --get commit.template [10ms]
2026-05-17 04:06:07.529 [info] > git for-each-ref --format=%(refname)%00%(upstream:short)%00%(objectname)%00%(upstream:track)%00%(upstream:remotename)%00%(upstream:remoteref) refs/heads/feat/h-factor-os refs/remotes/feat/h-factor-os [1ms]
2026-05-17 04:06:07.551 [info] > git for-each-ref --sort -committerdate --format %(refname)%00%(objectname)%00%(*objectname) [2ms]
2026-05-17 04:06:07.893 [info] [Git][getRemotes] No remotes found in the git config file
2026-05-17 04:06:07.893 [info] > git config --get commit.template [13ms]
2026-05-17 04:06:07.894 [info] > git for-each-ref --format=%(refname)%00%(upstream:short)%00%(objectname)%00%(upstream:track)%00%(upstream:remotename)%00%(upstream:remoteref) refs/heads/master refs/remotes/master [1ms]
2026-05-17 04:06:07.918 [info] > git for-each-ref --sort -committerdate --format %(refname)%00%(objectname)%00%(*objectname) [1ms]
2026-05-17 04:06:07.945 [info] > git status -z -uall [39ms]
2026-05-17 04:06:09.429 [info] > git status -z -uall [1890ms] (cancelled)
2026-05-17 04:06:12.975 [info] [Git][getRemotes] No remotes found in the git config file
2026-05-17 04:06:12.976 [info] > git config --get commit.template [13ms]
2026-05-17 04:06:12.976 [info] > git for-each-ref --format=%(refname)%00%(upstream:short)%00%(objectname)%00%(upstream:track)%00%(upstream:remotename)%00%(upstream:remoteref) refs/heads/master refs/remotes/master [1ms]
2026-05-17 04:06:13.002 [info] > git for-each-ref --sort -committerdate --format %(refname)%00%(objectname)%00%(*objectname) [1ms]
2026-05-17 04:06:13.027 [info] > git status -z -uall [38ms]
2026-05-17 04:06:42.990 [info] [Git][getRemotes] No remotes found in the git config file
2026-05-17 04:06:42.991 [info] > git config --get commit.template [14ms]
2026-05-17 04:06:42.991 [info] > git for-each-ref --format=%(refname)%00%(upstream:short)%00%(objectname)%00%(upstream:track)%00%(upstream:remotename)%00%(upstream:remoteref) refs/heads/master refs/remotes/master [1ms]
2026-05-17 04:06:43.018 [info] > git for-each-ref --sort -committerdate --format %(refname)%00%(objectname)%00%(*objectname) [2ms]
2026-05-17 04:06:43.042 [info] > git status -z -uall [38ms]
2026-05-17 04:06:48.072 [info] [Git][getRemotes] No remotes found in the git config file
2026-05-17 04:06:48.072 [info] > git config --get commit.template [13ms]
2026-05-17 04:06:48.073 [info] > git for-each-ref --format=%(refname)%00%(upstream:short)%00%(objectname)%00%(upstream:track)%00%(upstream:remotename)%00%(upstream:remoteref) refs/heads/master refs/remotes/master [1ms]
2026-05-17 04:06:48.098 [info] > git for-each-ref --sort -committerdate --format %(refname)%00%(objectname)%00%(*objectname) [1ms]
2026-05-17 04:06:48.122 [info] > git status -z -uall [37ms]
2026-05-17 04:07:04.114 [info] [Git][getRemotes] No remotes found in the git config file
2026-05-17 04:07:04.114 [info] > git config --get commit.template [14ms]
2026-05-17 04:07:04.115 [info] > git for-each-ref --format=%(refname)%00%(upstream:short)%00%(objectname)%00%(upstream:track)%00%(upstream:remotename)%00%(upstream:remoteref) refs/heads/master refs/remotes/master [2ms]
2026-05-17 04:07:04.143 [info] > git for-each-ref --sort -committerdate --format %(refname)%00%(objectname)%00%(*objectname) [1ms]
2026-05-17 04:07:04.166 [info] > git status -z -uall [38ms]
2026-05-17 04:07:15.236 [info] > git config --get commit.template [1ms]
2026-05-17 04:07:15.249 [info] [Git][getRemotes] No remotes found in the git config file
2026-05-17 04:07:15.250 [info] > git for-each-ref --format=%(refname)%00%(upstream:short)%00%(objectname)%00%(upstream:track)%00%(upstream:remotename)%00%(upstream:remoteref) refs/heads/master refs/remotes/master [1ms]
2026-05-17 04:07:15.276 [info] > git for-each-ref --sort -committerdate --format %(refname)%00%(objectname)%00%(*objectname) [1ms]
2026-05-17 04:07:15.301 [info] > git status -z -uall [38ms]
2026-05-17 04:07:16.856 [info] > git fetch [6ms]
2026-05-17 04:07:16.867 [info] [Git][getRemotes] No remotes found in the git config file
2026-05-17 04:07:16.876 [info] > git config --get commit.template [10ms]
2026-05-17 04:07:16.877 [info] > git for-each-ref --format=%(refname)%00%(upstream:short)%00%(objectname)%00%(upstream:track)%00%(upstream:remotename)%00%(upstream:remoteref) refs/heads/master refs/remotes/master [1ms]
2026-05-17 04:07:16.898 [info] > git for-each-ref --sort -committerdate --format %(refname)%00%(objectname)%00%(*objectname) [2ms]
2026-05-17 04:07:16.924 [info] > git status -z -uall [38ms]
2026-05-17 04:07:20.331 [info] [Git][getRemotes] No remotes found in the git config file
2026-05-17 04:07:20.331 [info] > git config --get commit.template [14ms]
2026-05-17 04:07:20.332 [info] > git for-each-ref --format=%(refname)%00%(upstream:short)%00%(objectname)%00%(upstream:track)%00%(upstream:remotename)%00%(upstream:remoteref) refs/heads/master refs/remotes/master [1ms]
2026-05-17 04:07:20.357 [info] > git for-each-ref --sort -committerdate --format %(refname)%00%(objectname)%00%(*objectname) [1ms]
2026-05-17 04:07:20.382 [info] > git status -z -uall [38ms]
2026-05-17 04:09:08.689 [info] > git fetch [14ms]
2026-05-17 04:09:08.703 [info] [Git][getRemotes] No remotes found in the git config file
2026-05-17 04:09:08.716 [info] > git config --get commit.template [13ms]
2026-05-17 04:09:08.717 [info] > git for-each-ref --format=%(refname)%00%(upstream:short)%00%(objectname)%00%(upstream:track)%00%(upstream:remotename)%00%(upstream:remoteref) refs/heads/feat/h-factor-os refs/remotes/feat/h-factor-os [1ms]
2026-05-17 04:09:08.745 [info] > git for-each-ref --sort -committerdate --format %(refname)%00%(objectname)%00%(*objectname) [2ms]
2026-05-17 04:09:10.569 [info] > git status -z -uall [1840ms] (cancelled)
2026-05-17 04:10:16.944 [info] > git fetch [5ms]
2026-05-17 04:10:16.970 [info] [Git][getRemotes] No remotes found in the git config file
2026-05-17 04:10:16.970 [info] > git config --get commit.template [12ms]
2026-05-17 04:10:16.971 [info] > git for-each-ref --format=%(refname)%00%(upstream:short)%00%(objectname)%00%(upstream:track)%00%(upstream:remotename)%00%(upstream:remoteref) refs/heads/master refs/remotes/master [1ms]
2026-05-17 04:10:16.997 [info] > git for-each-ref --sort -committerdate --format %(refname)%00%(objectname)%00%(*objectname) [2ms]
2026-05-17 04:10:17.021 [info] > git status -z -uall [38ms]
2026-05-17 04:11:15.624 [info] [Git][getRemotes] No remotes found in the git config file
2026-05-17 04:11:15.624 [info] > git config --get commit.template [13ms]
2026-05-17 04:11:15.625 [info] > git for-each-ref --format=%(refname)%00%(upstream:short)%00%(objectname)%00%(upstream:track)%00%(upstream:remotename)%00%(upstream:remoteref) refs/heads/master refs/remotes/master [1ms]
2026-05-17 04:11:15.650 [info] > git for-each-ref --sort -committerdate --format %(refname)%00%(objectname)%00%(*objectname) [1ms]
2026-05-17 04:11:15.674 [info] > git status -z -uall [37ms]
2026-05-17 04:11:30.110 [info] [Git][getRemotes] No remotes found in the git config file
2026-05-17 04:11:30.110 [info] > git config --get commit.template [14ms]
2026-05-17 04:11:30.110 [info] > git for-each-ref --format=%(refname)%00%(upstream:short)%00%(objectname)%00%(upstream:track)%00%(upstream:remotename)%00%(upstream:remoteref) refs/heads/master refs/remotes/master [1ms]
2026-05-17 04:11:30.137 [info] > git for-each-ref --sort -committerdate --format %(refname)%00%(objectname)%00%(*objectname) [2ms]
2026-05-17 04:11:30.161 [info] > git status -z -uall [38ms]
2026-05-17 04:11:37.902 [info] [Git][getRemotes] No remotes found in the git config file
2026-05-17 04:11:37.903 [info] > git config --get commit.template [14ms]
2026-05-17 04:11:37.903 [info] > git for-each-ref --format=%(refname)%00%(upstream:short)%00%(objectname)%00%(upstream:track)%00%(upstream:remotename)%00%(upstream:remoteref) refs/heads/master refs/remotes/master [2ms]
2026-05-17 04:11:37.929 [info] > git for-each-ref --sort -committerdate --format %(refname)%00%(objectname)%00%(*objectname) [1ms]
2026-05-17 04:11:37.953 [info] > git status -z -uall [37ms]
2026-05-17 04:11:44.923 [info] [Git][getRemotes] No remotes found in the git config file
2026-05-17 04:11:44.923 [info] > git config --get commit.template [13ms]
2026-05-17 04:11:44.924 [info] > git for-each-ref --format=%(refname)%00%(upstream:short)%00%(objectname)%00%(upstream:track)%00%(upstream:remotename)%00%(upstream:remoteref) refs/heads/master refs/remotes/master [1ms]
2026-05-17 04:11:44.949 [info] > git for-each-ref --sort -committerdate --format %(refname)%00%(objectname)%00%(*objectname) [1ms]
2026-05-17 04:11:44.975 [info] > git status -z -uall [39ms]
2026-05-17 04:12:05.928 [info] [Git][getRemotes] No remotes found in the git config file
2026-05-17 04:12:05.929 [info] > git config --get commit.template [13ms]
2026-05-17 04:12:05.929 [info] > git for-each-ref --format=%(refname)%00%(upstream:short)%00%(objectname)%00%(upstream:track)%00%(upstream:remotename)%00%(upstream:remoteref) refs/heads/master refs/remotes/master [1ms]
2026-05-17 04:12:05.955 [info] > git for-each-ref --sort -committerdate --format %(refname)%00%(objectname)%00%(*objectname) [1ms]
2026-05-17 04:12:05.979 [info] > git status -z -uall [38ms]
2026-05-17 04:12:09.786 [info] > git fetch [14ms]
2026-05-17 04:12:09.811 [info] [Git][getRemotes] No remotes found in the git config file
2026-05-17 04:12:09.811 [info] > git config --get commit.template [13ms]
2026-05-17 04:12:09.812 [info] > git for-each-ref --format=%(refname)%00%(upstream:short)%00%(objectname)%00%(upstream:track)%00%(upstream:remotename)%00%(upstream:remoteref) refs/heads/feat/h-factor-os refs/remotes/feat/h-factor-os [1ms]
2026-05-17 04:12:09.840 [info] > git for-each-ref --sort -committerdate --format %(refname)%00%(objectname)%00%(*objectname) [2ms]
2026-05-17 04:12:11.615 [info] > git status -z -uall [1791ms] (cancelled)
2026-05-17 04:12:44.980 [info] [Git][getRemotes] No remotes found in the git config file
2026-05-17 04:12:44.981 [info] > git config --get commit.template [15ms]
2026-05-17 04:12:44.981 [info] > git for-each-ref --format=%(refname)%00%(upstream:short)%00%(objectname)%00%(upstream:track)%00%(upstream:remotename)%00%(upstream:remoteref) refs/heads/master refs/remotes/master [1ms]
2026-05-17 04:12:45.005 [info] > git for-each-ref --sort -committerdate --format %(refname)%00%(objectname)%00%(*objectname) [1ms]
2026-05-17 04:12:45.032 [info] > git status -z -uall [38ms]
2026-05-17 04:13:00.118 [info] [Git][getRemotes] No remotes found in the git config file
2026-05-17 04:13:00.119 [info] > git config --get commit.template [15ms]
2026-05-17 04:13:00.119 [info] > git for-each-ref --format=%(refname)%00%(upstream:short)%00%(objectname)%00%(upstream:track)%00%(upstream:remotename)%00%(upstream:remoteref) refs/heads/master refs/remotes/master [1ms]
2026-05-17 04:13:00.145 [info] > git for-each-ref --sort -committerdate --format %(refname)%00%(objectname)%00%(*objectname) [1ms]
2026-05-17 04:13:00.170 [info] > git status -z -uall [38ms]
2026-05-17 04:13:13.362 [info] [Git][getRemotes] No remotes found in the git config file
2026-05-17 04:13:13.363 [info] > git config --get commit.template [14ms]
2026-05-17 04:13:13.363 [info] > git for-each-ref --format=%(refname)%00%(upstream:short)%00%(objectname)%00%(upstream:track)%00%(upstream:remotename)%00%(upstream:remoteref) refs/heads/master refs/remotes/master [1ms]
2026-05-17 04:13:13.391 [info] > git for-each-ref --sort -committerdate --format %(refname)%00%(objectname)%00%(*objectname) [1ms]
2026-05-17 04:13:13.415 [info] > git status -z -uall [39ms]
2026-05-17 04:13:17.042 [info] > git fetch [6ms]
2026-05-17 04:13:17.067 [info] [Git][getRemotes] No remotes found in the git config file
2026-05-17 04:13:17.068 [info] > git config --get commit.template [13ms]
2026-05-17 04:13:17.068 [info] > git for-each-ref --format=%(refname)%00%(upstream:short)%00%(objectname)%00%(upstream:track)%00%(upstream:remotename)%00%(upstream:remoteref) refs/heads/master refs/remotes/master [1ms]
2026-05-17 04:13:17.095 [info] > git for-each-ref --sort -committerdate --format %(refname)%00%(objectname)%00%(*objectname) [2ms]
2026-05-17 04:13:17.120 [info] > git status -z -uall [40ms]
2026-05-17 04:13:18.445 [info] [Git][getRemotes] No remotes found in the git config file
2026-05-17 04:13:18.446 [info] > git config --get commit.template [13ms]
2026-05-17 04:13:18.447 [info] > git for-each-ref --format=%(refname)%00%(upstream:short)%00%(objectname)%00%(upstream:track)%00%(upstream:remotename)%00%(upstream:remoteref) refs/heads/master refs/remotes/master [1ms]
2026-05-17 04:13:18.473 [info] > git for-each-ref --sort -committerdate --format %(refname)%00%(objectname)%00%(*objectname) [2ms]
2026-05-17 04:13:18.497 [info] > git status -z -uall [38ms]
2026-05-17 04:13:33.209 [info] [Git][getRemotes] No remotes found in the git config file
2026-05-17 04:13:33.210 [info] > git config --get commit.template [14ms]
2026-05-17 04:13:33.211 [info] > git for-each-ref --format=%(refname)%00%(upstream:short)%00%(objectname)%00%(upstream:track)%00%(upstream:remotename)%00%(upstream:remoteref) refs/heads/master refs/remotes/master [2ms]
2026-05-17 04:13:33.239 [info] > git for-each-ref --sort -committerdate --format %(refname)%00%(objectname)%00%(*objectname) [1ms]
2026-05-17 04:13:33.263 [info] > git status -z -uall [39ms]
2026-05-17 04:13:38.292 [info] [Git][getRemotes] No remotes found in the git config file
2026-05-17 04:13:38.293 [info] > git config --get commit.template [13ms]
2026-05-17 04:13:38.293 [info] > git for-each-ref --format=%(refname)%00%(upstream:short)%00%(objectname)%00%(upstream:track)%00%(upstream:remotename)%00%(upstream:remoteref) refs/heads/master refs/remotes/master [1ms]
2026-05-17 04:13:38.320 [info] > git for-each-ref --sort -committerdate --format %(refname)%00%(objectname)%00%(*objectname) [1ms]
2026-05-17 04:13:38.344 [info] > git status -z -uall [38ms]
2026-05-17 04:14:00.293 [info] [Git][getRemotes] No remotes found in the git config file
2026-05-17 04:14:00.294 [info] > git config --get commit.template [14ms]
2026-05-17 04:14:00.294 [info] > git for-each-ref --format=%(refname)%00%(upstream:short)%00%(objectname)%00%(upstream:track)%00%(upstream:remotename)%00%(upstream:remoteref) refs/heads/master refs/remotes/master [1ms]
2026-05-17 04:14:00.321 [info] > git for-each-ref --sort -committerdate --format %(refname)%00%(objectname)%00%(*objectname) [2ms]
2026-05-17 04:14:00.344 [info] > git status -z -uall [38ms]
2026-05-17 04:14:14.505 [info] > git config --get commit.template [1ms]
2026-05-17 04:14:14.518 [info] [Git][getRemotes] No remotes found in the git config file
2026-05-17 04:14:14.519 [info] > git for-each-ref --format=%(refname)%00%(upstream:short)%00%(objectname)%00%(upstream:track)%00%(upstream:remotename)%00%(upstream:remoteref) refs/heads/master refs/remotes/master [1ms]
2026-05-17 04:14:14.545 [info] > git for-each-ref --sort -committerdate --format %(refname)%00%(objectname)%00%(*objectname) [1ms]
2026-05-17 04:14:14.570 [info] > git status -z -uall [38ms]
2026-05-17 04:14:22.375 [info] [Git][getRemotes] No remotes found in the git config file
2026-05-17 04:14:22.388 [info] > git config --get commit.template [13ms]
2026-05-17 04:14:22.388 [info] > git for-each-ref --format=%(refname)%00%(upstream:short)%00%(objectname)%00%(upstream:track)%00%(upstream:remotename)%00%(upstream:remoteref) refs/heads/master refs/remotes/master [1ms]
2026-05-17 04:14:22.414 [info] > git for-each-ref --sort -committerdate --format %(refname)%00%(objectname)%00%(*objectname) [1ms]
2026-05-17 04:14:22.438 [info] > git status -z -uall [37ms]
2026-05-17 04:14:33.432 [info] > git config --get commit.template [1ms]
2026-05-17 04:14:33.432 [info] [Git][getRemotes] No remotes found in the git config file
2026-05-17 04:14:33.446 [info] > git for-each-ref --format=%(refname)%00%(upstream:short)%00%(objectname)%00%(upstream:track)%00%(upstream:remotename)%00%(upstream:remoteref) refs/heads/master refs/remotes/master [1ms]
2026-05-17 04:14:33.471 [info] > git for-each-ref --sort -committerdate --format %(refname)%00%(objectname)%00%(*objectname) [1ms]
2026-05-17 04:14:33.496 [info] > git status -z -uall [38ms]
2026-05-17 04:14:41.010 [info] [Git][getRemotes] No remotes found in the git config file
2026-05-17 04:14:41.011 [info] > git config --get commit.template [15ms]
2026-05-17 04:14:41.011 [info] > git for-each-ref --format=%(refname)%00%(upstream:short)%00%(objectname)%00%(upstream:track)%00%(upstream:remotename)%00%(upstream:remoteref) refs/heads/master refs/remotes/master [1ms]
2026-05-17 04:14:41.038 [info] > git for-each-ref --sort -committerdate --format %(refname)%00%(objectname)%00%(*objectname) [1ms]
2026-05-17 04:14:41.064 [info] > git status -z -uall [40ms]
2026-05-17 04:14:49.430 [info] > git config --get commit.template [2ms]
2026-05-17 04:14:49.443 [info] [Git][getRemotes] No remotes found in the git config file
2026-05-17 04:14:49.444 [info] > git for-each-ref --format=%(refname)%00%(upstream:short)%00%(objectname)%00%(upstream:track)%00%(upstream:remotename)%00%(upstream:remoteref) refs/heads/master refs/remotes/master [1ms]
2026-05-17 04:14:49.471 [info] > git for-each-ref --sort -committerdate --format %(refname)%00%(objectname)%00%(*objectname) [1ms]
2026-05-17 04:14:49.496 [info] > git status -z -uall [39ms]
2026-05-17 04:14:57.672 [info] > git config --get commit.template [1ms]
2026-05-17 04:14:57.684 [info] [Git][getRemotes] No remotes found in the git config file
2026-05-17 04:14:57.685 [info] > git for-each-ref --format=%(refname)%00%(upstream:short)%00%(objectname)%00%(upstream:track)%00%(upstream:remotename)%00%(upstream:remoteref) refs/heads/master refs/remotes/master [1ms]
2026-05-17 04:14:57.710 [info] > git for-each-ref --sort -committerdate --format %(refname)%00%(objectname)%00%(*objectname) [1ms]
2026-05-17 04:14:57.735 [info] > git status -z -uall [38ms]
2026-05-17 04:15:06.108 [info] > git config --get commit.template [1ms]
2026-05-17 04:15:06.121 [info] [Git][getRemotes] No remotes found in the git config file
2026-05-17 04:15:06.121 [info] > git for-each-ref --format=%(refname)%00%(upstream:short)%00%(objectname)%00%(upstream:track)%00%(upstream:remotename)%00%(upstream:remoteref) refs/heads/master refs/remotes/master [1ms]
2026-05-17 04:15:06.147 [info] > git for-each-ref --sort -committerdate --format %(refname)%00%(objectname)%00%(*objectname) [1ms]
2026-05-17 04:15:06.172 [info] > git status -z -uall [38ms]
2026-05-17 04:15:10.922 [info] > git fetch [13ms]
2026-05-17 04:15:10.948 [info] [Git][getRemotes] No remotes found in the git config file
2026-05-17 04:15:10.948 [info] > git config --get commit.template [13ms]
2026-05-17 04:15:10.949 [info] > git for-each-ref --format=%(refname)%00%(upstream:short)%00%(objectname)%00%(upstream:track)%00%(upstream:remotename)%00%(upstream:remoteref) refs/heads/feat/h-factor-os refs/remotes/feat/h-factor-os [1ms]
2026-05-17 04:15:10.976 [info] > git for-each-ref --sort -committerdate --format %(refname)%00%(objectname)%00%(*objectname) [1ms]
2026-05-17 04:15:12.703 [info] > git status -z -uall [1742ms] (cancelled)
2026-05-17 04:15:13.738 [info] [Git][getRemotes] No remotes found in the git config file
2026-05-17 04:15:13.738 [info] > git config --get commit.template [16ms]
2026-05-17 04:15:13.739 [info] > git for-each-ref --format=%(refname)%00%(upstream:short)%00%(objectname)%00%(upstream:track)%00%(upstream:remotename)%00%(upstream:remoteref) refs/heads/master refs/remotes/master [1ms]
2026-05-17 04:15:13.777 [info] > git for-each-ref --sort -committerdate --format %(refname)%00%(objectname)%00%(*objectname) [8ms]
2026-05-17 04:15:13.793 [info] > git status -z -uall [39ms]
2026-05-17 04:15:22.657 [info] > git config --get commit.template [2ms]
2026-05-17 04:15:22.657 [info] [Git][getRemotes] No remotes found in the git config file
2026-05-17 04:15:22.673 [info] > git for-each-ref --format=%(refname)%00%(upstream:short)%00%(objectname)%00%(upstream:track)%00%(upstream:remotename)%00%(upstream:remoteref) refs/heads/master refs/remotes/master [1ms]
2026-05-17 04:15:22.705 [info] > git for-each-ref --sort -committerdate --format %(refname)%00%(objectname)%00%(*objectname) [1ms]
2026-05-17 04:15:22.728 [info] > git status -z -uall [39ms]
2026-05-17 04:16:05.551 [info] > git config --get commit.template [1ms]
2026-05-17 04:16:05.564 [info] [Git][getRemotes] No remotes found in the git config file
2026-05-17 04:16:05.566 [info] > git for-each-ref --format=%(refname)%00%(upstream:short)%00%(objectname)%00%(upstream:track)%00%(upstream:remotename)%00%(upstream:remoteref) refs/heads/master refs/remotes/master [2ms]
2026-05-17 04:16:05.593 [info] > git for-each-ref --sort -committerdate --format %(refname)%00%(objectname)%00%(*objectname) [1ms]
2026-05-17 04:16:05.617 [info] > git status -z -uall [38ms]
2026-05-17 04:16:17.142 [info] > git fetch [6ms]
2026-05-17 04:16:17.156 [info] [Git][getRemotes] No remotes found in the git config file
2026-05-17 04:16:17.168 [info] > git config --get commit.template [13ms]
2026-05-17 04:16:17.169 [info] > git for-each-ref --format=%(refname)%00%(upstream:short)%00%(objectname)%00%(upstream:track)%00%(upstream:remotename)%00%(upstream:remoteref) refs/heads/master refs/remotes/master [1ms]
2026-05-17 04:16:17.194 [info] > git for-each-ref --sort -committerdate --format %(refname)%00%(objectname)%00%(*objectname) [1ms]
2026-05-17 04:16:17.221 [info] > git status -z -uall [40ms]
2026-05-17 04:16:18.376 [info] [Git][getRemotes] No remotes found in the git config file
2026-05-17 04:16:18.377 [info] > git config --get commit.template [13ms]
2026-05-17 04:16:18.377 [info] > git for-each-ref --format=%(refname)%00%(upstream:short)%00%(objectname)%00%(upstream:track)%00%(upstream:remotename)%00%(upstream:remoteref) refs/heads/master refs/remotes/master [1ms]
2026-05-17 04:16:18.403 [info] > git for-each-ref --sort -committerdate --format %(refname)%00%(objectname)%00%(*objectname) [2ms]
2026-05-17 04:16:18.428 [info] > git status -z -uall [39ms]
2026-05-17 04:16:39.938 [info] [Git][getRemotes] No remotes found in the git config file
2026-05-17 04:16:39.938 [info] > git config --get commit.template [13ms]
2026-05-17 04:16:39.939 [info] > git for-each-ref --format=%(refname)%00%(upstream:short)%00%(objectname)%00%(upstream:track)%00%(upstream:remotename)%00%(upstream:remoteref) refs/heads/master refs/remotes/master [1ms]
2026-05-17 04:16:39.965 [info] > git for-each-ref --sort -committerdate --format %(refname)%00%(objectname)%00%(*objectname) [1ms]
2026-05-17 04:16:39.990 [info] > git status -z -uall [39ms]
2026-05-17 04:16:45.019 [info] [Git][getRemotes] No remotes found in the git config file
2026-05-17 04:16:45.019 [info] > git config --get commit.template [13ms]
2026-05-17 04:16:45.020 [info] > git for-each-ref --format=%(refname)%00%(upstream:short)%00%(objectname)%00%(upstream:track)%00%(upstream:remotename)%00%(upstream:remoteref) refs/heads/master refs/remotes/master [1ms]
2026-05-17 04:16:45.047 [info] > git for-each-ref --sort -committerdate --format %(refname)%00%(objectname)%00%(*objectname) [1ms]
2026-05-17 04:16:45.071 [info] > git status -z -uall [38ms]
2026-05-17 04:16:56.051 [info] > git config --get commit.template [1ms]
2026-05-17 04:16:56.051 [info] [Git][getRemotes] No remotes found in the git config file
2026-05-17 04:16:56.064 [info] > git for-each-ref --format=%(refname)%00%(upstream:short)%00%(objectname)%00%(upstream:track)%00%(upstream:remotename)%00%(upstream:remoteref) refs/heads/master refs/remotes/master [1ms]
2026-05-17 04:16:56.091 [info] > git for-each-ref --sort -committerdate --format %(refname)%00%(objectname)%00%(*objectname) [2ms]
2026-05-17 04:16:56.115 [info] > git status -z -uall [39ms]
2026-05-17 04:17:08.632 [info] > git config --get commit.template [1ms]
2026-05-17 04:17:08.645 [info] [Git][getRemotes] No remotes found in the git config file
2026-05-17 04:17:08.646 [info] > git for-each-ref --format=%(refname)%00%(upstream:short)%00%(objectname)%00%(upstream:track)%00%(upstream:remotename)%00%(upstream:remoteref) refs/heads/master refs/remotes/master [1ms]
2026-05-17 04:17:08.672 [info] > git for-each-ref --sort -committerdate --format %(refname)%00%(objectname)%00%(*objectname) [2ms]
2026-05-17 04:17:08.697 [info] > git status -z -uall [38ms]
2026-05-17 04:17:20.409 [info] > git config --get commit.template [2ms]
2026-05-17 04:17:20.421 [info] [Git][getRemotes] No remotes found in the git config file
2026-05-17 04:17:20.422 [info] > git for-each-ref --format=%(refname)%00%(upstream:short)%00%(objectname)%00%(upstream:track)%00%(upstream:remotename)%00%(upstream:remoteref) refs/heads/master refs/remotes/master [1ms]
2026-05-17 04:17:20.449 [info] > git for-each-ref --sort -committerdate --format %(refname)%00%(objectname)%00%(*objectname) [1ms]
2026-05-17 04:17:20.474 [info] > git status -z -uall [39ms]
2026-05-17 04:17:37.028 [info] [Git][getRemotes] No remotes found in the git config file
2026-05-17 04:17:37.029 [info] > git config --get commit.template [15ms]
2026-05-17 04:17:37.029 [info] > git for-each-ref --format=%(refname)%00%(upstream:short)%00%(objectname)%00%(upstream:track)%00%(upstream:remotename)%00%(upstream:remoteref) refs/heads/master refs/remotes/master [1ms]
2026-05-17 04:17:37.058 [info] > git for-each-ref --sort -committerdate --format %(refname)%00%(objectname)%00%(*objectname) [1ms]
2026-05-17 04:17:37.090 [info] > git status -z -uall [47ms]
2026-05-17 04:18:07.844 [info] > git config --get commit.template [2ms]
2026-05-17 04:18:07.857 [info] [Git][getRemotes] No remotes found in the git config file
2026-05-17 04:18:07.857 [info] > git for-each-ref --format=%(refname)%00%(upstream:short)%00%(objectname)%00%(upstream:track)%00%(upstream:remotename)%00%(upstream:remoteref) refs/heads/master refs/remotes/master [1ms]
2026-05-17 04:18:07.883 [info] > git for-each-ref --sort -committerdate --format %(refname)%00%(objectname)%00%(*objectname) [1ms]
2026-05-17 04:18:07.907 [info] > git status -z -uall [37ms]
2026-05-17 04:18:12.026 [info] > git fetch [13ms]
2026-05-17 04:18:12.052 [info] [Git][getRemotes] No remotes found in the git config file
2026-05-17 04:18:12.052 [info] > git config --get commit.template [12ms]
2026-05-17 04:18:12.053 [info] > git for-each-ref --format=%(refname)%00%(upstream:short)%00%(objectname)%00%(upstream:track)%00%(upstream:remotename)%00%(upstream:remoteref) refs/heads/feat/h-factor-os refs/remotes/feat/h-factor-os [1ms]
2026-05-17 04:18:12.080 [info] > git for-each-ref --sort -committerdate --format %(refname)%00%(objectname)%00%(*objectname) [2ms]
2026-05-17 04:18:13.807 [info] > git status -z -uall [1742ms] (cancelled)
2026-05-17 04:18:25.419 [info] [Git][getRemotes] No remotes found in the git config file
2026-05-17 04:18:25.420 [info] > git config --get commit.template [14ms]
2026-05-17 04:18:25.420 [info] > git for-each-ref --format=%(refname)%00%(upstream:short)%00%(objectname)%00%(upstream:track)%00%(upstream:remotename)%00%(upstream:remoteref) refs/heads/master refs/remotes/master [1ms]
2026-05-17 04:18:25.447 [info] > git for-each-ref --sort -committerdate --format %(refname)%00%(objectname)%00%(*objectname) [1ms]
2026-05-17 04:18:25.471 [info] > git status -z -uall [38ms]
2026-05-17 04:18:39.291 [info] > git config --get commit.template [0ms]
2026-05-17 04:18:39.308 [info] [Git][getRemotes] No remotes found in the git config file
2026-05-17 04:18:39.309 [info] > git for-each-ref --format=%(refname)%00%(upstream:short)%00%(objectname)%00%(upstream:track)%00%(upstream:remotename)%00%(upstream:remoteref) refs/heads/master refs/remotes/master [1ms]
2026-05-17 04:18:39.348 [info] > git for-each-ref --sort -committerdate --format %(refname)%00%(objectname)%00%(*objectname) [4ms]
2026-05-17 04:18:39.389 [info] > git status -z -uall [64ms]
2026-05-17 04:18:44.419 [info] [Git][getRemotes] No remotes found in the git config file
2026-05-17 04:18:44.420 [info] > git config --get commit.template [13ms]
2026-05-17 04:18:44.420 [info] > git for-each-ref --format=%(refname)%00%(upstream:short)%00%(objectname)%00%(upstream:track)%00%(upstream:remotename)%00%(upstream:remoteref) refs/heads/master refs/remotes/master [1ms]
2026-05-17 04:18:44.446 [info] > git for-each-ref --sort -committerdate --format %(refname)%00%(objectname)%00%(*objectname) [2ms]
2026-05-17 04:18:44.471 [info] > git status -z -uall [39ms]
2026-05-17 04:18:49.501 [info] [Git][getRemotes] No remotes found in the git config file
2026-05-17 04:18:49.502 [info] > git config --get commit.template [14ms]
2026-05-17 04:18:49.503 [info] > git for-each-ref --format=%(refname)%00%(upstream:short)%00%(objectname)%00%(upstream:track)%00%(upstream:remotename)%00%(upstream:remoteref) refs/heads/master refs/remotes/master [2ms]
2026-05-17 04:18:49.528 [info] > git for-each-ref --sort -committerdate --format %(refname)%00%(objectname)%00%(*objectname) [2ms]
2026-05-17 04:18:49.554 [info] > git status -z -uall [39ms]
2026-05-17 04:19:17.245 [info] > git fetch [5ms]
2026-05-17 04:19:17.272 [info] [Git][getRemotes] No remotes found in the git config file
2026-05-17 04:19:17.272 [info] > git config --get commit.template [13ms]
2026-05-17 04:19:17.273 [info] > git for-each-ref --format=%(refname)%00%(upstream:short)%00%(objectname)%00%(upstream:track)%00%(upstream:remotename)%00%(upstream:remoteref) refs/heads/master refs/remotes/master [1ms]
2026-05-17 04:19:17.299 [info] > git for-each-ref --sort -committerdate --format %(refname)%00%(objectname)%00%(*objectname) [1ms]
2026-05-17 04:19:17.323 [info] > git status -z -uall [37ms]
2026-05-17 04:19:24.097 [info] > git config --get commit.template [2ms]
2026-05-17 04:19:24.110 [info] [Git][getRemotes] No remotes found in the git config file
2026-05-17 04:19:24.112 [info] > git for-each-ref --format=%(refname)%00%(upstream:short)%00%(objectname)%00%(upstream:track)%00%(upstream:remotename)%00%(upstream:remoteref) refs/heads/master refs/remotes/master [2ms]
2026-05-17 04:19:24.137 [info] > git for-each-ref --sort -committerdate --format %(refname)%00%(objectname)%00%(*objectname) [1ms]
2026-05-17 04:19:24.163 [info] > git status -z -uall [39ms]
2026-05-17 04:19:32.047 [info] [Git][getRemotes] No remotes found in the git config file
2026-05-17 04:19:32.048 [info] > git config --get commit.template [13ms]
2026-05-17 04:19:32.048 [info] > git for-each-ref --format=%(refname)%00%(upstream:short)%00%(objectname)%00%(upstream:track)%00%(upstream:remotename)%00%(upstream:remoteref) refs/heads/master refs/remotes/master [1ms]
2026-05-17 04:19:32.075 [info] > git for-each-ref --sort -committerdate --format %(refname)%00%(objectname)%00%(*objectname) [1ms]
2026-05-17 04:19:32.100 [info] > git status -z -uall [38ms]
2026-05-17 04:19:37.129 [info] [Git][getRemotes] No remotes found in the git config file
2026-05-17 04:19:37.130 [info] > git config --get commit.template [14ms]
2026-05-17 04:19:37.130 [info] > git for-each-ref --format=%(refname)%00%(upstream:short)%00%(objectname)%00%(upstream:track)%00%(upstream:remotename)%00%(upstream:remoteref) refs/heads/master refs/remotes/master [1ms]
2026-05-17 04:19:37.156 [info] > git for-each-ref --sort -committerdate --format %(refname)%00%(objectname)%00%(*objectname) [1ms]
2026-05-17 04:19:37.181 [info] > git status -z -uall [38ms]
2026-05-17 04:19:42.211 [info] [Git][getRemotes] No remotes found in the git config file
2026-05-17 04:19:42.212 [info] > git config --get commit.template [14ms]
2026-05-17 04:19:42.212 [info] > git for-each-ref --format=%(refname)%00%(upstream:short)%00%(objectname)%00%(upstream:track)%00%(upstream:remotename)%00%(upstream:remoteref) refs/heads/master refs/remotes/master [1ms]
2026-05-17 04:19:42.245 [info] > git for-each-ref --sort -committerdate --format %(refname)%00%(objectname)%00%(*objectname) [2ms]
2026-05-17 04:19:42.266 [info] > git status -z -uall [38ms]
2026-05-17 04:19:47.285 [info] [Git][getRemotes] No remotes found in the git config file
2026-05-17 04:19:47.299 [info] > git for-each-ref --format=%(refname)%00%(upstream:short)%00%(objectname)%00%(upstream:track)%00%(upstream:remotename)%00%(upstream:remoteref) refs/heads/master refs/remotes/master [1ms]
2026-05-17 04:19:47.299 [info] > git config --get commit.template [15ms]
2026-05-17 04:19:47.325 [info] > git for-each-ref --sort -committerdate --format %(refname)%00%(objectname)%00%(*objectname) [1ms]
2026-05-17 04:19:47.350 [info] > git status -z -uall [38ms]
2026-05-17 04:19:52.368 [info] > git config --get commit.template [2ms]
2026-05-17 04:19:52.381 [info] [Git][getRemotes] No remotes found in the git config file
2026-05-17 04:19:52.382 [info] > git for-each-ref --format=%(refname)%00%(upstream:short)%00%(objectname)%00%(upstream:track)%00%(upstream:remotename)%00%(upstream:remoteref) refs/heads/master refs/remotes/master [1ms]
2026-05-17 04:19:52.407 [info] > git for-each-ref --sort -committerdate --format %(refname)%00%(objectname)%00%(*objectname) [1ms]
2026-05-17 04:19:52.432 [info] > git status -z -uall [38ms]
2026-05-17 04:19:57.463 [info] [Git][getRemotes] No remotes found in the git config file
2026-05-17 04:19:57.464 [info] > git config --get commit.template [14ms]
2026-05-17 04:19:57.464 [info] > git for-each-ref --format=%(refname)%00%(upstream:short)%00%(objectname)%00%(upstream:track)%00%(upstream:remotename)%00%(upstream:remoteref) refs/heads/master refs/remotes/master [1ms]
2026-05-17 04:19:57.490 [info] > git for-each-ref --sort -committerdate --format %(refname)%00%(objectname)%00%(*objectname) [1ms]
2026-05-17 04:19:57.515 [info] > git status -z -uall [38ms]
2026-05-17 04:20:02.535 [info] > git config --get commit.template [2ms]
2026-05-17 04:20:02.548 [info] [Git][getRemotes] No remotes found in the git config file
2026-05-17 04:20:02.549 [info] > git for-each-ref --format=%(refname)%00%(upstream:short)%00%(objectname)%00%(upstream:track)%00%(upstream:remotename)%00%(upstream:remoteref) refs/heads/master refs/remotes/master [1ms]
2026-05-17 04:20:02.575 [info] > git for-each-ref --sort -committerdate --format %(refname)%00%(objectname)%00%(*objectname) [1ms]
2026-05-17 04:20:02.599 [info] > git status -z -uall [38ms]
2026-05-17 04:20:13.407 [info] [Git][getRemotes] No remotes found in the git config file
2026-05-17 04:20:13.408 [info] > git config --get commit.template [14ms]
2026-05-17 04:20:13.408 [info] > git for-each-ref --format=%(refname)%00%(upstream:short)%00%(objectname)%00%(upstream:track)%00%(upstream:remotename)%00%(upstream:remoteref) refs/heads/master refs/remotes/master [1ms]
2026-05-17 04:20:13.434 [info] > git for-each-ref --sort -committerdate --format %(refname)%00%(objectname)%00%(*objectname) [1ms]
2026-05-17 04:20:13.459 [info] > git status -z -uall [39ms]
2026-05-17 04:20:23.355 [info] [Git][getRemotes] No remotes found in the git config file
2026-05-17 04:20:23.356 [info] > git config --get commit.template [14ms]
2026-05-17 04:20:23.356 [info] > git for-each-ref --format=%(refname)%00%(upstream:short)%00%(objectname)%00%(upstream:track)%00%(upstream:remotename)%00%(upstream:remoteref) refs/heads/master refs/remotes/master [1ms]
2026-05-17 04:20:23.382 [info] > git for-each-ref --sort -committerdate --format %(refname)%00%(objectname)%00%(*objectname) [1ms]
2026-05-17 04:20:23.407 [info] > git status -z -uall [39ms]
2026-05-17 04:20:29.506 [info] > git config --get commit.template [2ms]
2026-05-17 04:20:29.520 [info] [Git][getRemotes] No remotes found in the git config file
2026-05-17 04:20:29.521 [info] > git for-each-ref --format=%(refname)%00%(upstream:short)%00%(objectname)%00%(upstream:track)%00%(upstream:remotename)%00%(upstream:remoteref) refs/heads/master refs/remotes/master [1ms]
2026-05-17 04:20:29.550 [info] > git for-each-ref --sort -committerdate --format %(refname)%00%(objectname)%00%(*objectname) [1ms]
2026-05-17 04:20:29.572 [info] > git status -z -uall [38ms]
2026-05-17 04:20:34.593 [info] > git config --get commit.template [1ms]
2026-05-17 04:20:34.606 [info] [Git][getRemotes] No remotes found in the git config file
2026-05-17 04:20:34.607 [info] > git for-each-ref --format=%(refname)%00%(upstream:short)%00%(objectname)%00%(upstream:track)%00%(upstream:remotename)%00%(upstream:remoteref) refs/heads/master refs/remotes/master [1ms]
2026-05-17 04:20:34.633 [info] > git for-each-ref --sort -committerdate --format %(refname)%00%(objectname)%00%(*objectname) [2ms]
2026-05-17 04:20:34.657 [info] > git status -z -uall [39ms]
2026-05-17 04:20:43.454 [info] [Git][getRemotes] No remotes found in the git config file
2026-05-17 04:20:43.454 [info] > git config --get commit.template [14ms]
2026-05-17 04:20:43.455 [info] > git for-each-ref --format=%(refname)%00%(upstream:short)%00%(objectname)%00%(upstream:track)%00%(upstream:remotename)%00%(upstream:remoteref) refs/heads/master refs/remotes/master [2ms]
2026-05-17 04:20:43.482 [info] > git for-each-ref --sort -committerdate --format %(refname)%00%(objectname)%00%(*objectname) [1ms]
2026-05-17 04:20:43.514 [info] > git status -z -uall [47ms]
2026-05-17 04:20:48.535 [info] > git config --get commit.template [2ms]
2026-05-17 04:20:48.549 [info] [Git][getRemotes] No remotes found in the git config file
2026-05-17 04:20:48.550 [info] > git for-each-ref --format=%(refname)%00%(upstream:short)%00%(objectname)%00%(upstream:track)%00%(upstream:remotename)%00%(upstream:remoteref) refs/heads/master refs/remotes/master [1ms]
2026-05-17 04:20:48.577 [info] > git for-each-ref --sort -committerdate --format %(refname)%00%(objectname)%00%(*objectname) [1ms]
2026-05-17 04:20:48.602 [info] > git status -z -uall [39ms]
2026-05-17 04:21:08.523 [info] [Git][getRemotes] No remotes found in the git config file
2026-05-17 04:21:08.523 [info] > git config --get commit.template [15ms]
2026-05-17 04:21:08.524 [info] > git for-each-ref --format=%(refname)%00%(upstream:short)%00%(objectname)%00%(upstream:track)%00%(upstream:remotename)%00%(upstream:remoteref) refs/heads/master refs/remotes/master [1ms]
2026-05-17 04:21:08.550 [info] > git for-each-ref --sort -committerdate --format %(refname)%00%(objectname)%00%(*objectname) [1ms]
2026-05-17 04:21:08.577 [info] > git status -z -uall [39ms]
2026-05-17 04:21:13.122 [info] > git fetch [14ms]
2026-05-17 04:21:13.148 [info] [Git][getRemotes] No remotes found in the git config file
2026-05-17 04:21:13.150 [info] > git for-each-ref --format=%(refname)%00%(upstream:short)%00%(objectname)%00%(upstream:track)%00%(upstream:remotename)%00%(upstream:remoteref) refs/heads/feat/h-factor-os refs/remotes/feat/h-factor-os [2ms]
2026-05-17 04:21:13.150 [info] > git config --get commit.template [15ms]
2026-05-17 04:21:13.178 [info] > git for-each-ref --sort -committerdate --format %(refname)%00%(objectname)%00%(*objectname) [2ms]
2026-05-17 04:21:14.978 [info] > git status -z -uall [1815ms] (cancelled)
2026-05-17 04:21:21.295 [info] [Git][getRemotes] No remotes found in the git config file
2026-05-17 04:21:21.296 [info] > git config --get commit.template [14ms]
2026-05-17 04:21:21.296 [info] > git for-each-ref --format=%(refname)%00%(upstream:short)%00%(objectname)%00%(upstream:track)%00%(upstream:remotename)%00%(upstream:remoteref) refs/heads/master refs/remotes/master [1ms]
2026-05-17 04:21:21.322 [info] > git for-each-ref --sort -committerdate --format %(refname)%00%(objectname)%00%(*objectname) [1ms]
2026-05-17 04:21:21.349 [info] > git status -z -uall [39ms]
2026-05-17 04:21:26.381 [info] [Git][getRemotes] No remotes found in the git config file
2026-05-17 04:21:26.381 [info] > git config --get commit.template [13ms]
2026-05-17 04:21:26.382 [info] > git for-each-ref --format=%(refname)%00%(upstream:short)%00%(objectname)%00%(upstream:track)%00%(upstream:remotename)%00%(upstream:remoteref) refs/heads/master refs/remotes/master [1ms]
2026-05-17 04:21:26.405 [info] > git for-each-ref --sort -committerdate --format %(refname)%00%(objectname)%00%(*objectname) [2ms]
2026-05-17 04:21:26.433 [info] > git status -z -uall [40ms]
2026-05-17 04:21:31.462 [info] [Git][getRemotes] No remotes found in the git config file
2026-05-17 04:21:31.463 [info] > git config --get commit.template [13ms]
2026-05-17 04:21:31.463 [info] > git for-each-ref --format=%(refname)%00%(upstream:short)%00%(objectname)%00%(upstream:track)%00%(upstream:remotename)%00%(upstream:remoteref) refs/heads/master refs/remotes/master [1ms]
2026-05-17 04:21:31.485 [info] > git for-each-ref --sort -committerdate --format %(refname)%00%(objectname)%00%(*objectname) [1ms]
2026-05-17 04:21:31.512 [info] > git status -z -uall [39ms]
2026-05-17 04:21:36.541 [info] [Git][getRemotes] No remotes found in the git config file
2026-05-17 04:21:36.541 [info] > git config --get commit.template [13ms]
2026-05-17 04:21:36.542 [info] > git for-each-ref --format=%(refname)%00%(upstream:short)%00%(objectname)%00%(upstream:track)%00%(upstream:remotename)%00%(upstream:remoteref) refs/heads/master refs/remotes/master [1ms]
2026-05-17 04:21:36.566 [info] > git for-each-ref --sort -committerdate --format %(refname)%00%(objectname)%00%(*objectname) [2ms]
2026-05-17 04:21:36.591 [info] > git status -z -uall [39ms]
2026-05-17 04:21:41.617 [info] [Git][getRemotes] No remotes found in the git config file
2026-05-17 04:21:41.618 [info] > git config --get commit.template [11ms]
2026-05-17 04:21:41.618 [info] > git for-each-ref --format=%(refname)%00%(upstream:short)%00%(objectname)%00%(upstream:track)%00%(upstream:remotename)%00%(upstream:remoteref) refs/heads/master refs/remotes/master [1ms]
2026-05-17 04:21:41.640 [info] > git for-each-ref --sort -committerdate --format %(refname)%00%(objectname)%00%(*objectname) [2ms]
2026-05-17 04:21:41.668 [info] > git status -z -uall [40ms]
2026-05-17 04:21:46.697 [info] [Git][getRemotes] No remotes found in the git config file
2026-05-17 04:21:46.697 [info] > git config --get commit.template [11ms]
2026-05-17 04:21:46.698 [info] > git for-each-ref --format=%(refname)%00%(upstream:short)%00%(objectname)%00%(upstream:track)%00%(upstream:remotename)%00%(upstream:remoteref) refs/heads/master refs/remotes/master [1ms]
2026-05-17 04:21:46.720 [info] > git for-each-ref --sort -committerdate --format %(refname)%00%(objectname)%00%(*objectname) [2ms]
2026-05-17 04:21:46.747 [info] > git status -z -uall [39ms]
2026-05-17 04:21:55.303 [info] [Git][getRemotes] No remotes found in the git config file
2026-05-17 04:21:55.303 [info] > git config --get commit.template [10ms]
2026-05-17 04:21:55.304 [info] > git for-each-ref --format=%(refname)%00%(upstream:short)%00%(objectname)%00%(upstream:track)%00%(upstream:remotename)%00%(upstream:remoteref) refs/heads/master refs/remotes/master [1ms]
2026-05-17 04:21:55.325 [info] > git for-each-ref --sort -committerdate --format %(refname)%00%(objectname)%00%(*objectname) [2ms]
2026-05-17 04:21:55.352 [info] > git status -z -uall [39ms]
2026-05-17 04:22:00.527 [info] [Git][getRemotes] No remotes found in the git config file
2026-05-17 04:22:00.528 [info] > git config --get commit.template [11ms]
2026-05-17 04:22:00.528 [info] > git for-each-ref --format=%(refname)%00%(upstream:short)%00%(objectname)%00%(upstream:track)%00%(upstream:remotename)%00%(upstream:remoteref) refs/heads/master refs/remotes/master [1ms]
2026-05-17 04:22:00.551 [info] > git for-each-ref --sort -committerdate --format %(refname)%00%(objectname)%00%(*objectname) [1ms]
2026-05-17 04:22:00.578 [info] > git status -z -uall [39ms]
2026-05-17 04:22:06.794 [info] [Git][getRemotes] No remotes found in the git config file
2026-05-17 04:22:06.795 [info] > git config --get commit.template [11ms]
2026-05-17 04:22:06.795 [info] > git for-each-ref --format=%(refname)%00%(upstream:short)%00%(objectname)%00%(upstream:track)%00%(upstream:remotename)%00%(upstream:remoteref) refs/heads/master refs/remotes/master [1ms]
2026-05-17 04:22:06.817 [info] > git for-each-ref --sort -committerdate --format %(refname)%00%(objectname)%00%(*objectname) [1ms]
2026-05-17 04:22:06.844 [info] > git status -z -uall [39ms]
2026-05-17 04:22:17.345 [info] > git fetch [5ms]
2026-05-17 04:22:17.372 [info] [Git][getRemotes] No remotes found in the git config file
2026-05-17 04:22:17.372 [info] > git config --get commit.template [13ms]
2026-05-17 04:22:17.373 [info] > git for-each-ref --format=%(refname)%00%(upstream:short)%00%(objectname)%00%(upstream:track)%00%(upstream:remotename)%00%(upstream:remoteref) refs/heads/master refs/remotes/master [1ms]
2026-05-17 04:22:17.399 [info] > git for-each-ref --sort -committerdate --format %(refname)%00%(objectname)%00%(*objectname) [1ms]
2026-05-17 04:22:17.424 [info] > git status -z -uall [39ms]
2026-05-17 04:22:33.071 [info] [Git][getRemotes] No remotes found in the git config file
2026-05-17 04:22:33.071 [info] > git config --get commit.template [13ms]
2026-05-17 04:22:33.072 [info] > git for-each-ref --format=%(refname)%00%(upstream:short)%00%(objectname)%00%(upstream:track)%00%(upstream:remotename)%00%(upstream:remoteref) refs/heads/master refs/remotes/master [1ms]
2026-05-17 04:22:33.097 [info] > git for-each-ref --sort -committerdate --format %(refname)%00%(objectname)%00%(*objectname) [1ms]
2026-05-17 04:22:33.123 [info] > git status -z -uall [38ms]
2026-05-17 04:22:39.428 [info] [Git][getRemotes] No remotes found in the git config file
2026-05-17 04:22:39.429 [info] > git config --get commit.template [12ms]
2026-05-17 04:22:39.430 [info] > git for-each-ref --format=%(refname)%00%(upstream:short)%00%(objectname)%00%(upstream:track)%00%(upstream:remotename)%00%(upstream:remoteref) refs/heads/master refs/remotes/master [2ms]
2026-05-17 04:22:39.455 [info] > git for-each-ref --sort -committerdate --format %(refname)%00%(objectname)%00%(*objectname) [2ms]
2026-05-17 04:22:39.484 [info] > git status -z -uall [42ms]
2026-05-17 04:22:44.713 [info] > git config --get commit.template [2ms]
2026-05-17 04:22:44.726 [info] [Git][getRemotes] No remotes found in the git config file
2026-05-17 04:22:44.727 [info] > git for-each-ref --format=%(refname)%00%(upstream:short)%00%(objectname)%00%(upstream:track)%00%(upstream:remotename)%00%(upstream:remoteref) refs/heads/master refs/remotes/master [1ms]
2026-05-17 04:22:44.754 [info] > git for-each-ref --sort -committerdate --format %(refname)%00%(objectname)%00%(*objectname) [1ms]
2026-05-17 04:22:44.779 [info] > git status -z -uall [39ms]
2026-05-17 04:23:46.119 [info] > git config --get commit.template [2ms]
2026-05-17 04:23:46.132 [info] [Git][getRemotes] No remotes found in the git config file
2026-05-17 04:23:46.133 [info] > git for-each-ref --format=%(refname)%00%(upstream:short)%00%(objectname)%00%(upstream:track)%00%(upstream:remotename)%00%(upstream:remoteref) refs/heads/master refs/remotes/master [1ms]
2026-05-17 04:23:46.159 [info] > git for-each-ref --sort -committerdate --format %(refname)%00%(objectname)%00%(*objectname) [1ms]
2026-05-17 04:23:46.186 [info] > git status -z -uall [40ms]
2026-05-17 04:24:08.575 [info] [Git][getRemotes] No remotes found in the git config file
2026-05-17 04:24:08.575 [info] > git config --get commit.template [10ms]
2026-05-17 04:24:08.576 [info] > git for-each-ref --format=%(refname)%00%(upstream:short)%00%(objectname)%00%(upstream:track)%00%(upstream:remotename)%00%(upstream:remoteref) refs/heads/master refs/remotes/master [1ms]
2026-05-17 04:24:08.598 [info] > git for-each-ref --sort -committerdate --format %(refname)%00%(objectname)%00%(*objectname) [2ms]
2026-05-17 04:24:08.626 [info] > git status -z -uall [40ms]
2026-05-17 04:24:13.787 [info] [Git][getRemotes] No remotes found in the git config file
2026-05-17 04:24:13.787 [info] > git config --get commit.template [14ms]
2026-05-17 04:24:13.788 [info] > git for-each-ref --format=%(refname)%00%(upstream:short)%00%(objectname)%00%(upstream:track)%00%(upstream:remotename)%00%(upstream:remoteref) refs/heads/master refs/remotes/master [1ms]
2026-05-17 04:24:13.812 [info] > git for-each-ref --sort -committerdate --format %(refname)%00%(objectname)%00%(*objectname) [1ms]
2026-05-17 04:24:13.839 [info] > git status -z -uall [39ms]
2026-05-17 04:24:14.270 [info] > git fetch [14ms]
2026-05-17 04:24:14.296 [info] [Git][getRemotes] No remotes found in the git config file
2026-05-17 04:24:14.296 [info] > git config --get commit.template [13ms]
2026-05-17 04:24:14.297 [info] > git for-each-ref --format=%(refname)%00%(upstream:short)%00%(objectname)%00%(upstream:track)%00%(upstream:remotename)%00%(upstream:remoteref) refs/heads/feat/h-factor-os refs/remotes/feat/h-factor-os [1ms]
2026-05-17 04:24:14.325 [info] > git for-each-ref --sort -committerdate --format %(refname)%00%(objectname)%00%(*objectname) [2ms]
2026-05-17 04:24:16.192 [info] > git status -z -uall [1882ms] (cancelled)
2026-05-17 04:24:18.856 [info] [Git][getRemotes] No remotes found in the git config file
2026-05-17 04:24:18.869 [info] > git config --get commit.template [14ms]
2026-05-17 04:24:18.869 [info] > git for-each-ref --format=%(refname)%00%(upstream:short)%00%(objectname)%00%(upstream:track)%00%(upstream:remotename)%00%(upstream:remoteref) refs/heads/master refs/remotes/master [1ms]
2026-05-17 04:24:18.893 [info] > git for-each-ref --sort -committerdate --format %(refname)%00%(objectname)%00%(*objectname) [1ms]
2026-05-17 04:24:18.921 [info] > git status -z -uall [40ms]
2026-05-17 04:24:23.940 [info] [Git][getRemotes] No remotes found in the git config file
2026-05-17 04:24:23.950 [info] > git config --get commit.template [10ms]
2026-05-17 04:24:23.951 [info] > git for-each-ref --format=%(refname)%00%(upstream:short)%00%(objectname)%00%(upstream:track)%00%(upstream:remotename)%00%(upstream:remoteref) refs/heads/master refs/remotes/master [1ms]
2026-05-17 04:24:23.973 [info] > git for-each-ref --sort -committerdate --format %(refname)%00%(objectname)%00%(*objectname) [1ms]
2026-05-17 04:24:23.999 [info] > git status -z -uall [38ms]
2026-05-17 04:24:31.093 [info] [Git][getRemotes] No remotes found in the git config file
2026-05-17 04:24:31.094 [info] > git config --get commit.template [14ms]
2026-05-17 04:24:31.094 [info] > git for-each-ref --format=%(refname)%00%(upstream:short)%00%(objectname)%00%(upstream:track)%00%(upstream:remotename)%00%(upstream:remoteref) refs/heads/master refs/remotes/master [1ms]
2026-05-17 04:24:31.118 [info] > git for-each-ref --sort -committerdate --format %(refname)%00%(objectname)%00%(*objectname) [1ms]
2026-05-17 04:24:31.146 [info] > git status -z -uall [40ms]
2026-05-17 04:24:36.175 [info] [Git][getRemotes] No remotes found in the git config file
2026-05-17 04:24:36.176 [info] > git config --get commit.template [13ms]
2026-05-17 04:24:36.176 [info] > git for-each-ref --format=%(refname)%00%(upstream:short)%00%(objectname)%00%(upstream:track)%00%(upstream:remotename)%00%(upstream:remoteref) refs/heads/master refs/remotes/master [1ms]
2026-05-17 04:24:36.205 [info] > git for-each-ref --sort -committerdate --format %(refname)%00%(objectname)%00%(*objectname) [1ms]
2026-05-17 04:24:36.229 [info] > git status -z -uall [39ms]
2026-05-17 04:24:41.257 [info] [Git][getRemotes] No remotes found in the git config file
2026-05-17 04:24:41.258 [info] > git config --get commit.template [13ms]
2026-05-17 04:24:41.259 [info] > git for-each-ref --format=%(refname)%00%(upstream:short)%00%(objectname)%00%(upstream:track)%00%(upstream:remotename)%00%(upstream:remoteref) refs/heads/master refs/remotes/master [2ms]
2026-05-17 04:24:41.284 [info] > git for-each-ref --sort -committerdate --format %(refname)%00%(objectname)%00%(*objectname) [1ms]
2026-05-17 04:24:41.310 [info] > git status -z -uall [38ms]
2026-05-17 04:24:50.926 [info] [Git][getRemotes] No remotes found in the git config file
2026-05-17 04:24:50.926 [info] > git config --get commit.template [14ms]
2026-05-17 04:24:50.927 [info] > git for-each-ref --format=%(refname)%00%(upstream:short)%00%(objectname)%00%(upstream:track)%00%(upstream:remotename)%00%(upstream:remoteref) refs/heads/master refs/remotes/master [1ms]
2026-05-17 04:24:50.952 [info] > git for-each-ref --sort -committerdate --format %(refname)%00%(objectname)%00%(*objectname) [1ms]
2026-05-17 04:24:50.978 [info] > git status -z -uall [38ms]
2026-05-17 04:24:55.995 [info] [Git][getRemotes] No remotes found in the git config file
2026-05-17 04:24:56.009 [info] > git config --get commit.template [13ms]
2026-05-17 04:24:56.009 [info] > git for-each-ref --format=%(refname)%00%(upstream:short)%00%(objectname)%00%(upstream:track)%00%(upstream:remotename)%00%(upstream:remoteref) refs/heads/master refs/remotes/master [1ms]
2026-05-17 04:24:56.034 [info] > git for-each-ref --sort -committerdate --format %(refname)%00%(objectname)%00%(*objectname) [2ms]
2026-05-17 04:24:56.064 [info] > git status -z -uall [42ms]
2026-05-17 04:25:01.619 [info] [Git][getRemotes] No remotes found in the git config file
2026-05-17 04:25:01.620 [info] > git config --get commit.template [13ms]
2026-05-17 04:25:01.620 [info] > git for-each-ref --format=%(refname)%00%(upstream:short)%00%(objectname)%00%(upstream:track)%00%(upstream:remotename)%00%(upstream:remoteref) refs/heads/master refs/remotes/master [1ms]
2026-05-17 04:25:01.646 [info] > git for-each-ref --sort -committerdate --format %(refname)%00%(objectname)%00%(*objectname) [2ms]
2026-05-17 04:25:01.672 [info] > git status -z -uall [39ms]
2026-05-17 04:25:06.703 [info] [Git][getRemotes] No remotes found in the git config file
2026-05-17 04:25:06.704 [info] > git config --get commit.template [13ms]
2026-05-17 04:25:06.704 [info] > git for-each-ref --format=%(refname)%00%(upstream:short)%00%(objectname)%00%(upstream:track)%00%(upstream:remotename)%00%(upstream:remoteref) refs/heads/master refs/remotes/master [1ms]
2026-05-17 04:25:06.729 [info] > git for-each-ref --sort -committerdate --format %(refname)%00%(objectname)%00%(*objectname) [1ms]
2026-05-17 04:25:06.757 [info] > git status -z -uall [40ms]
2026-05-17 04:25:11.786 [info] [Git][getRemotes] No remotes found in the git config file
2026-05-17 04:25:11.786 [info] > git config --get commit.template [13ms]
2026-05-17 04:25:11.786 [info] > git for-each-ref --format=%(refname)%00%(upstream:short)%00%(objectname)%00%(upstream:track)%00%(upstream:remotename)%00%(upstream:remoteref) refs/heads/master refs/remotes/master [1ms]
2026-05-17 04:25:11.812 [info] > git for-each-ref --sort -committerdate --format %(refname)%00%(objectname)%00%(*objectname) [2ms]
2026-05-17 04:25:11.838 [info] > git status -z -uall [40ms]
2026-05-17 04:25:16.867 [info] [Git][getRemotes] No remotes found in the git config file
2026-05-17 04:25:16.868 [info] > git config --get commit.template [14ms]
2026-05-17 04:25:16.868 [info] > git for-each-ref --format=%(refname)%00%(upstream:short)%00%(objectname)%00%(upstream:track)%00%(upstream:remotename)%00%(upstream:remoteref) refs/heads/master refs/remotes/master [1ms]
2026-05-17 04:25:16.894 [info] > git for-each-ref --sort -committerdate --format %(refname)%00%(objectname)%00%(*objectname) [1ms]
2026-05-17 04:25:16.921 [info] > git status -z -uall [40ms]
2026-05-17 04:25:17.448 [info] > git fetch [6ms]
2026-05-17 04:25:17.468 [info] [Git][getRemotes] No remotes found in the git config file
2026-05-17 04:25:17.469 [info] > git config --get commit.template [10ms]
2026-05-17 04:25:17.470 [info] > git for-each-ref --format=%(refname)%00%(upstream:short)%00%(objectname)%00%(upstream:track)%00%(upstream:remotename)%00%(upstream:remoteref) refs/heads/master refs/remotes/master [2ms]
2026-05-17 04:25:17.492 [info] > git for-each-ref --sort -committerdate --format %(refname)%00%(objectname)%00%(*objectname) [2ms]
2026-05-17 04:25:17.519 [info] > git status -z -uall [39ms]
2026-05-17 04:25:21.953 [info] [Git][getRemotes] No remotes found in the git config file
2026-05-17 04:25:21.953 [info] > git config --get commit.template [13ms]
2026-05-17 04:25:21.954 [info] > git for-each-ref --format=%(refname)%00%(upstream:short)%00%(objectname)%00%(upstream:track)%00%(upstream:remotename)%00%(upstream:remoteref) refs/heads/master refs/remotes/master [1ms]
2026-05-17 04:25:21.980 [info] > git for-each-ref --sort -committerdate --format %(refname)%00%(objectname)%00%(*objectname) [2ms]
2026-05-17 04:25:22.005 [info] > git status -z -uall [39ms]
2026-05-17 04:25:27.034 [info] [Git][getRemotes] No remotes found in the git config file
2026-05-17 04:25:27.034 [info] > git config --get commit.template [13ms]
2026-05-17 04:25:27.034 [info] > git for-each-ref --format=%(refname)%00%(upstream:short)%00%(objectname)%00%(upstream:track)%00%(upstream:remotename)%00%(upstream:remoteref) refs/heads/master refs/remotes/master [1ms]
2026-05-17 04:25:27.062 [info] > git for-each-ref --sort -committerdate --format %(refname)%00%(objectname)%00%(*objectname) [2ms]
2026-05-17 04:25:27.087 [info] > git status -z -uall [40ms]
2026-05-17 04:25:39.667 [info] > git config --get commit.template [2ms]
2026-05-17 04:25:39.678 [info] [Git][getRemotes] No remotes found in the git config file
2026-05-17 04:25:39.680 [info] > git for-each-ref --format=%(refname)%00%(upstream:short)%00%(objectname)%00%(upstream:track)%00%(upstream:remotename)%00%(upstream:remoteref) refs/heads/master refs/remotes/master [2ms]
2026-05-17 04:25:39.703 [info] > git for-each-ref --sort -committerdate --format %(refname)%00%(objectname)%00%(*objectname) [1ms]
2026-05-17 04:25:39.731 [info] > git status -z -uall [40ms]
2026-05-17 04:25:44.752 [info] > git config --get commit.template [2ms]
2026-05-17 04:25:44.767 [info] [Git][getRemotes] No remotes found in the git config file
2026-05-17 04:25:44.768 [info] > git for-each-ref --format=%(refname)%00%(upstream:short)%00%(objectname)%00%(upstream:track)%00%(upstream:remotename)%00%(upstream:remoteref) refs/heads/master refs/remotes/master [2ms]
2026-05-17 04:25:44.794 [info] > git for-each-ref --sort -committerdate --format %(refname)%00%(objectname)%00%(*objectname) [1ms]
2026-05-17 04:25:44.822 [info] > git status -z -uall [42ms]
2026-05-17 04:25:49.851 [info] [Git][getRemotes] No remotes found in the git config file
2026-05-17 04:25:49.852 [info] > git config --get commit.template [14ms]
2026-05-17 04:25:49.852 [info] > git for-each-ref --format=%(refname)%00%(upstream:short)%00%(objectname)%00%(upstream:track)%00%(upstream:remotename)%00%(upstream:remoteref) refs/heads/master refs/remotes/master [1ms]
2026-05-17 04:25:49.879 [info] > git for-each-ref --sort -committerdate --format %(refname)%00%(objectname)%00%(*objectname) [3ms]
2026-05-17 04:25:49.904 [info] > git status -z -uall [40ms]
2026-05-17 04:25:54.933 [info] [Git][getRemotes] No remotes found in the git config file
2026-05-17 04:25:54.933 [info] > git config --get commit.template [13ms]
2026-05-17 04:25:54.934 [info] > git for-each-ref --format=%(refname)%00%(upstream:short)%00%(objectname)%00%(upstream:track)%00%(upstream:remotename)%00%(upstream:remoteref) refs/heads/master refs/remotes/master [1ms]
2026-05-17 04:25:54.962 [info] > git for-each-ref --sort -committerdate --format %(refname)%00%(objectname)%00%(*objectname) [2ms]
2026-05-17 04:25:54.986 [info] > git status -z -uall [39ms]
2026-05-17 04:26:00.018 [info] [Git][getRemotes] No remotes found in the git config file
2026-05-17 04:26:00.018 [info] > git config --get commit.template [14ms]
2026-05-17 04:26:00.019 [info] > git for-each-ref --format=%(refname)%00%(upstream:short)%00%(objectname)%00%(upstream:track)%00%(upstream:remotename)%00%(upstream:remoteref) refs/heads/master refs/remotes/master [2ms]
2026-05-17 04:26:00.046 [info] > git for-each-ref --sort -committerdate --format %(refname)%00%(objectname)%00%(*objectname) [1ms]
2026-05-17 04:26:00.070 [info] > git status -z -uall [39ms]
2026-05-17 04:26:05.102 [info] [Git][getRemotes] No remotes found in the git config file
2026-05-17 04:26:05.102 [info] > git config --get commit.template [13ms]
2026-05-17 04:26:05.103 [info] > git for-each-ref --format=%(refname)%00%(upstream:short)%00%(objectname)%00%(upstream:track)%00%(upstream:remotename)%00%(upstream:remoteref) refs/heads/master refs/remotes/master [1ms]
2026-05-17 04:26:05.130 [info] > git for-each-ref --sort -committerdate --format %(refname)%00%(objectname)%00%(*objectname) [2ms]
2026-05-17 04:26:05.155 [info] > git status -z -uall [40ms]
2026-05-17 04:26:10.185 [info] [Git][getRemotes] No remotes found in the git config file
2026-05-17 04:26:10.186 [info] > git config --get commit.template [14ms]
2026-05-17 04:26:10.186 [info] > git for-each-ref --format=%(refname)%00%(upstream:short)%00%(objectname)%00%(upstream:track)%00%(upstream:remotename)%00%(upstream:remoteref) refs/heads/master refs/remotes/master [1ms]
2026-05-17 04:26:10.213 [info] > git for-each-ref --sort -committerdate --format %(refname)%00%(objectname)%00%(*objectname) [1ms]
2026-05-17 04:26:10.240 [info] > git status -z -uall [41ms]
2026-05-17 04:26:25.360 [info] [Git][getRemotes] No remotes found in the git config file
2026-05-17 04:26:25.361 [info] > git for-each-ref --format=%(refname)%00%(upstream:short)%00%(objectname)%00%(upstream:track)%00%(upstream:remotename)%00%(upstream:remoteref) refs/heads/master refs/remotes/master [1ms]
2026-05-17 04:26:25.361 [info] > git config --get commit.template [16ms]
2026-05-17 04:26:25.388 [info] > git for-each-ref --sort -committerdate --format %(refname)%00%(objectname)%00%(*objectname) [1ms]
2026-05-17 04:26:25.417 [info] > git status -z -uall [43ms]
2026-05-17 04:26:30.450 [info] [Git][getRemotes] No remotes found in the git config file
2026-05-17 04:26:30.450 [info] > git config --get commit.template [14ms]
2026-05-17 04:26:30.451 [info] > git for-each-ref --format=%(refname)%00%(upstream:short)%00%(objectname)%00%(upstream:track)%00%(upstream:remotename)%00%(upstream:remoteref) refs/heads/master refs/remotes/master [1ms]
2026-05-17 04:26:30.478 [info] > git for-each-ref --sort -committerdate --format %(refname)%00%(objectname)%00%(*objectname) [2ms]
2026-05-17 04:26:30.503 [info] > git status -z -uall [39ms]
2026-05-17 04:26:35.584 [info] > git config --get commit.template [1ms]
2026-05-17 04:26:35.598 [info] [Git][getRemotes] No remotes found in the git config file
2026-05-17 04:26:35.599 [info] > git for-each-ref --format=%(refname)%00%(upstream:short)%00%(objectname)%00%(upstream:track)%00%(upstream:remotename)%00%(upstream:remoteref) refs/heads/master refs/remotes/master [1ms]
2026-05-17 04:26:35.626 [info] > git for-each-ref --sort -committerdate --format %(refname)%00%(objectname)%00%(*objectname) [1ms]
2026-05-17 04:26:35.652 [info] > git status -z -uall [40ms]
2026-05-17 04:26:40.685 [info] [Git][getRemotes] No remotes found in the git config file
2026-05-17 04:26:40.686 [info] > git for-each-ref --format=%(refname)%00%(upstream:short)%00%(objectname)%00%(upstream:track)%00%(upstream:remotename)%00%(upstream:remoteref) refs/heads/master refs/remotes/master [1ms]
2026-05-17 04:26:40.686 [info] > git config --get commit.template [15ms]
2026-05-17 04:26:40.714 [info] > git for-each-ref --sort -committerdate --format %(refname)%00%(objectname)%00%(*objectname) [1ms]
2026-05-17 04:26:40.739 [info] > git status -z -uall [40ms]
2026-05-17 04:26:45.770 [info] [Git][getRemotes] No remotes found in the git config file
2026-05-17 04:26:45.770 [info] > git config --get commit.template [14ms]
2026-05-17 04:26:45.771 [info] > git for-each-ref --format=%(refname)%00%(upstream:short)%00%(objectname)%00%(upstream:track)%00%(upstream:remotename)%00%(upstream:remoteref) refs/heads/master refs/remotes/master [2ms]
2026-05-17 04:26:45.796 [info] > git for-each-ref --sort -committerdate --format %(refname)%00%(objectname)%00%(*objectname) [1ms]
2026-05-17 04:26:45.823 [info] > git status -z -uall [40ms]
2026-05-17 04:26:50.844 [info] > git config --get commit.template [1ms]
2026-05-17 04:26:50.862 [info] [Git][getRemotes] No remotes found in the git config file
2026-05-17 04:26:50.863 [info] > git for-each-ref --format=%(refname)%00%(upstream:short)%00%(objectname)%00%(upstream:track)%00%(upstream:remotename)%00%(upstream:remoteref) refs/heads/master refs/remotes/master [2ms]
2026-05-17 04:26:50.895 [info] > git for-each-ref --sort -committerdate --format %(refname)%00%(objectname)%00%(*objectname) [2ms]
2026-05-17 04:26:50.922 [info] > git status -z -uall [43ms]
2026-05-17 04:27:05.851 [info] [Git][getRemotes] No remotes found in the git config file
2026-05-17 04:27:05.851 [info] > git config --get commit.template [11ms]
2026-05-17 04:27:05.852 [info] > git for-each-ref --format=%(refname)%00%(upstream:short)%00%(objectname)%00%(upstream:track)%00%(upstream:remotename)%00%(upstream:remoteref) refs/heads/master refs/remotes/master [2ms]
2026-05-17 04:27:05.874 [info] > git for-each-ref --sort -committerdate --format %(refname)%00%(objectname)%00%(*objectname) [1ms]
2026-05-17 04:27:05.902 [info] > git status -z -uall [40ms]
2026-05-17 04:27:10.923 [info] [Git][getRemotes] No remotes found in the git config file
2026-05-17 04:27:10.924 [info] > git config --get commit.template [10ms]
2026-05-17 04:27:10.924 [info] > git for-each-ref --format=%(refname)%00%(upstream:short)%00%(objectname)%00%(upstream:track)%00%(upstream:remotename)%00%(upstream:remoteref) refs/heads/master refs/remotes/master [1ms]
2026-05-17 04:27:10.948 [info] > git for-each-ref --sort -committerdate --format %(refname)%00%(objectname)%00%(*objectname) [2ms]
2026-05-17 04:27:10.975 [info] > git status -z -uall [41ms]
2026-05-17 04:27:15.422 [info] > git fetch [15ms]
2026-05-17 04:27:15.436 [info] [Git][getRemotes] No remotes found in the git config file
2026-05-17 04:27:15.449 [info] > git config --get commit.template [14ms]
2026-05-17 04:27:15.449 [info] > git for-each-ref --format=%(refname)%00%(upstream:short)%00%(objectname)%00%(upstream:track)%00%(upstream:remotename)%00%(upstream:remoteref) refs/heads/feat/h-factor-os refs/remotes/feat/h-factor-os [1ms]
2026-05-17 04:27:15.480 [info] > git for-each-ref --sort -committerdate --format %(refname)%00%(objectname)%00%(*objectname) [3ms]
2026-05-17 04:27:15.997 [info] [Git][getRemotes] No remotes found in the git config file
2026-05-17 04:27:15.997 [info] > git config --get commit.template [10ms]
2026-05-17 04:27:15.998 [info] > git for-each-ref --format=%(refname)%00%(upstream:short)%00%(objectname)%00%(upstream:track)%00%(upstream:remotename)%00%(upstream:remoteref) refs/heads/master refs/remotes/master [1ms]
2026-05-17 04:27:16.021 [info] > git for-each-ref --sort -committerdate --format %(refname)%00%(objectname)%00%(*objectname) [1ms]
2026-05-17 04:27:16.047 [info] > git status -z -uall [39ms]
2026-05-17 04:27:17.446 [info] > git status -z -uall [1983ms] (cancelled)
2026-05-17 04:27:28.725 [info] [Git][getRemotes] No remotes found in the git config file
2026-05-17 04:27:28.726 [info] > git config --get commit.template [14ms]
2026-05-17 04:27:28.726 [info] > git for-each-ref --format=%(refname)%00%(upstream:short)%00%(objectname)%00%(upstream:track)%00%(upstream:remotename)%00%(upstream:remoteref) refs/heads/master refs/remotes/master [1ms]
2026-05-17 04:27:28.752 [info] > git for-each-ref --sort -committerdate --format %(refname)%00%(objectname)%00%(*objectname) [2ms]
2026-05-17 04:27:28.778 [info] > git status -z -uall [39ms]
2026-05-17 04:27:34.503 [info] [Git][getRemotes] No remotes found in the git config file
2026-05-17 04:27:34.503 [info] > git config --get commit.template [11ms]
2026-05-17 04:27:34.504 [info] > git for-each-ref --format=%(refname)%00%(upstream:short)%00%(objectname)%00%(upstream:track)%00%(upstream:remotename)%00%(upstream:remoteref) refs/heads/master refs/remotes/master [1ms]
2026-05-17 04:27:34.526 [info] > git for-each-ref --sort -committerdate --format %(refname)%00%(objectname)%00%(*objectname) [1ms]
2026-05-17 04:27:34.553 [info] > git status -z -uall [39ms]
2026-05-17 04:27:39.577 [info] [Git][getRemotes] No remotes found in the git config file
2026-05-17 04:27:39.578 [info] > git config --get commit.template [11ms]
2026-05-17 04:27:39.578 [info] > git for-each-ref --format=%(refname)%00%(upstream:short)%00%(objectname)%00%(upstream:track)%00%(upstream:remotename)%00%(upstream:remoteref) refs/heads/master refs/remotes/master [1ms]
2026-05-17 04:27:39.600 [info] > git for-each-ref --sort -committerdate --format %(refname)%00%(objectname)%00%(*objectname) [1ms]
2026-05-17 04:27:39.627 [info] > git status -z -uall [39ms]
2026-05-17 04:27:44.648 [info] [Git][getRemotes] No remotes found in the git config file
2026-05-17 04:27:44.648 [info] > git config --get commit.template [10ms]
2026-05-17 04:27:44.649 [info] > git for-each-ref --format=%(refname)%00%(upstream:short)%00%(objectname)%00%(upstream:track)%00%(upstream:remotename)%00%(upstream:remoteref) refs/heads/master refs/remotes/master [1ms]
2026-05-17 04:27:44.670 [info] > git for-each-ref --sort -committerdate --format %(refname)%00%(objectname)%00%(*objectname) [1ms]
2026-05-17 04:27:44.698 [info] > git status -z -uall [39ms]
2026-05-17 04:27:49.724 [info] [Git][getRemotes] No remotes found in the git config file
2026-05-17 04:27:49.725 [info] > git config --get commit.template [11ms]
2026-05-17 04:27:49.725 [info] > git for-each-ref --format=%(refname)%00%(upstream:short)%00%(objectname)%00%(upstream:track)%00%(upstream:remotename)%00%(upstream:remoteref) refs/heads/master refs/remotes/master [1ms]
2026-05-17 04:27:49.749 [info] > git for-each-ref --sort -committerdate --format %(refname)%00%(objectname)%00%(*objectname) [1ms]
2026-05-17 04:27:49.773 [info] > git status -z -uall [38ms]
2026-05-17 04:27:54.799 [info] [Git][getRemotes] No remotes found in the git config file
2026-05-17 04:27:54.799 [info] > git config --get commit.template [10ms]
2026-05-17 04:27:54.800 [info] > git for-each-ref --format=%(refname)%00%(upstream:short)%00%(objectname)%00%(upstream:track)%00%(upstream:remotename)%00%(upstream:remoteref) refs/heads/master refs/remotes/master [1ms]
2026-05-17 04:27:54.823 [info] > git for-each-ref --sort -committerdate --format %(refname)%00%(objectname)%00%(*objectname) [1ms]
2026-05-17 04:27:54.849 [info] > git status -z -uall [40ms]
2026-05-17 04:27:59.877 [info] [Git][getRemotes] No remotes found in the git config file
2026-05-17 04:27:59.878 [info] > git config --get commit.template [11ms]
2026-05-17 04:27:59.879 [info] > git for-each-ref --format=%(refname)%00%(upstream:short)%00%(objectname)%00%(upstream:track)%00%(upstream:remotename)%00%(upstream:remoteref) refs/heads/master refs/remotes/master [2ms]
2026-05-17 04:27:59.900 [info] > git for-each-ref --sort -committerdate --format %(refname)%00%(objectname)%00%(*objectname) [1ms]
2026-05-17 04:27:59.928 [info] > git status -z -uall [40ms]
2026-05-17 04:28:07.083 [info] > git config --get commit.template [1ms]
2026-05-17 04:28:07.096 [info] [Git][getRemotes] No remotes found in the git config file
2026-05-17 04:28:07.097 [info] > git for-each-ref --format=%(refname)%00%(upstream:short)%00%(objectname)%00%(upstream:track)%00%(upstream:remotename)%00%(upstream:remoteref) refs/heads/master refs/remotes/master [1ms]
2026-05-17 04:28:07.125 [info] > git for-each-ref --sort -committerdate --format %(refname)%00%(objectname)%00%(*objectname) [1ms]
2026-05-17 04:28:07.150 [info] > git status -z -uall [40ms]
2026-05-17 04:28:17.542 [info] > git fetch [7ms]
2026-05-17 04:28:17.570 [info] [Git][getRemotes] No remotes found in the git config file
2026-05-17 04:28:17.571 [info] > git config --get commit.template [15ms]
2026-05-17 04:28:17.571 [info] > git for-each-ref --format=%(refname)%00%(upstream:short)%00%(objectname)%00%(upstream:track)%00%(upstream:remotename)%00%(upstream:remoteref) refs/heads/master refs/remotes/master [1ms]
2026-05-17 04:28:17.599 [info] > git for-each-ref --sort -committerdate --format %(refname)%00%(objectname)%00%(*objectname) [1ms]
2026-05-17 04:28:17.626 [info] > git status -z -uall [41ms]
2026-05-17 04:28:18.772 [info] > git config --get commit.template [4ms]
2026-05-17 04:28:18.785 [info] [Git][getRemotes] No remotes found in the git config file
2026-05-17 04:28:18.786 [info] > git for-each-ref --format=%(refname)%00%(upstream:short)%00%(objectname)%00%(upstream:track)%00%(upstream:remotename)%00%(upstream:remoteref) refs/heads/master refs/remotes/master [1ms]
2026-05-17 04:28:18.813 [info] > git for-each-ref --sort -committerdate --format %(refname)%00%(objectname)%00%(*objectname) [1ms]
2026-05-17 04:28:18.839 [info] > git status -z -uall [40ms]
2026-05-17 04:28:23.870 [info] [Git][getRemotes] No remotes found in the git config file
2026-05-17 04:28:23.871 [info] > git config --get commit.template [15ms]
2026-05-17 04:28:23.871 [info] > git for-each-ref --format=%(refname)%00%(upstream:short)%00%(objectname)%00%(upstream:track)%00%(upstream:remotename)%00%(upstream:remoteref) refs/heads/master refs/remotes/master [1ms]
2026-05-17 04:28:23.898 [info] > git for-each-ref --sort -committerdate --format %(refname)%00%(objectname)%00%(*objectname) [1ms]
2026-05-17 04:28:23.924 [info] > git status -z -uall [40ms]
2026-05-17 04:28:29.362 [info] [Git][getRemotes] No remotes found in the git config file
2026-05-17 04:28:29.362 [info] > git config --get commit.template [14ms]
2026-05-17 04:28:29.362 [info] > git for-each-ref --format=%(refname)%00%(upstream:short)%00%(objectname)%00%(upstream:track)%00%(upstream:remotename)%00%(upstream:remoteref) refs/heads/master refs/remotes/master [1ms]
2026-05-17 04:28:29.389 [info] > git for-each-ref --sort -committerdate --format %(refname)%00%(objectname)%00%(*objectname) [1ms]
2026-05-17 04:28:29.415 [info] > git status -z -uall [40ms]
2026-05-17 04:28:34.447 [info] [Git][getRemotes] No remotes found in the git config file
2026-05-17 04:28:34.447 [info] > git config --get commit.template [15ms]
2026-05-17 04:28:34.448 [info] > git for-each-ref --format=%(refname)%00%(upstream:short)%00%(objectname)%00%(upstream:track)%00%(upstream:remotename)%00%(upstream:remoteref) refs/heads/master refs/remotes/master [1ms]
2026-05-17 04:28:34.474 [info] > git for-each-ref --sort -committerdate --format %(refname)%00%(objectname)%00%(*objectname) [1ms]
2026-05-17 04:28:34.499 [info] > git status -z -uall [39ms]
2026-05-17 04:28:39.530 [info] [Git][getRemotes] No remotes found in the git config file
2026-05-17 04:28:39.531 [info] > git config --get commit.template [13ms]
2026-05-17 04:28:39.531 [info] > git for-each-ref --format=%(refname)%00%(upstream:short)%00%(objectname)%00%(upstream:track)%00%(upstream:remotename)%00%(upstream:remoteref) refs/heads/master refs/remotes/master [1ms]
2026-05-17 04:28:39.559 [info] > git for-each-ref --sort -committerdate --format %(refname)%00%(objectname)%00%(*objectname) [1ms]
2026-05-17 04:28:39.583 [info] > git status -z -uall [40ms]
2026-05-17 04:28:49.500 [info] [Git][getRemotes] No remotes found in the git config file
2026-05-17 04:28:49.501 [info] > git config --get commit.template [14ms]
2026-05-17 04:28:49.501 [info] > git for-each-ref --format=%(refname)%00%(upstream:short)%00%(objectname)%00%(upstream:track)%00%(upstream:remotename)%00%(upstream:remoteref) refs/heads/master refs/remotes/master [1ms]
2026-05-17 04:28:49.529 [info] > git for-each-ref --sort -committerdate --format %(refname)%00%(objectname)%00%(*objectname) [2ms]
2026-05-17 04:28:49.554 [info] > git status -z -uall [40ms]
2026-05-17 04:29:07.912 [info] [Git][getRemotes] No remotes found in the git config file
2026-05-17 04:29:07.913 [info] > git config --get commit.template [14ms]
2026-05-17 04:29:07.913 [info] > git for-each-ref --format=%(refname)%00%(upstream:short)%00%(objectname)%00%(upstream:track)%00%(upstream:remotename)%00%(upstream:remoteref) refs/heads/master refs/remotes/master [1ms]
2026-05-17 04:29:07.940 [info] > git for-each-ref --sort -committerdate --format %(refname)%00%(objectname)%00%(*objectname) [1ms]
2026-05-17 04:29:07.966 [info] > git status -z -uall [39ms]
2026-05-17 04:29:27.683 [info] [Git][getRemotes] No remotes found in the git config file
2026-05-17 04:29:27.684 [info] > git config --get commit.template [14ms]
2026-05-17 04:29:27.684 [info] > git for-each-ref --format=%(refname)%00%(upstream:short)%00%(objectname)%00%(upstream:track)%00%(upstream:remotename)%00%(upstream:remoteref) refs/heads/master refs/remotes/master [1ms]
2026-05-17 04:29:27.709 [info] > git for-each-ref --sort -committerdate --format %(refname)%00%(objectname)%00%(*objectname) [1ms]
2026-05-17 04:29:27.736 [info] > git status -z -uall [39ms]
2026-05-17 04:29:32.768 [info] [Git][getRemotes] No remotes found in the git config file
2026-05-17 04:29:32.769 [info] > git config --get commit.template [15ms]
2026-05-17 04:29:32.770 [info] > git for-each-ref --format=%(refname)%00%(upstream:short)%00%(objectname)%00%(upstream:track)%00%(upstream:remotename)%00%(upstream:remoteref) refs/heads/master refs/remotes/master [2ms]
2026-05-17 04:29:32.796 [info] > git for-each-ref --sort -committerdate --format %(refname)%00%(objectname)%00%(*objectname) [2ms]
2026-05-17 04:29:32.821 [info] > git status -z -uall [39ms]
2026-05-17 04:29:37.851 [info] [Git][getRemotes] No remotes found in the git config file
2026-05-17 04:29:37.851 [info] > git config --get commit.template [14ms]
2026-05-17 04:29:37.852 [info] > git for-each-ref --format=%(refname)%00%(upstream:short)%00%(objectname)%00%(upstream:track)%00%(upstream:remotename)%00%(upstream:remoteref) refs/heads/master refs/remotes/master [1ms]
2026-05-17 04:29:37.873 [info] > git for-each-ref --sort -committerdate --format %(refname)%00%(objectname)%00%(*objectname) [1ms]
2026-05-17 04:29:37.902 [info] > git status -z -uall [41ms]
2026-05-17 04:29:46.323 [info] [Git][getRemotes] No remotes found in the git config file
2026-05-17 04:29:46.324 [info] > git config --get commit.template [15ms]
2026-05-17 04:29:46.324 [info] > git for-each-ref --format=%(refname)%00%(upstream:short)%00%(objectname)%00%(upstream:track)%00%(upstream:remotename)%00%(upstream:remoteref) refs/heads/master refs/remotes/master [1ms]
2026-05-17 04:29:46.350 [info] > git for-each-ref --sort -committerdate --format %(refname)%00%(objectname)%00%(*objectname) [1ms]
2026-05-17 04:29:46.374 [info] > git status -z -uall [36ms]
2026-05-17 04:30:16.749 [info] > git fetch [14ms]
2026-05-17 04:30:16.775 [info] [Git][getRemotes] No remotes found in the git config file
2026-05-17 04:30:16.777 [info] > git for-each-ref --format=%(refname)%00%(upstream:short)%00%(objectname)%00%(upstream:track)%00%(upstream:remotename)%00%(upstream:remoteref) refs/heads/feat/h-factor-os refs/remotes/feat/h-factor-os [2ms]
2026-05-17 04:30:16.777 [info] > git config --get commit.template [14ms]
2026-05-17 04:30:16.806 [info] > git for-each-ref --sort -committerdate --format %(refname)%00%(objectname)%00%(*objectname) [2ms]
2026-05-17 04:30:18.560 [info] > git status -z -uall [1771ms] (cancelled)
2026-05-17 04:30:30.472 [info] [Git][getRemotes] No remotes found in the git config file
2026-05-17 04:30:30.473 [info] > git config --get commit.template [13ms]
2026-05-17 04:30:30.473 [info] > git for-each-ref --format=%(refname)%00%(upstream:short)%00%(objectname)%00%(upstream:track)%00%(upstream:remotename)%00%(upstream:remoteref) refs/heads/master refs/remotes/master [1ms]
2026-05-17 04:30:30.501 [info] > git for-each-ref --sort -committerdate --format %(refname)%00%(objectname)%00%(*objectname) [1ms]
2026-05-17 04:30:30.526 [info] > git status -z -uall [39ms]
2026-05-17 04:30:35.551 [info] [Git][getRemotes] No remotes found in the git config file
2026-05-17 04:30:35.552 [info] > git config --get commit.template [11ms]
2026-05-17 04:30:35.552 [info] > git for-each-ref --format=%(refname)%00%(upstream:short)%00%(objectname)%00%(upstream:track)%00%(upstream:remotename)%00%(upstream:remoteref) refs/heads/master refs/remotes/master [1ms]
2026-05-17 04:30:35.574 [info] > git for-each-ref --sort -committerdate --format %(refname)%00%(objectname)%00%(*objectname) [1ms]
2026-05-17 04:30:35.602 [info] > git status -z -uall [40ms]
2026-05-17 04:30:40.617 [info] [Git][getRemotes] No remotes found in the git config file
2026-05-17 04:30:40.627 [info] > git config --get commit.template [11ms]
2026-05-17 04:30:40.628 [info] > git for-each-ref --format=%(refname)%00%(upstream:short)%00%(objectname)%00%(upstream:track)%00%(upstream:remotename)%00%(upstream:remoteref) refs/heads/master refs/remotes/master [1ms]
2026-05-17 04:30:40.658 [info] > git for-each-ref --sort -committerdate --format %(refname)%00%(objectname)%00%(*objectname) [1ms]
2026-05-17 04:30:40.681 [info] > git status -z -uall [39ms]
2026-05-17 04:30:45.711 [info] [Git][getRemotes] No remotes found in the git config file
2026-05-17 04:30:45.711 [info] > git config --get commit.template [14ms]
2026-05-17 04:30:45.712 [info] > git for-each-ref --format=%(refname)%00%(upstream:short)%00%(objectname)%00%(upstream:track)%00%(upstream:remotename)%00%(upstream:remoteref) refs/heads/master refs/remotes/master [1ms]
2026-05-17 04:30:45.741 [info] > git for-each-ref --sort -committerdate --format %(refname)%00%(objectname)%00%(*objectname) [3ms]
2026-05-17 04:30:45.764 [info] > git status -z -uall [39ms]
2026-05-17 04:30:56.968 [info] [Git][getRemotes] No remotes found in the git config file
2026-05-17 04:30:56.969 [info] > git config --get commit.template [13ms]
2026-05-17 04:30:56.969 [info] > git for-each-ref --format=%(refname)%00%(upstream:short)%00%(objectname)%00%(upstream:track)%00%(upstream:remotename)%00%(upstream:remoteref) refs/heads/master refs/remotes/master [1ms]
2026-05-17 04:30:56.998 [info] > git for-each-ref --sort -committerdate --format %(refname)%00%(objectname)%00%(*objectname) [3ms]
2026-05-17 04:30:57.022 [info] > git status -z -uall [40ms]
2026-05-17 04:31:02.054 [info] [Git][getRemotes] No remotes found in the git config file
2026-05-17 04:31:02.054 [info] > git config --get commit.template [13ms]
2026-05-17 04:31:02.055 [info] > git for-each-ref --format=%(refname)%00%(upstream:short)%00%(objectname)%00%(upstream:track)%00%(upstream:remotename)%00%(upstream:remoteref) refs/heads/master refs/remotes/master [2ms]
2026-05-17 04:31:02.079 [info] > git for-each-ref --sort -committerdate --format %(refname)%00%(objectname)%00%(*objectname) [1ms]
2026-05-17 04:31:02.107 [info] > git status -z -uall [40ms]
2026-05-17 04:31:07.136 [info] [Git][getRemotes] No remotes found in the git config file
2026-05-17 04:31:07.137 [info] > git config --get commit.template [14ms]
2026-05-17 04:31:07.137 [info] > git for-each-ref --format=%(refname)%00%(upstream:short)%00%(objectname)%00%(upstream:track)%00%(upstream:remotename)%00%(upstream:remoteref) refs/heads/master refs/remotes/master [1ms]
2026-05-17 04:31:07.162 [info] > git for-each-ref --sort -committerdate --format %(refname)%00%(objectname)%00%(*objectname) [1ms]
2026-05-17 04:31:07.190 [info] > git status -z -uall [40ms]
2026-05-17 04:31:12.220 [info] [Git][getRemotes] No remotes found in the git config file
2026-05-17 04:31:12.221 [info] > git config --get commit.template [14ms]
2026-05-17 04:31:12.221 [info] > git for-each-ref --format=%(refname)%00%(upstream:short)%00%(objectname)%00%(upstream:track)%00%(upstream:remotename)%00%(upstream:remoteref) refs/heads/master refs/remotes/master [1ms]
2026-05-17 04:31:12.243 [info] > git for-each-ref --sort -committerdate --format %(refname)%00%(objectname)%00%(*objectname) [1ms]
2026-05-17 04:31:12.269 [info] > git status -z -uall [37ms]
2026-05-17 04:31:17.649 [info] > git fetch [6ms]
2026-05-17 04:31:17.675 [info] [Git][getRemotes] No remotes found in the git config file
2026-05-17 04:31:17.676 [info] > git config --get commit.template [13ms]
2026-05-17 04:31:17.676 [info] > git for-each-ref --format=%(refname)%00%(upstream:short)%00%(objectname)%00%(upstream:track)%00%(upstream:remotename)%00%(upstream:remoteref) refs/heads/master refs/remotes/master [1ms]
2026-05-17 04:31:17.703 [info] > git for-each-ref --sort -committerdate --format %(refname)%00%(objectname)%00%(*objectname) [1ms]
2026-05-17 04:31:17.728 [info] > git status -z -uall [40ms]
2026-05-17 04:31:28.257 [info] > git config --get commit.template [1ms]
2026-05-17 04:31:28.271 [info] [Git][getRemotes] No remotes found in the git config file
2026-05-17 04:31:28.272 [info] > git for-each-ref --format=%(refname)%00%(upstream:short)%00%(objectname)%00%(upstream:track)%00%(upstream:remotename)%00%(upstream:remoteref) refs/heads/master refs/remotes/master [1ms]
2026-05-17 04:31:28.299 [info] > git for-each-ref --sort -committerdate --format %(refname)%00%(objectname)%00%(*objectname) [1ms]
2026-05-17 04:31:28.325 [info] > git status -z -uall [39ms]
2026-05-17 04:31:33.357 [info] [Git][getRemotes] No remotes found in the git config file
2026-05-17 04:31:33.357 [info] > git config --get commit.template [13ms]
2026-05-17 04:31:33.358 [info] > git for-each-ref --format=%(refname)%00%(upstream:short)%00%(objectname)%00%(upstream:track)%00%(upstream:remotename)%00%(upstream:remoteref) refs/heads/master refs/remotes/master [1ms]
2026-05-17 04:31:33.385 [info] > git for-each-ref --sort -committerdate --format %(refname)%00%(objectname)%00%(*objectname) [1ms]
2026-05-17 04:31:33.409 [info] > git status -z -uall [39ms]
2026-05-17 04:31:38.443 [info] [Git][getRemotes] No remotes found in the git config file
2026-05-17 04:31:38.443 [info] > git config --get commit.template [14ms]
2026-05-17 04:31:38.444 [info] > git for-each-ref --format=%(refname)%00%(upstream:short)%00%(objectname)%00%(upstream:track)%00%(upstream:remotename)%00%(upstream:remoteref) refs/heads/master refs/remotes/master [1ms]
2026-05-17 04:31:38.472 [info] > git for-each-ref --sort -committerdate --format %(refname)%00%(objectname)%00%(*objectname) [2ms]
2026-05-17 04:31:38.496 [info] > git status -z -uall [39ms]
2026-05-17 04:31:43.515 [info] [Git][getRemotes] No remotes found in the git config file
2026-05-17 04:31:43.529 [info] > git config --get commit.template [15ms]
2026-05-17 04:31:43.529 [info] > git for-each-ref --format=%(refname)%00%(upstream:short)%00%(objectname)%00%(upstream:track)%00%(upstream:remotename)%00%(upstream:remoteref) refs/heads/master refs/remotes/master [1ms]
2026-05-17 04:31:43.559 [info] > git for-each-ref --sort -committerdate --format %(refname)%00%(objectname)%00%(*objectname) [2ms]
2026-05-17 04:31:43.584 [info] > git status -z -uall [41ms]
2026-05-17 04:31:48.616 [info] [Git][getRemotes] No remotes found in the git config file
2026-05-17 04:31:48.617 [info] > git config --get commit.template [14ms]
2026-05-17 04:31:48.617 [info] > git for-each-ref --format=%(refname)%00%(upstream:short)%00%(objectname)%00%(upstream:track)%00%(upstream:remotename)%00%(upstream:remoteref) refs/heads/master refs/remotes/master [1ms]
2026-05-17 04:31:48.643 [info] > git for-each-ref --sort -committerdate --format %(refname)%00%(objectname)%00%(*objectname) [1ms]
2026-05-17 04:31:48.670 [info] > git status -z -uall [40ms]
2026-05-17 04:31:57.130 [info] > git config --get commit.template [1ms]
2026-05-17 04:31:57.143 [info] [Git][getRemotes] No remotes found in the git config file
2026-05-17 04:31:57.144 [info] > git for-each-ref --format=%(refname)%00%(upstream:short)%00%(objectname)%00%(upstream:track)%00%(upstream:remotename)%00%(upstream:remoteref) refs/heads/master refs/remotes/master [1ms]
2026-05-17 04:31:57.171 [info] > git for-each-ref --sort -committerdate --format %(refname)%00%(objectname)%00%(*objectname) [1ms]
2026-05-17 04:31:57.197 [info] > git status -z -uall [40ms]
2026-05-17 04:32:02.226 [info] [Git][getRemotes] No remotes found in the git config file
2026-05-17 04:32:02.226 [info] > git config --get commit.template [14ms]
2026-05-17 04:32:02.230 [info] > git for-each-ref --format=%(refname)%00%(upstream:short)%00%(objectname)%00%(upstream:track)%00%(upstream:remotename)%00%(upstream:remoteref) refs/heads/master refs/remotes/master [5ms]
2026-05-17 04:32:02.256 [info] > git for-each-ref --sort -committerdate --format %(refname)%00%(objectname)%00%(*objectname) [1ms]
2026-05-17 04:32:02.282 [info] > git status -z -uall [40ms]
2026-05-17 04:32:12.626 [info] [Git][getRemotes] No remotes found in the git config file
2026-05-17 04:32:12.626 [info] > git config --get commit.template [13ms]
2026-05-17 04:32:12.627 [info] > git for-each-ref --format=%(refname)%00%(upstream:short)%00%(objectname)%00%(upstream:track)%00%(upstream:remotename)%00%(upstream:remoteref) refs/heads/master refs/remotes/master [1ms]
2026-05-17 04:32:12.655 [info] > git for-each-ref --sort -committerdate --format %(refname)%00%(objectname)%00%(*objectname) [1ms]
2026-05-17 04:32:12.677 [info] > git status -z -uall [38ms]
2026-05-17 04:32:17.709 [info] [Git][getRemotes] No remotes found in the git config file
2026-05-17 04:32:17.710 [info] > git config --get commit.template [14ms]
2026-05-17 04:32:17.710 [info] > git for-each-ref --format=%(refname)%00%(upstream:short)%00%(objectname)%00%(upstream:track)%00%(upstream:remotename)%00%(upstream:remoteref) refs/heads/master refs/remotes/master [1ms]
2026-05-17 04:32:17.736 [info] > git for-each-ref --sort -committerdate --format %(refname)%00%(objectname)%00%(*objectname) [1ms]
2026-05-17 04:32:17.762 [info] > git status -z -uall [38ms]
2026-05-17 04:32:22.793 [info] [Git][getRemotes] No remotes found in the git config file
2026-05-17 04:32:22.794 [info] > git config --get commit.template [14ms]
2026-05-17 04:32:22.794 [info] > git for-each-ref --format=%(refname)%00%(upstream:short)%00%(objectname)%00%(upstream:track)%00%(upstream:remotename)%00%(upstream:remoteref) refs/heads/master refs/remotes/master [1ms]
2026-05-17 04:32:22.819 [info] > git for-each-ref --sort -committerdate --format %(refname)%00%(objectname)%00%(*objectname) [1ms]
2026-05-17 04:32:22.846 [info] > git status -z -uall [39ms]
2026-05-17 04:32:32.844 [info] [Git][getRemotes] No remotes found in the git config file
2026-05-17 04:32:32.845 [info] > git config --get commit.template [12ms]
2026-05-17 04:32:32.845 [info] > git for-each-ref --format=%(refname)%00%(upstream:short)%00%(objectname)%00%(upstream:track)%00%(upstream:remotename)%00%(upstream:remoteref) refs/heads/master refs/remotes/master [1ms]
2026-05-17 04:32:32.871 [info] > git for-each-ref --sort -committerdate --format %(refname)%00%(objectname)%00%(*objectname) [1ms]
2026-05-17 04:32:32.897 [info] > git status -z -uall [39ms]
2026-05-17 04:32:45.276 [info] > git config --get commit.template [2ms]
2026-05-17 04:32:45.289 [info] [Git][getRemotes] No remotes found in the git config file
2026-05-17 04:32:45.290 [info] > git for-each-ref --format=%(refname)%00%(upstream:short)%00%(objectname)%00%(upstream:track)%00%(upstream:remotename)%00%(upstream:remoteref) refs/heads/master refs/remotes/master [1ms]
2026-05-17 04:32:45.315 [info] > git for-each-ref --sort -committerdate --format %(refname)%00%(objectname)%00%(*objectname) [1ms]
2026-05-17 04:32:45.344 [info] > git status -z -uall [41ms]
2026-05-17 04:32:50.373 [info] [Git][getRemotes] No remotes found in the git config file
2026-05-17 04:32:50.374 [info] > git config --get commit.template [14ms]
2026-05-17 04:32:50.374 [info] > git for-each-ref --format=%(refname)%00%(upstream:short)%00%(objectname)%00%(upstream:track)%00%(upstream:remotename)%00%(upstream:remoteref) refs/heads/master refs/remotes/master [1ms]
2026-05-17 04:32:50.402 [info] > git for-each-ref --sort -committerdate --format %(refname)%00%(objectname)%00%(*objectname) [1ms]
2026-05-17 04:32:50.426 [info] > git status -z -uall [39ms]
2026-05-17 04:32:55.456 [info] [Git][getRemotes] No remotes found in the git config file
2026-05-17 04:32:55.457 [info] > git config --get commit.template [14ms]
2026-05-17 04:32:55.457 [info] > git for-each-ref --format=%(refname)%00%(upstream:short)%00%(objectname)%00%(upstream:track)%00%(upstream:remotename)%00%(upstream:remoteref) refs/heads/master refs/remotes/master [1ms]
2026-05-17 04:32:55.483 [info] > git for-each-ref --sort -committerdate --format %(refname)%00%(objectname)%00%(*objectname) [1ms]
2026-05-17 04:32:55.509 [info] > git status -z -uall [39ms]
2026-05-17 04:33:07.030 [info] [Git][getRemotes] No remotes found in the git config file
2026-05-17 04:33:07.031 [info] > git for-each-ref --format=%(refname)%00%(upstream:short)%00%(objectname)%00%(upstream:track)%00%(upstream:remotename)%00%(upstream:remoteref) refs/heads/master refs/remotes/master [1ms]
2026-05-17 04:33:07.032 [info] > git config --get commit.template [16ms]
2026-05-17 04:33:07.060 [info] > git for-each-ref --sort -committerdate --format %(refname)%00%(objectname)%00%(*objectname) [2ms]
2026-05-17 04:33:07.085 [info] > git status -z -uall [40ms]
2026-05-17 04:33:17.865 [info] > git fetch [12ms]
2026-05-17 04:33:17.889 [info] [Git][getRemotes] No remotes found in the git config file
2026-05-17 04:33:17.889 [info] > git config --get commit.template [10ms]
2026-05-17 04:33:17.890 [info] > git for-each-ref --format=%(refname)%00%(upstream:short)%00%(objectname)%00%(upstream:track)%00%(upstream:remotename)%00%(upstream:remoteref) refs/heads/feat/h-factor-os refs/remotes/feat/h-factor-os [1ms]
2026-05-17 04:33:17.913 [info] > git for-each-ref --sort -committerdate --format %(refname)%00%(objectname)%00%(*objectname) [2ms]
2026-05-17 04:33:19.665 [info] > git status -z -uall [1765ms] (cancelled)
2026-05-17 04:33:30.901 [info] > git config --get commit.template [1ms]
2026-05-17 04:33:30.915 [info] [Git][getRemotes] No remotes found in the git config file
2026-05-17 04:33:30.916 [info] > git for-each-ref --format=%(refname)%00%(upstream:short)%00%(objectname)%00%(upstream:track)%00%(upstream:remotename)%00%(upstream:remoteref) refs/heads/master refs/remotes/master [1ms]
2026-05-17 04:33:30.946 [info] > git for-each-ref --sort -committerdate --format %(refname)%00%(objectname)%00%(*objectname) [2ms]
2026-05-17 04:33:30.970 [info] > git status -z -uall [40ms]
2026-05-17 04:33:40.791 [info] [Git][getRemotes] No remotes found in the git config file
2026-05-17 04:33:40.804 [info] > git config --get commit.template [13ms]
2026-05-17 04:33:40.805 [info] > git for-each-ref --format=%(refname)%00%(upstream:short)%00%(objectname)%00%(upstream:track)%00%(upstream:remotename)%00%(upstream:remoteref) refs/heads/master refs/remotes/master [1ms]
2026-05-17 04:33:40.831 [info] > git for-each-ref --sort -committerdate --format %(refname)%00%(objectname)%00%(*objectname) [2ms]
2026-05-17 04:33:40.856 [info] > git status -z -uall [39ms]
2026-05-17 04:33:45.889 [info] [Git][getRemotes] No remotes found in the git config file
2026-05-17 04:33:45.892 [info] > git for-each-ref --format=%(refname)%00%(upstream:short)%00%(objectname)%00%(upstream:track)%00%(upstream:remotename)%00%(upstream:remoteref) refs/heads/master refs/remotes/master [3ms]
2026-05-17 04:33:45.892 [info] > git config --get commit.template [16ms]
2026-05-17 04:33:45.921 [info] > git for-each-ref --sort -committerdate --format %(refname)%00%(objectname)%00%(*objectname) [2ms]
2026-05-17 04:33:45.945 [info] > git status -z -uall [40ms]
2026-05-17 04:33:57.993 [info] [Git][getRemotes] No remotes found in the git config file
2026-05-17 04:33:57.994 [info] > git config --get commit.template [13ms]
2026-05-17 04:33:57.994 [info] > git for-each-ref --format=%(refname)%00%(upstream:short)%00%(objectname)%00%(upstream:track)%00%(upstream:remotename)%00%(upstream:remoteref) refs/heads/master refs/remotes/master [1ms]
2026-05-17 04:33:58.021 [info] > git for-each-ref --sort -committerdate --format %(refname)%00%(objectname)%00%(*objectname) [2ms]
2026-05-17 04:33:58.047 [info] > git status -z -uall [41ms]
2026-05-17 04:34:05.165 [info] [Git][getRemotes] No remotes found in the git config file
2026-05-17 04:34:05.165 [info] > git config --get commit.template [11ms]
2026-05-17 04:34:05.166 [info] > git for-each-ref --format=%(refname)%00%(upstream:short)%00%(objectname)%00%(upstream:track)%00%(upstream:remotename)%00%(upstream:remoteref) refs/heads/master refs/remotes/master [2ms]
2026-05-17 04:34:05.191 [info] > git for-each-ref --sort -committerdate --format %(refname)%00%(objectname)%00%(*objectname) [1ms]
2026-05-17 04:34:05.217 [info] > git status -z -uall [39ms]
2026-05-17 04:34:15.093 [info] [Git][getRemotes] No remotes found in the git config file
2026-05-17 04:34:15.093 [info] > git config --get commit.template [11ms]
2026-05-17 04:34:15.094 [info] > git for-each-ref --format=%(refname)%00%(upstream:short)%00%(objectname)%00%(upstream:track)%00%(upstream:remotename)%00%(upstream:remoteref) refs/heads/master refs/remotes/master [1ms]
2026-05-17 04:34:15.116 [info] > git for-each-ref --sort -committerdate --format %(refname)%00%(objectname)%00%(*objectname) [2ms]
2026-05-17 04:34:15.143 [info] > git status -z -uall [40ms]
2026-05-17 04:34:17.751 [info] > git fetch [5ms]
2026-05-17 04:34:17.765 [info] [Git][getRemotes] No remotes found in the git config file
2026-05-17 04:34:17.778 [info] > git config --get commit.template [13ms]
2026-05-17 04:34:17.779 [info] > git for-each-ref --format=%(refname)%00%(upstream:short)%00%(objectname)%00%(upstream:track)%00%(upstream:remotename)%00%(upstream:remoteref) refs/heads/master refs/remotes/master [1ms]
2026-05-17 04:34:17.805 [info] > git for-each-ref --sort -committerdate --format %(refname)%00%(objectname)%00%(*objectname) [1ms]
2026-05-17 04:34:17.831 [info] > git status -z -uall [39ms]
2026-05-17 04:34:26.251 [info] [Git][getRemotes] No remotes found in the git config file
2026-05-17 04:34:26.267 [info] > git config --get commit.template [17ms]
2026-05-17 04:34:26.268 [info] > git for-each-ref --format=%(refname)%00%(upstream:short)%00%(objectname)%00%(upstream:track)%00%(upstream:remotename)%00%(upstream:remoteref) refs/heads/master refs/remotes/master [1ms]
2026-05-17 04:34:26.297 [info] > git for-each-ref --sort -committerdate --format %(refname)%00%(objectname)%00%(*objectname) [2ms]
2026-05-17 04:34:26.320 [info] > git status -z -uall [39ms]
2026-05-17 04:35:02.365 [info] [Git][getRemotes] No remotes found in the git config file
2026-05-17 04:35:02.365 [info] > git config --get commit.template [10ms]
2026-05-17 04:35:02.366 [info] > git for-each-ref --format=%(refname)%00%(upstream:short)%00%(objectname)%00%(upstream:track)%00%(upstream:remotename)%00%(upstream:remoteref) refs/heads/master refs/remotes/master [1ms]
2026-05-17 04:35:02.390 [info] > git for-each-ref --sort -committerdate --format %(refname)%00%(objectname)%00%(*objectname) [2ms]
2026-05-17 04:35:02.417 [info] > git status -z -uall [40ms]
2026-05-17 04:35:46.491 [info] [Git][getRemotes] No remotes found in the git config file
2026-05-17 04:35:46.492 [info] > git config --get commit.template [15ms]
2026-05-17 04:35:46.492 [info] > git for-each-ref --format=%(refname)%00%(upstream:short)%00%(objectname)%00%(upstream:track)%00%(upstream:remotename)%00%(upstream:remoteref) refs/heads/master refs/remotes/master [1ms]
2026-05-17 04:35:46.518 [info] > git for-each-ref --sort -committerdate --format %(refname)%00%(objectname)%00%(*objectname) [1ms]
2026-05-17 04:35:46.545 [info] > git status -z -uall [39ms]
2026-05-17 04:36:02.936 [info] [Git][getRemotes] No remotes found in the git config file
2026-05-17 04:36:02.937 [info] > git config --get commit.template [14ms]
2026-05-17 04:36:02.937 [info] > git for-each-ref --format=%(refname)%00%(upstream:short)%00%(objectname)%00%(upstream:track)%00%(upstream:remotename)%00%(upstream:remoteref) refs/heads/master refs/remotes/master [1ms]
2026-05-17 04:36:02.963 [info] > git for-each-ref --sort -committerdate --format %(refname)%00%(objectname)%00%(*objectname) [1ms]
2026-05-17 04:36:02.988 [info] > git status -z -uall [39ms]
2026-05-17 04:36:18.227 [info] [Git][getRemotes] No remotes found in the git config file
2026-05-17 04:36:18.227 [info] > git config --get commit.template [13ms]
2026-05-17 04:36:18.228 [info] > git for-each-ref --format=%(refname)%00%(upstream:short)%00%(objectname)%00%(upstream:track)%00%(upstream:remotename)%00%(upstream:remoteref) refs/heads/master refs/remotes/master [1ms]
2026-05-17 04:36:18.253 [info] > git for-each-ref --sort -committerdate --format %(refname)%00%(objectname)%00%(*objectname) [1ms]
2026-05-17 04:36:18.280 [info] > git status -z -uall [39ms]
2026-05-17 04:36:19.001 [info] > git fetch [14ms]
2026-05-17 04:36:19.025 [info] [Git][getRemotes] No remotes found in the git config file
2026-05-17 04:36:19.026 [info] > git config --get commit.template [14ms]
2026-05-17 04:36:19.026 [info] > git for-each-ref --format=%(refname)%00%(upstream:short)%00%(objectname)%00%(upstream:track)%00%(upstream:remotename)%00%(upstream:remoteref) refs/heads/feat/h-factor-os refs/remotes/feat/h-factor-os [1ms]
2026-05-17 04:36:19.057 [info] > git for-each-ref --sort -committerdate --format %(refname)%00%(objectname)%00%(*objectname) [2ms]
2026-05-17 04:36:20.881 [info] > git status -z -uall [1842ms] (cancelled)
2026-05-17 04:36:23.319 [info] [Git][getRemotes] No remotes found in the git config file
2026-05-17 04:36:23.319 [info] > git config --get commit.template [17ms]
2026-05-17 04:36:23.320 [info] > git for-each-ref --format=%(refname)%00%(upstream:short)%00%(objectname)%00%(upstream:track)%00%(upstream:remotename)%00%(upstream:remoteref) refs/heads/master refs/remotes/master [1ms]
2026-05-17 04:36:23.346 [info] > git for-each-ref --sort -committerdate --format %(refname)%00%(objectname)%00%(*objectname) [1ms]
2026-05-17 04:36:23.369 [info] > git status -z -uall [37ms]
2026-05-17 04:37:09.665 [info] [Git][getRemotes] No remotes found in the git config file
2026-05-17 04:37:09.666 [info] > git config --get commit.template [10ms]
2026-05-17 04:37:09.666 [info] > git for-each-ref --format=%(refname)%00%(upstream:short)%00%(objectname)%00%(upstream:track)%00%(upstream:remotename)%00%(upstream:remoteref) refs/heads/master refs/remotes/master [1ms]
2026-05-17 04:37:09.688 [info] > git for-each-ref --sort -committerdate --format %(refname)%00%(objectname)%00%(*objectname) [1ms]
2026-05-17 04:37:09.717 [info] > git status -z -uall [41ms]
2026-05-17 04:37:17.854 [info] > git fetch [6ms]
2026-05-17 04:37:17.875 [info] [Git][getRemotes] No remotes found in the git config file
2026-05-17 04:37:17.876 [info] > git config --get commit.template [11ms]
2026-05-17 04:37:17.877 [info] > git for-each-ref --format=%(refname)%00%(upstream:short)%00%(objectname)%00%(upstream:track)%00%(upstream:remotename)%00%(upstream:remoteref) refs/heads/master refs/remotes/master [1ms]
2026-05-17 04:37:17.898 [info] > git for-each-ref --sort -committerdate --format %(refname)%00%(objectname)%00%(*objectname) [1ms]
2026-05-17 04:37:17.926 [info] > git status -z -uall [40ms]
2026-05-17 04:37:18.945 [info] > git config --get commit.template [2ms]
2026-05-17 04:37:18.958 [info] [Git][getRemotes] No remotes found in the git config file
2026-05-17 04:37:18.959 [info] > git for-each-ref --format=%(refname)%00%(upstream:short)%00%(objectname)%00%(upstream:track)%00%(upstream:remotename)%00%(upstream:remoteref) refs/heads/master refs/remotes/master [1ms]
2026-05-17 04:37:18.985 [info] > git for-each-ref --sort -committerdate --format %(refname)%00%(objectname)%00%(*objectname) [2ms]
2026-05-17 04:37:19.011 [info] > git status -z -uall [39ms]
2026-05-17 04:38:11.300 [info] [Git][getRemotes] No remotes found in the git config file
2026-05-17 04:38:11.300 [info] > git config --get commit.template [14ms]
2026-05-17 04:38:11.301 [info] > git for-each-ref --format=%(refname)%00%(upstream:short)%00%(objectname)%00%(upstream:track)%00%(upstream:remotename)%00%(upstream:remoteref) refs/heads/master refs/remotes/master [2ms]
2026-05-17 04:38:11.326 [info] > git for-each-ref --sort -committerdate --format %(refname)%00%(objectname)%00%(*objectname) [1ms]
2026-05-17 04:38:11.352 [info] > git status -z -uall [38ms]
2026-05-17 04:38:16.383 [info] [Git][getRemotes] No remotes found in the git config file
2026-05-17 04:38:16.383 [info] > git config --get commit.template [13ms]
2026-05-17 04:38:16.384 [info] > git for-each-ref --format=%(refname)%00%(upstream:short)%00%(objectname)%00%(upstream:track)%00%(upstream:remotename)%00%(upstream:remoteref) refs/heads/master refs/remotes/master [1ms]
2026-05-17 04:38:16.410 [info] > git for-each-ref --sort -committerdate --format %(refname)%00%(objectname)%00%(*objectname) [2ms]
2026-05-17 04:38:16.437 [info] > git status -z -uall [40ms]
2026-05-17 04:38:21.466 [info] [Git][getRemotes] No remotes found in the git config file
2026-05-17 04:38:21.467 [info] > git config --get commit.template [13ms]
2026-05-17 04:38:21.467 [info] > git for-each-ref --format=%(refname)%00%(upstream:short)%00%(objectname)%00%(upstream:track)%00%(upstream:remotename)%00%(upstream:remoteref) refs/heads/master refs/remotes/master [1ms]
2026-05-17 04:38:21.489 [info] > git for-each-ref --sort -committerdate --format %(refname)%00%(objectname)%00%(*objectname) [1ms]
2026-05-17 04:38:21.517 [info] > git status -z -uall [40ms]
2026-05-17 04:38:30.172 [info] [Git][getRemotes] No remotes found in the git config file
2026-05-17 04:38:30.174 [info] > git for-each-ref --format=%(refname)%00%(upstream:short)%00%(objectname)%00%(upstream:track)%00%(upstream:remotename)%00%(upstream:remoteref) refs/heads/master refs/remotes/master [1ms]
2026-05-17 04:38:30.174 [info] > git config --get commit.template [16ms]
2026-05-17 04:38:30.201 [info] > git for-each-ref --sort -committerdate --format %(refname)%00%(objectname)%00%(*objectname) [1ms]
2026-05-17 04:38:30.226 [info] > git status -z -uall [39ms]
2026-05-17 04:38:43.194 [info] > git config --get commit.template [2ms]
2026-05-17 04:38:43.207 [info] [Git][getRemotes] No remotes found in the git config file
2026-05-17 04:38:43.208 [info] > git for-each-ref --format=%(refname)%00%(upstream:short)%00%(objectname)%00%(upstream:track)%00%(upstream:remotename)%00%(upstream:remoteref) refs/heads/master refs/remotes/master [1ms]
2026-05-17 04:38:43.233 [info] > git for-each-ref --sort -committerdate --format %(refname)%00%(objectname)%00%(*objectname) [1ms]
2026-05-17 04:38:43.260 [info] > git status -z -uall [40ms]
2026-05-17 04:38:48.293 [info] [Git][getRemotes] No remotes found in the git config file
2026-05-17 04:38:48.293 [info] > git config --get commit.template [13ms]
2026-05-17 04:38:48.294 [info] > git for-each-ref --format=%(refname)%00%(upstream:short)%00%(objectname)%00%(upstream:track)%00%(upstream:remotename)%00%(upstream:remoteref) refs/heads/master refs/remotes/master [2ms]
2026-05-17 04:38:48.323 [info] > git for-each-ref --sort -committerdate --format %(refname)%00%(objectname)%00%(*objectname) [2ms]
2026-05-17 04:38:48.347 [info] > git status -z -uall [41ms]
2026-05-17 04:38:53.369 [info] > git config --get commit.template [2ms]
2026-05-17 04:38:53.381 [info] [Git][getRemotes] No remotes found in the git config file
2026-05-17 04:38:53.382 [info] > git for-each-ref --format=%(refname)%00%(upstream:short)%00%(objectname)%00%(upstream:track)%00%(upstream:remotename)%00%(upstream:remoteref) refs/heads/master refs/remotes/master [2ms]
2026-05-17 04:38:53.409 [info] > git for-each-ref --sort -committerdate --format %(refname)%00%(objectname)%00%(*objectname) [2ms]
2026-05-17 04:38:53.434 [info] > git status -z -uall [40ms]
2026-05-17 04:38:58.464 [info] [Git][getRemotes] No remotes found in the git config file
2026-05-17 04:38:58.464 [info] > git config --get commit.template [13ms]
2026-05-17 04:38:58.465 [info] > git for-each-ref --format=%(refname)%00%(upstream:short)%00%(objectname)%00%(upstream:track)%00%(upstream:remotename)%00%(upstream:remoteref) refs/heads/master refs/remotes/master [1ms]
2026-05-17 04:38:58.492 [info] > git for-each-ref --sort -committerdate --format %(refname)%00%(objectname)%00%(*objectname) [1ms]
2026-05-17 04:38:58.519 [info] > git status -z -uall [41ms]
2026-05-17 04:39:09.795 [info] [Git][getRemotes] No remotes found in the git config file
2026-05-17 04:39:09.796 [info] > git config --get commit.template [14ms]
2026-05-17 04:39:09.796 [info] > git for-each-ref --format=%(refname)%00%(upstream:short)%00%(objectname)%00%(upstream:track)%00%(upstream:remotename)%00%(upstream:remoteref) refs/heads/master refs/remotes/master [1ms]
2026-05-17 04:39:09.824 [info] > git for-each-ref --sort -committerdate --format %(refname)%00%(objectname)%00%(*objectname) [2ms]
2026-05-17 04:39:09.851 [info] > git status -z -uall [40ms]
2026-05-17 04:39:17.382 [info] [Git][getRemotes] No remotes found in the git config file
2026-05-17 04:39:17.383 [info] > git config --get commit.template [14ms]
2026-05-17 04:39:17.383 [info] > git for-each-ref --format=%(refname)%00%(upstream:short)%00%(objectname)%00%(upstream:track)%00%(upstream:remotename)%00%(upstream:remoteref) refs/heads/master refs/remotes/master [1ms]
2026-05-17 04:39:17.409 [info] > git for-each-ref --sort -committerdate --format %(refname)%00%(objectname)%00%(*objectname) [2ms]
2026-05-17 04:39:17.436 [info] > git status -z -uall [40ms]
2026-05-17 04:39:20.137 [info] > git fetch [14ms]
2026-05-17 04:39:20.163 [info] [Git][getRemotes] No remotes found in the git config file
2026-05-17 04:39:20.164 [info] > git config --get commit.template [13ms]
2026-05-17 04:39:20.164 [info] > git for-each-ref --format=%(refname)%00%(upstream:short)%00%(objectname)%00%(upstream:track)%00%(upstream:remotename)%00%(upstream:remoteref) refs/heads/feat/h-factor-os refs/remotes/feat/h-factor-os [1ms]
2026-05-17 04:39:20.192 [info] > git for-each-ref --sort -committerdate --format %(refname)%00%(objectname)%00%(*objectname) [2ms]
2026-05-17 04:39:21.952 [info] > git status -z -uall [1775ms] (cancelled)
2026-05-17 04:39:22.467 [info] [Git][getRemotes] No remotes found in the git config file
2026-05-17 04:39:22.468 [info] > git config --get commit.template [14ms]
2026-05-17 04:39:22.468 [info] > git for-each-ref --format=%(refname)%00%(upstream:short)%00%(objectname)%00%(upstream:track)%00%(upstream:remotename)%00%(upstream:remoteref) refs/heads/master refs/remotes/master [1ms]
2026-05-17 04:39:22.493 [info] > git for-each-ref --sort -committerdate --format %(refname)%00%(objectname)%00%(*objectname) [1ms]
2026-05-17 04:39:22.521 [info] > git status -z -uall [40ms]
2026-05-17 04:39:27.548 [info] [Git][getRemotes] No remotes found in the git config file
2026-05-17 04:39:27.549 [info] > git config --get commit.template [13ms]
2026-05-17 04:39:27.550 [info] > git for-each-ref --format=%(refname)%00%(upstream:short)%00%(objectname)%00%(upstream:track)%00%(upstream:remotename)%00%(upstream:remoteref) refs/heads/master refs/remotes/master [2ms]
2026-05-17 04:39:27.575 [info] > git for-each-ref --sort -committerdate --format %(refname)%00%(objectname)%00%(*objectname) [2ms]
2026-05-17 04:39:27.603 [info] > git status -z -uall [40ms]
2026-05-17 04:39:32.630 [info] [Git][getRemotes] No remotes found in the git config file
2026-05-17 04:39:32.630 [info] > git config --get commit.template [11ms]
2026-05-17 04:39:32.631 [info] > git for-each-ref --format=%(refname)%00%(upstream:short)%00%(objectname)%00%(upstream:track)%00%(upstream:remotename)%00%(upstream:remoteref) refs/heads/master refs/remotes/master [1ms]
2026-05-17 04:39:32.656 [info] > git for-each-ref --sort -committerdate --format %(refname)%00%(objectname)%00%(*objectname) [2ms]
2026-05-17 04:39:32.681 [info] > git status -z -uall [39ms]
2026-05-17 04:39:37.698 [info] [Git][getRemotes] No remotes found in the git config file
2026-05-17 04:39:37.712 [info] > git config --get commit.template [14ms]
2026-05-17 04:39:37.713 [info] > git for-each-ref --format=%(refname)%00%(upstream:short)%00%(objectname)%00%(upstream:track)%00%(upstream:remotename)%00%(upstream:remoteref) refs/heads/master refs/remotes/master [1ms]
2026-05-17 04:39:37.739 [info] > git for-each-ref --sort -committerdate --format %(refname)%00%(objectname)%00%(*objectname) [1ms]
2026-05-17 04:39:37.771 [info] > git status -z -uall [44ms]
2026-05-17 04:39:42.801 [info] [Git][getRemotes] No remotes found in the git config file
2026-05-17 04:39:42.801 [info] > git config --get commit.template [11ms]
2026-05-17 04:39:42.802 [info] > git for-each-ref --format=%(refname)%00%(upstream:short)%00%(objectname)%00%(upstream:track)%00%(upstream:remotename)%00%(upstream:remoteref) refs/heads/master refs/remotes/master [1ms]
2026-05-17 04:39:42.825 [info] > git for-each-ref --sort -committerdate --format %(refname)%00%(objectname)%00%(*objectname) [1ms]
2026-05-17 04:39:42.851 [info] > git status -z -uall [39ms]
2026-05-17 04:39:47.882 [info] [Git][getRemotes] No remotes found in the git config file
2026-05-17 04:39:47.882 [info] > git config --get commit.template [14ms]
2026-05-17 04:39:47.882 [info] > git for-each-ref --format=%(refname)%00%(upstream:short)%00%(objectname)%00%(upstream:track)%00%(upstream:remotename)%00%(upstream:remoteref) refs/heads/master refs/remotes/master [1ms]
2026-05-17 04:39:47.905 [info] > git for-each-ref --sort -committerdate --format %(refname)%00%(objectname)%00%(*objectname) [1ms]
2026-05-17 04:39:47.935 [info] > git status -z -uall [42ms]
2026-05-17 04:39:52.953 [info] > git config --get commit.template [1ms]
2026-05-17 04:39:52.967 [info] [Git][getRemotes] No remotes found in the git config file
2026-05-17 04:39:52.968 [info] > git for-each-ref --format=%(refname)%00%(upstream:short)%00%(objectname)%00%(upstream:track)%00%(upstream:remotename)%00%(upstream:remoteref) refs/heads/master refs/remotes/master [1ms]
2026-05-17 04:39:52.991 [info] > git for-each-ref --sort -committerdate --format %(refname)%00%(objectname)%00%(*objectname) [2ms]
2026-05-17 04:39:53.020 [info] > git status -z -uall [41ms]
2026-05-17 04:39:58.048 [info] [Git][getRemotes] No remotes found in the git config file
2026-05-17 04:39:58.048 [info] > git config --get commit.template [10ms]
2026-05-17 04:39:58.049 [info] > git for-each-ref --format=%(refname)%00%(upstream:short)%00%(objectname)%00%(upstream:track)%00%(upstream:remotename)%00%(upstream:remoteref) refs/heads/master refs/remotes/master [1ms]
2026-05-17 04:39:58.071 [info] > git for-each-ref --sort -committerdate --format %(refname)%00%(objectname)%00%(*objectname) [2ms]
2026-05-17 04:39:58.102 [info] > git status -z -uall [43ms]
2026-05-17 04:40:03.132 [info] [Git][getRemotes] No remotes found in the git config file
2026-05-17 04:40:03.132 [info] > git config --get commit.template [11ms]
2026-05-17 04:40:03.133 [info] > git for-each-ref --format=%(refname)%00%(upstream:short)%00%(objectname)%00%(upstream:track)%00%(upstream:remotename)%00%(upstream:remoteref) refs/heads/master refs/remotes/master [1ms]
2026-05-17 04:40:03.156 [info] > git for-each-ref --sort -committerdate --format %(refname)%00%(objectname)%00%(*objectname) [1ms]
2026-05-17 04:40:03.182 [info] > git status -z -uall [39ms]
2026-05-17 04:40:17.949 [info] > git fetch [6ms]
2026-05-17 04:40:17.976 [info] [Git][getRemotes] No remotes found in the git config file
2026-05-17 04:40:17.976 [info] > git config --get commit.template [14ms]
2026-05-17 04:40:17.977 [info] > git for-each-ref --format=%(refname)%00%(upstream:short)%00%(objectname)%00%(upstream:track)%00%(upstream:remotename)%00%(upstream:remoteref) refs/heads/master refs/remotes/master [1ms]
2026-05-17 04:40:18.003 [info] > git for-each-ref --sort -committerdate --format %(refname)%00%(objectname)%00%(*objectname) [1ms]
2026-05-17 04:40:18.029 [info] > git status -z -uall [40ms]
2026-05-17 04:41:24.483 [info] [Git][getRemotes] No remotes found in the git config file
2026-05-17 04:41:24.496 [info] > git config --get commit.template [14ms]
2026-05-17 04:41:24.496 [info] > git for-each-ref --format=%(refname)%00%(upstream:short)%00%(objectname)%00%(upstream:track)%00%(upstream:remotename)%00%(upstream:remoteref) refs/heads/master refs/remotes/master [1ms]
2026-05-17 04:41:24.520 [info] > git for-each-ref --sort -committerdate --format %(refname)%00%(objectname)%00%(*objectname) [1ms]
2026-05-17 04:41:24.547 [info] > git status -z -uall [38ms]
2026-05-17 04:41:46.660 [info] [Git][getRemotes] No remotes found in the git config file
2026-05-17 04:41:46.661 [info] > git config --get commit.template [14ms]
2026-05-17 04:41:46.661 [info] > git for-each-ref --format=%(refname)%00%(upstream:short)%00%(objectname)%00%(upstream:track)%00%(upstream:remotename)%00%(upstream:remoteref) refs/heads/master refs/remotes/master [1ms]
2026-05-17 04:41:46.688 [info] > git for-each-ref --sort -committerdate --format %(refname)%00%(objectname)%00%(*objectname) [1ms]
2026-05-17 04:41:46.714 [info] > git status -z -uall [40ms]
2026-05-17 04:42:21.268 [info] > git fetch [14ms]
2026-05-17 04:42:21.295 [info] [Git][getRemotes] No remotes found in the git config file
2026-05-17 04:42:21.296 [info] > git config --get commit.template [14ms]
2026-05-17 04:42:21.296 [info] > git for-each-ref --format=%(refname)%00%(upstream:short)%00%(objectname)%00%(upstream:track)%00%(upstream:remotename)%00%(upstream:remoteref) refs/heads/feat/h-factor-os refs/remotes/feat/h-factor-os [1ms]
2026-05-17 04:42:21.324 [info] > git for-each-ref --sort -committerdate --format %(refname)%00%(objectname)%00%(*objectname) [2ms]
2026-05-17 04:42:23.035 [info] > git status -z -uall [1726ms] (cancelled)
2026-05-17 04:42:38.788 [info] [Git][getRemotes] No remotes found in the git config file
2026-05-17 04:42:38.788 [info] > git config --get commit.template [14ms]
2026-05-17 04:42:38.789 [info] > git for-each-ref --format=%(refname)%00%(upstream:short)%00%(objectname)%00%(upstream:track)%00%(upstream:remotename)%00%(upstream:remoteref) refs/heads/master refs/remotes/master [1ms]
2026-05-17 04:42:38.812 [info] > git for-each-ref --sort -committerdate --format %(refname)%00%(objectname)%00%(*objectname) [1ms]
2026-05-17 04:42:38.840 [info] > git status -z -uall [39ms]
2026-05-17 04:42:43.871 [info] [Git][getRemotes] No remotes found in the git config file
2026-05-17 04:42:43.872 [info] > git config --get commit.template [13ms]
2026-05-17 04:42:43.872 [info] > git for-each-ref --format=%(refname)%00%(upstream:short)%00%(objectname)%00%(upstream:track)%00%(upstream:remotename)%00%(upstream:remoteref) refs/heads/master refs/remotes/master [1ms]
2026-05-17 04:42:43.898 [info] > git for-each-ref --sort -committerdate --format %(refname)%00%(objectname)%00%(*objectname) [2ms]
2026-05-17 04:42:43.925 [info] > git status -z -uall [40ms]
2026-05-17 04:42:48.944 [info] > git config --get commit.template [2ms]
2026-05-17 04:42:48.944 [info] [Git][getRemotes] No remotes found in the git config file
2026-05-17 04:42:48.960 [info] > git for-each-ref --format=%(refname)%00%(upstream:short)%00%(objectname)%00%(upstream:track)%00%(upstream:remotename)%00%(upstream:remoteref) refs/heads/master refs/remotes/master [1ms]
2026-05-17 04:42:49.300 [info] > git status -z -uall [328ms]
2026-05-17 04:42:49.301 [info] > git for-each-ref --sort -committerdate --format %(refname)%00%(objectname)%00%(*objectname) [317ms]
2026-05-17 04:42:54.331 [info] [Git][getRemotes] No remotes found in the git config file
2026-05-17 04:42:54.331 [info] > git config --get commit.template [13ms]
2026-05-17 04:42:54.332 [info] > git for-each-ref --format=%(refname)%00%(upstream:short)%00%(objectname)%00%(upstream:track)%00%(upstream:remotename)%00%(upstream:remoteref) refs/heads/master refs/remotes/master [1ms]
2026-05-17 04:42:54.358 [info] > git for-each-ref --sort -committerdate --format %(refname)%00%(objectname)%00%(*objectname) [1ms]
2026-05-17 04:42:54.383 [info] > git status -z -uall [39ms]
2026-05-17 04:42:59.413 [info] [Git][getRemotes] No remotes found in the git config file
2026-05-17 04:42:59.413 [info] > git config --get commit.template [14ms]
2026-05-17 04:42:59.414 [info] > git for-each-ref --format=%(refname)%00%(upstream:short)%00%(objectname)%00%(upstream:track)%00%(upstream:remotename)%00%(upstream:remoteref) refs/heads/master refs/remotes/master [1ms]
2026-05-17 04:42:59.441 [info] > git for-each-ref --sort -committerdate --format %(refname)%00%(objectname)%00%(*objectname) [1ms]
2026-05-17 04:42:59.467 [info] > git status -z -uall [40ms]
2026-05-17 04:43:17.727 [info] [Git][getRemotes] No remotes found in the git config file
2026-05-17 04:43:17.737 [info] > git config --get commit.template [11ms]
2026-05-17 04:43:17.738 [info] > git for-each-ref --format=%(refname)%00%(upstream:short)%00%(objectname)%00%(upstream:track)%00%(upstream:remotename)%00%(upstream:remoteref) refs/heads/master refs/remotes/master [1ms]
2026-05-17 04:43:17.759 [info] > git for-each-ref --sort -committerdate --format %(refname)%00%(objectname)%00%(*objectname) [1ms]
2026-05-17 04:43:17.790 [info] > git status -z -uall [42ms]
2026-05-17 04:43:18.050 [info] > git fetch [5ms]
2026-05-17 04:43:18.071 [info] [Git][getRemotes] No remotes found in the git config file
2026-05-17 04:43:18.071 [info] > git config --get commit.template [10ms]
2026-05-17 04:43:18.072 [info] > git for-each-ref --format=%(refname)%00%(upstream:short)%00%(objectname)%00%(upstream:track)%00%(upstream:remotename)%00%(upstream:remoteref) refs/heads/master refs/remotes/master [1ms]
2026-05-17 04:43:18.092 [info] > git for-each-ref --sort -committerdate --format %(refname)%00%(objectname)%00%(*objectname) [1ms]
2026-05-17 04:43:18.122 [info] > git status -z -uall [41ms]
2026-05-17 04:43:22.814 [info] [Git][getRemotes] No remotes found in the git config file
2026-05-17 04:43:22.814 [info] > git config --get commit.template [10ms]
2026-05-17 04:43:22.815 [info] > git for-each-ref --format=%(refname)%00%(upstream:short)%00%(objectname)%00%(upstream:track)%00%(upstream:remotename)%00%(upstream:remoteref) refs/heads/master refs/remotes/master [1ms]
2026-05-17 04:43:22.837 [info] > git for-each-ref --sort -committerdate --format %(refname)%00%(objectname)%00%(*objectname) [1ms]
2026-05-17 04:43:22.866 [info] > git status -z -uall [41ms]
2026-05-17 04:43:36.910 [info] [Git][getRemotes] No remotes found in the git config file
2026-05-17 04:43:36.910 [info] > git config --get commit.template [11ms]
2026-05-17 04:43:36.911 [info] > git for-each-ref --format=%(refname)%00%(upstream:short)%00%(objectname)%00%(upstream:track)%00%(upstream:remotename)%00%(upstream:remoteref) refs/heads/master refs/remotes/master [1ms]
2026-05-17 04:43:36.938 [info] > git for-each-ref --sort -committerdate --format %(refname)%00%(objectname)%00%(*objectname) [1ms]
2026-05-17 04:43:36.966 [info] > git status -z -uall [42ms]
2026-05-17 04:43:41.997 [info] [Git][getRemotes] No remotes found in the git config file
2026-05-17 04:43:41.998 [info] > git config --get commit.template [14ms]
2026-05-17 04:43:41.998 [info] > git for-each-ref --format=%(refname)%00%(upstream:short)%00%(objectname)%00%(upstream:track)%00%(upstream:remotename)%00%(upstream:remoteref) refs/heads/master refs/remotes/master [1ms]
2026-05-17 04:43:42.023 [info] > git for-each-ref --sort -committerdate --format %(refname)%00%(objectname)%00%(*objectname) [2ms]
2026-05-17 04:43:42.050 [info] > git status -z -uall [39ms]
2026-05-17 04:43:47.076 [info] [Git][getRemotes] No remotes found in the git config file
2026-05-17 04:43:47.077 [info] > git config --get commit.template [14ms]
2026-05-17 04:43:47.077 [info] > git for-each-ref --format=%(refname)%00%(upstream:short)%00%(objectname)%00%(upstream:track)%00%(upstream:remotename)%00%(upstream:remoteref) refs/heads/master refs/remotes/master [1ms]
2026-05-17 04:43:47.100 [info] > git for-each-ref --sort -committerdate --format %(refname)%00%(objectname)%00%(*objectname) [2ms]
2026-05-17 04:43:47.127 [info] > git status -z -uall [40ms]
2026-05-17 04:44:46.757 [info] [Git][getRemotes] No remotes found in the git config file
2026-05-17 04:44:46.757 [info] > git config --get commit.template [14ms]
2026-05-17 04:44:46.758 [info] > git for-each-ref --format=%(refname)%00%(upstream:short)%00%(objectname)%00%(upstream:track)%00%(upstream:remotename)%00%(upstream:remoteref) refs/heads/master refs/remotes/master [1ms]
2026-05-17 04:44:46.783 [info] > git for-each-ref --sort -committerdate --format %(refname)%00%(objectname)%00%(*objectname) [2ms]
2026-05-17 04:44:46.811 [info] > git status -z -uall [41ms]
2026-05-17 04:45:22.376 [info] > git fetch [14ms]
2026-05-17 04:45:22.404 [info] [Git][getRemotes] No remotes found in the git config file
2026-05-17 04:45:22.404 [info] > git config --get commit.template [14ms]
2026-05-17 04:45:22.405 [info] > git for-each-ref --format=%(refname)%00%(upstream:short)%00%(objectname)%00%(upstream:track)%00%(upstream:remotename)%00%(upstream:remoteref) refs/heads/feat/h-factor-os refs/remotes/feat/h-factor-os [1ms]
2026-05-17 04:45:22.435 [info] > git for-each-ref --sort -committerdate --format %(refname)%00%(objectname)%00%(*objectname) [2ms]
2026-05-17 04:45:24.183 [info] > git status -z -uall [1765ms] (cancelled)
2026-05-17 04:45:44.114 [info] [Git][getRemotes] No remotes found in the git config file
2026-05-17 04:45:44.115 [info] > git config --get commit.template [14ms]
2026-05-17 04:45:44.115 [info] > git for-each-ref --format=%(refname)%00%(upstream:short)%00%(objectname)%00%(upstream:track)%00%(upstream:remotename)%00%(upstream:remoteref) refs/heads/master refs/remotes/master [1ms]
2026-05-17 04:45:44.143 [info] > git for-each-ref --sort -committerdate --format %(refname)%00%(objectname)%00%(*objectname) [1ms]
2026-05-17 04:45:44.169 [info] > git status -z -uall [41ms]
2026-05-17 04:46:18.144 [info] > git fetch [5ms]
2026-05-17 04:46:18.170 [info] [Git][getRemotes] No remotes found in the git config file
2026-05-17 04:46:18.171 [info] > git config --get commit.template [13ms]
2026-05-17 04:46:18.172 [info] > git for-each-ref --format=%(refname)%00%(upstream:short)%00%(objectname)%00%(upstream:track)%00%(upstream:remotename)%00%(upstream:remoteref) refs/heads/master refs/remotes/master [1ms]
2026-05-17 04:46:18.198 [info] > git for-each-ref --sort -committerdate --format %(refname)%00%(objectname)%00%(*objectname) [1ms]
2026-05-17 04:46:18.223 [info] > git status -z -uall [39ms]
2026-05-17 04:46:26.061 [info] [Git][getRemotes] No remotes found in the git config file
2026-05-17 04:46:26.062 [info] > git config --get commit.template [12ms]
2026-05-17 04:46:26.062 [info] > git for-each-ref --format=%(refname)%00%(upstream:short)%00%(objectname)%00%(upstream:track)%00%(upstream:remotename)%00%(upstream:remoteref) refs/heads/master refs/remotes/master [1ms]
2026-05-17 04:46:26.084 [info] > git for-each-ref --sort -committerdate --format %(refname)%00%(objectname)%00%(*objectname) [1ms]
2026-05-17 04:46:26.112 [info] > git status -z -uall [40ms]
2026-05-17 04:46:31.135 [info] [Git][getRemotes] No remotes found in the git config file
2026-05-17 04:46:31.136 [info] > git config --get commit.template [11ms]
2026-05-17 04:46:31.136 [info] > git for-each-ref --format=%(refname)%00%(upstream:short)%00%(objectname)%00%(upstream:track)%00%(upstream:remotename)%00%(upstream:remoteref) refs/heads/master refs/remotes/master [1ms]
2026-05-17 04:46:31.161 [info] > git for-each-ref --sort -committerdate --format %(refname)%00%(objectname)%00%(*objectname) [1ms]
2026-05-17 04:46:31.187 [info] > git status -z -uall [41ms]
2026-05-17 04:46:53.173 [info] [Git][getRemotes] No remotes found in the git config file
2026-05-17 04:46:53.173 [info] > git config --get commit.template [11ms]
2026-05-17 04:46:53.174 [info] > git for-each-ref --format=%(refname)%00%(upstream:short)%00%(objectname)%00%(upstream:track)%00%(upstream:remotename)%00%(upstream:remoteref) refs/heads/master refs/remotes/master [1ms]
2026-05-17 04:46:53.195 [info] > git for-each-ref --sort -committerdate --format %(refname)%00%(objectname)%00%(*objectname) [1ms]
2026-05-17 04:46:53.224 [info] > git status -z -uall [41ms]
2026-05-17 04:46:58.248 [info] [Git][getRemotes] No remotes found in the git config file
2026-05-17 04:46:58.248 [info] > git config --get commit.template [10ms]
2026-05-17 04:46:58.249 [info] > git for-each-ref --format=%(refname)%00%(upstream:short)%00%(objectname)%00%(upstream:track)%00%(upstream:remotename)%00%(upstream:remoteref) refs/heads/master refs/remotes/master [1ms]
2026-05-17 04:46:58.272 [info] > git for-each-ref --sort -committerdate --format %(refname)%00%(objectname)%00%(*objectname) [1ms]
2026-05-17 04:46:58.299 [info] > git status -z -uall [39ms]
2026-05-17 04:47:03.322 [info] [Git][getRemotes] No remotes found in the git config file
2026-05-17 04:47:03.322 [info] > git config --get commit.template [10ms]
2026-05-17 04:47:03.323 [info] > git for-each-ref --format=%(refname)%00%(upstream:short)%00%(objectname)%00%(upstream:track)%00%(upstream:remotename)%00%(upstream:remoteref) refs/heads/master refs/remotes/master [1ms]
2026-05-17 04:47:03.349 [info] > git for-each-ref --sort -committerdate --format %(refname)%00%(objectname)%00%(*objectname) [2ms]
2026-05-17 04:47:03.376 [info] > git status -z -uall [43ms]
2026-05-17 04:47:24.327 [info] [Git][getRemotes] No remotes found in the git config file
2026-05-17 04:47:24.328 [info] > git config --get commit.template [14ms]
2026-05-17 04:47:24.328 [info] > git for-each-ref --format=%(refname)%00%(upstream:short)%00%(objectname)%00%(upstream:track)%00%(upstream:remotename)%00%(upstream:remoteref) refs/heads/master refs/remotes/master [1ms]
2026-05-17 04:47:24.353 [info] > git for-each-ref --sort -committerdate --format %(refname)%00%(objectname)%00%(*objectname) [2ms]
2026-05-17 04:47:24.381 [info] > git status -z -uall [40ms]
2026-05-17 04:47:29.412 [info] [Git][getRemotes] No remotes found in the git config file
2026-05-17 04:47:29.413 [info] > git config --get commit.template [16ms]
2026-05-17 04:47:29.414 [info] > git for-each-ref --format=%(refname)%00%(upstream:short)%00%(objectname)%00%(upstream:track)%00%(upstream:remotename)%00%(upstream:remoteref) refs/heads/master refs/remotes/master [2ms]
2026-05-17 04:47:29.438 [info] > git for-each-ref --sort -committerdate --format %(refname)%00%(objectname)%00%(*objectname) [1ms]
2026-05-17 04:47:29.466 [info] > git status -z -uall [41ms]
2026-05-17 04:47:34.495 [info] [Git][getRemotes] No remotes found in the git config file
2026-05-17 04:47:34.496 [info] > git config --get commit.template [14ms]
2026-05-17 04:47:34.496 [info] > git for-each-ref --format=%(refname)%00%(upstream:short)%00%(objectname)%00%(upstream:track)%00%(upstream:remotename)%00%(upstream:remoteref) refs/heads/master refs/remotes/master [1ms]
2026-05-17 04:47:34.519 [info] > git for-each-ref --sort -committerdate --format %(refname)%00%(objectname)%00%(*objectname) [2ms]
2026-05-17 04:47:34.545 [info] > git status -z -uall [39ms]
2026-05-17 04:47:46.853 [info] [Git][getRemotes] No remotes found in the git config file
2026-05-17 04:47:46.853 [info] > git config --get commit.template [14ms]
2026-05-17 04:47:46.854 [info] > git for-each-ref --format=%(refname)%00%(upstream:short)%00%(objectname)%00%(upstream:track)%00%(upstream:remotename)%00%(upstream:remoteref) refs/heads/master refs/remotes/master [2ms]
2026-05-17 04:47:46.878 [info] > git for-each-ref --sort -committerdate --format %(refname)%00%(objectname)%00%(*objectname) [1ms]
2026-05-17 04:47:46.906 [info] > git status -z -uall [40ms]
2026-05-17 04:47:51.939 [info] [Git][getRemotes] No remotes found in the git config file
2026-05-17 04:47:51.940 [info] > git for-each-ref --format=%(refname)%00%(upstream:short)%00%(objectname)%00%(upstream:track)%00%(upstream:remotename)%00%(upstream:remoteref) refs/heads/master refs/remotes/master [2ms]
2026-05-17 04:47:51.940 [info] > git config --get commit.template [15ms]
2026-05-17 04:47:51.963 [info] > git for-each-ref --sort -committerdate --format %(refname)%00%(objectname)%00%(*objectname) [2ms]
2026-05-17 04:47:51.991 [info] > git status -z -uall [40ms]
2026-05-17 04:47:58.485 [info] [Git][getRemotes] No remotes found in the git config file
2026-05-17 04:47:58.499 [info] > git config --get commit.template [14ms]
2026-05-17 04:47:58.499 [info] > git for-each-ref --format=%(refname)%00%(upstream:short)%00%(objectname)%00%(upstream:track)%00%(upstream:remotename)%00%(upstream:remoteref) refs/heads/master refs/remotes/master [1ms]
2026-05-17 04:47:58.527 [info] > git for-each-ref --sort -committerdate --format %(refname)%00%(objectname)%00%(*objectname) [1ms]
2026-05-17 04:47:58.552 [info] > git status -z -uall [40ms]
2026-05-17 04:48:03.570 [info] [Git][getRemotes] No remotes found in the git config file
2026-05-17 04:48:03.583 [info] > git config --get commit.template [14ms]
2026-05-17 04:48:03.584 [info] > git for-each-ref --format=%(refname)%00%(upstream:short)%00%(objectname)%00%(upstream:track)%00%(upstream:remotename)%00%(upstream:remoteref) refs/heads/master refs/remotes/master [1ms]
2026-05-17 04:48:03.610 [info] > git for-each-ref --sort -committerdate --format %(refname)%00%(objectname)%00%(*objectname) [1ms]
2026-05-17 04:48:03.636 [info] > git status -z -uall [40ms]
2026-05-17 04:48:19.549 [info] [Git][getRemotes] No remotes found in the git config file
2026-05-17 04:48:19.551 [info] > git for-each-ref --format=%(refname)%00%(upstream:short)%00%(objectname)%00%(upstream:track)%00%(upstream:remotename)%00%(upstream:remoteref) refs/heads/master refs/remotes/master [1ms]
2026-05-17 04:48:19.551 [info] > git config --get commit.template [15ms]
2026-05-17 04:48:19.577 [info] > git for-each-ref --sort -committerdate --format %(refname)%00%(objectname)%00%(*objectname) [1ms]
2026-05-17 04:48:19.602 [info] > git status -z -uall [39ms]
2026-05-17 04:48:23.508 [info] > git fetch [13ms]
2026-05-17 04:48:23.520 [info] [Git][getRemotes] No remotes found in the git config file
2026-05-17 04:48:23.530 [info] > git config --get commit.template [11ms]
2026-05-17 04:48:23.531 [info] > git for-each-ref --format=%(refname)%00%(upstream:short)%00%(objectname)%00%(upstream:track)%00%(upstream:remotename)%00%(upstream:remoteref) refs/heads/feat/h-factor-os refs/remotes/feat/h-factor-os [1ms]
2026-05-17 04:48:23.555 [info] > git for-each-ref --sort -committerdate --format %(refname)%00%(objectname)%00%(*objectname) [2ms]
2026-05-17 04:48:25.349 [info] > git status -z -uall [1808ms] (cancelled)
2026-05-17 04:48:25.356 [info] > git config --get commit.template [10ms]
2026-05-17 04:48:25.357 [info] [Git][getRemotes] No remotes found in the git config file
2026-05-17 04:48:25.372 [info] > git for-each-ref --format=%(refname)%00%(upstream:short)%00%(objectname)%00%(upstream:track)%00%(upstream:remotename)%00%(upstream:remoteref) refs/heads/master refs/remotes/master [2ms]
2026-05-17 04:48:25.403 [info] > git for-each-ref --sort -committerdate --format %(refname)%00%(objectname)%00%(*objectname) [2ms]
2026-05-17 04:48:25.437 [info] > git status -z -uall [52ms]
2026-05-17 04:48:47.886 [info] > git config --get commit.template [1ms]
2026-05-17 04:48:47.899 [info] [Git][getRemotes] No remotes found in the git config file
2026-05-17 04:48:47.900 [info] > git for-each-ref --format=%(refname)%00%(upstream:short)%00%(objectname)%00%(upstream:track)%00%(upstream:remotename)%00%(upstream:remoteref) refs/heads/master refs/remotes/master [1ms]
2026-05-17 04:48:47.926 [info] > git for-each-ref --sort -committerdate --format %(refname)%00%(objectname)%00%(*objectname) [1ms]
2026-05-17 04:48:47.952 [info] > git status -z -uall [39ms]
2026-05-17 04:49:06.934 [info] > git config --get commit.template [2ms]
2026-05-17 04:49:06.948 [info] [Git][getRemotes] No remotes found in the git config file
2026-05-17 04:49:06.949 [info] > git for-each-ref --format=%(refname)%00%(upstream:short)%00%(objectname)%00%(upstream:track)%00%(upstream:remotename)%00%(upstream:remoteref) refs/heads/master refs/remotes/master [1ms]
2026-05-17 04:49:06.976 [info] > git for-each-ref --sort -committerdate --format %(refname)%00%(objectname)%00%(*objectname) [1ms]
2026-05-17 04:49:07.001 [info] > git status -z -uall [38ms]
2026-05-17 04:49:17.096 [info] > git config --get commit.template [1ms]
2026-05-17 04:49:17.110 [info] [Git][getRemotes] No remotes found in the git config file
2026-05-17 04:49:17.111 [info] > git for-each-ref --format=%(refname)%00%(upstream:short)%00%(objectname)%00%(upstream:track)%00%(upstream:remotename)%00%(upstream:remoteref) refs/heads/master refs/remotes/master [1ms]
2026-05-17 04:49:17.139 [info] > git for-each-ref --sort -committerdate --format %(refname)%00%(objectname)%00%(*objectname) [2ms]
2026-05-17 04:49:17.164 [info] > git status -z -uall [40ms]
2026-05-17 04:49:18.245 [info] > git fetch [5ms]
2026-05-17 04:49:18.266 [info] [Git][getRemotes] No remotes found in the git config file
2026-05-17 04:49:18.267 [info] > git config --get commit.template [11ms]
2026-05-17 04:49:18.267 [info] > git for-each-ref --format=%(refname)%00%(upstream:short)%00%(objectname)%00%(upstream:track)%00%(upstream:remotename)%00%(upstream:remoteref) refs/heads/master refs/remotes/master [1ms]
2026-05-17 04:49:18.294 [info] > git for-each-ref --sort -committerdate --format %(refname)%00%(objectname)%00%(*objectname) [1ms]
2026-05-17 04:49:18.318 [info] > git status -z -uall [39ms]
2026-05-17 04:49:22.183 [info] > git config --get commit.template [2ms]
2026-05-17 04:49:22.196 [info] [Git][getRemotes] No remotes found in the git config file
2026-05-17 04:49:22.196 [info] > git for-each-ref --format=%(refname)%00%(upstream:short)%00%(objectname)%00%(upstream:track)%00%(upstream:remotename)%00%(upstream:remoteref) refs/heads/master refs/remotes/master [1ms]
2026-05-17 04:49:22.224 [info] > git for-each-ref --sort -committerdate --format %(refname)%00%(objectname)%00%(*objectname) [2ms]
2026-05-17 04:49:22.250 [info] > git status -z -uall [40ms]
2026-05-17 04:49:27.281 [info] [Git][getRemotes] No remotes found in the git config file
2026-05-17 04:49:27.282 [info] > git config --get commit.template [14ms]
2026-05-17 04:49:27.282 [info] > git for-each-ref --format=%(refname)%00%(upstream:short)%00%(objectname)%00%(upstream:track)%00%(upstream:remotename)%00%(upstream:remoteref) refs/heads/master refs/remotes/master [1ms]
2026-05-17 04:49:27.308 [info] > git for-each-ref --sort -committerdate --format %(refname)%00%(objectname)%00%(*objectname) [1ms]
2026-05-17 04:49:27.333 [info] > git status -z -uall [38ms]
2026-05-17 04:49:32.363 [info] [Git][getRemotes] No remotes found in the git config file
2026-05-17 04:49:32.364 [info] > git config --get commit.template [14ms]
2026-05-17 04:49:32.364 [info] > git for-each-ref --format=%(refname)%00%(upstream:short)%00%(objectname)%00%(upstream:track)%00%(upstream:remotename)%00%(upstream:remoteref) refs/heads/master refs/remotes/master [1ms]
2026-05-17 04:49:32.391 [info] > git for-each-ref --sort -committerdate --format %(refname)%00%(objectname)%00%(*objectname) [2ms]
2026-05-17 04:49:32.416 [info] > git status -z -uall [40ms]
2026-05-17 04:49:37.448 [info] [Git][getRemotes] No remotes found in the git config file
2026-05-17 04:49:37.449 [info] > git config --get commit.template [15ms]
2026-05-17 04:49:37.449 [info] > git for-each-ref --format=%(refname)%00%(upstream:short)%00%(objectname)%00%(upstream:track)%00%(upstream:remotename)%00%(upstream:remoteref) refs/heads/master refs/remotes/master [1ms]
2026-05-17 04:49:37.476 [info] > git for-each-ref --sort -committerdate --format %(refname)%00%(objectname)%00%(*objectname) [1ms]
2026-05-17 04:49:37.501 [info] > git status -z -uall [39ms]
2026-05-17 04:49:45.217 [info] > git config --get commit.template [2ms]
2026-05-17 04:49:45.230 [info] [Git][getRemotes] No remotes found in the git config file
2026-05-17 04:49:45.231 [info] > git for-each-ref --format=%(refname)%00%(upstream:short)%00%(objectname)%00%(upstream:track)%00%(upstream:remotename)%00%(upstream:remoteref) refs/heads/master refs/remotes/master [1ms]
2026-05-17 04:49:45.258 [info] > git for-each-ref --sort -committerdate --format %(refname)%00%(objectname)%00%(*objectname) [1ms]
2026-05-17 04:49:45.284 [info] > git status -z -uall [41ms]
2026-05-17 04:49:50.317 [info] [Git][getRemotes] No remotes found in the git config file
2026-05-17 04:49:50.317 [info] > git config --get commit.template [14ms]
2026-05-17 04:49:50.318 [info] > git for-each-ref --format=%(refname)%00%(upstream:short)%00%(objectname)%00%(upstream:track)%00%(upstream:remotename)%00%(upstream:remoteref) refs/heads/master refs/remotes/master [1ms]
2026-05-17 04:49:50.344 [info] > git for-each-ref --sort -committerdate --format %(refname)%00%(objectname)%00%(*objectname) [1ms]
2026-05-17 04:49:50.369 [info] > git status -z -uall [39ms]
2026-05-17 04:49:55.398 [info] [Git][getRemotes] No remotes found in the git config file
2026-05-17 04:49:55.398 [info] > git config --get commit.template [14ms]
2026-05-17 04:49:55.399 [info] > git for-each-ref --format=%(refname)%00%(upstream:short)%00%(objectname)%00%(upstream:track)%00%(upstream:remotename)%00%(upstream:remoteref) refs/heads/master refs/remotes/master [1ms]
2026-05-17 04:49:55.425 [info] > git for-each-ref --sort -committerdate --format %(refname)%00%(objectname)%00%(*objectname) [1ms]
2026-05-17 04:49:55.451 [info] > git status -z -uall [40ms]
2026-05-17 04:50:00.475 [info] [Git][getRemotes] No remotes found in the git config file
2026-05-17 04:50:00.476 [info] > git config --get commit.template [12ms]
2026-05-17 04:50:00.476 [info] > git for-each-ref --format=%(refname)%00%(upstream:short)%00%(objectname)%00%(upstream:track)%00%(upstream:remotename)%00%(upstream:remoteref) refs/heads/master refs/remotes/master [1ms]
2026-05-17 04:50:00.499 [info] > git for-each-ref --sort -committerdate --format %(refname)%00%(objectname)%00%(*objectname) [2ms]
2026-05-17 04:50:00.525 [info] > git status -z -uall [38ms]
2026-05-17 04:50:05.549 [info] [Git][getRemotes] No remotes found in the git config file
2026-05-17 04:50:05.550 [info] > git config --get commit.template [11ms]
2026-05-17 04:50:05.550 [info] > git for-each-ref --format=%(refname)%00%(upstream:short)%00%(objectname)%00%(upstream:track)%00%(upstream:remotename)%00%(upstream:remoteref) refs/heads/master refs/remotes/master [1ms]
2026-05-17 04:50:05.578 [info] > git for-each-ref --sort -committerdate --format %(refname)%00%(objectname)%00%(*objectname) [1ms]
2026-05-17 04:50:05.604 [info] > git status -z -uall [40ms]
2026-05-17 04:50:10.628 [info] [Git][getRemotes] No remotes found in the git config file
2026-05-17 04:50:10.628 [info] > git config --get commit.template [11ms]
2026-05-17 04:50:10.629 [info] > git for-each-ref --format=%(refname)%00%(upstream:short)%00%(objectname)%00%(upstream:track)%00%(upstream:remotename)%00%(upstream:remoteref) refs/heads/master refs/remotes/master [1ms]
2026-05-17 04:50:10.650 [info] > git for-each-ref --sort -committerdate --format %(refname)%00%(objectname)%00%(*objectname) [1ms]
2026-05-17 04:50:10.678 [info] > git status -z -uall [40ms]
2026-05-17 04:50:20.336 [info] [Git][getRemotes] No remotes found in the git config file
2026-05-17 04:50:20.336 [info] > git config --get commit.template [10ms]
2026-05-17 04:50:20.337 [info] > git for-each-ref --format=%(refname)%00%(upstream:short)%00%(objectname)%00%(upstream:track)%00%(upstream:remotename)%00%(upstream:remoteref) refs/heads/master refs/remotes/master [2ms]
2026-05-17 04:50:20.359 [info] > git for-each-ref --sort -committerdate --format %(refname)%00%(objectname)%00%(*objectname) [2ms]
2026-05-17 04:50:20.387 [info] > git status -z -uall [40ms]
2026-05-17 04:50:25.410 [info] [Git][getRemotes] No remotes found in the git config file
2026-05-17 04:50:25.410 [info] > git config --get commit.template [9ms]
2026-05-17 04:50:25.411 [info] > git for-each-ref --format=%(refname)%00%(upstream:short)%00%(objectname)%00%(upstream:track)%00%(upstream:remotename)%00%(upstream:remoteref) refs/heads/master refs/remotes/master [1ms]
2026-05-17 04:50:25.432 [info] > git for-each-ref --sort -committerdate --format %(refname)%00%(objectname)%00%(*objectname) [1ms]
2026-05-17 04:50:25.460 [info] > git status -z -uall [40ms]
2026-05-17 04:50:30.484 [info] [Git][getRemotes] No remotes found in the git config file
2026-05-17 04:50:30.485 [info] > git config --get commit.template [10ms]
2026-05-17 04:50:30.485 [info] > git for-each-ref --format=%(refname)%00%(upstream:short)%00%(objectname)%00%(upstream:track)%00%(upstream:remotename)%00%(upstream:remoteref) refs/heads/master refs/remotes/master [1ms]
2026-05-17 04:50:30.507 [info] > git for-each-ref --sort -committerdate --format %(refname)%00%(objectname)%00%(*objectname) [1ms]
2026-05-17 04:50:30.536 [info] > git status -z -uall [41ms]
2026-05-17 04:50:35.560 [info] [Git][getRemotes] No remotes found in the git config file
2026-05-17 04:50:35.560 [info] > git config --get commit.template [10ms]
2026-05-17 04:50:35.561 [info] > git for-each-ref --format=%(refname)%00%(upstream:short)%00%(objectname)%00%(upstream:track)%00%(upstream:remotename)%00%(upstream:remoteref) refs/heads/master refs/remotes/master [1ms]
2026-05-17 04:50:35.584 [info] > git for-each-ref --sort -committerdate --format %(refname)%00%(objectname)%00%(*objectname) [2ms]
2026-05-17 04:50:35.610 [info] > git status -z -uall [39ms]
2026-05-17 04:50:46.940 [info] [Git][getRemotes] No remotes found in the git config file
2026-05-17 04:50:46.941 [info] > git config --get commit.template [14ms]
2026-05-17 04:50:46.942 [info] > git for-each-ref --format=%(refname)%00%(upstream:short)%00%(objectname)%00%(upstream:track)%00%(upstream:remotename)%00%(upstream:remoteref) refs/heads/master refs/remotes/master [2ms]
2026-05-17 04:50:46.968 [info] > git for-each-ref --sort -committerdate --format %(refname)%00%(objectname)%00%(*objectname) [2ms]
2026-05-17 04:50:46.993 [info] > git status -z -uall [39ms]
2026-05-17 04:50:57.631 [info] > git config --get commit.template [2ms]
2026-05-17 04:50:57.644 [info] [Git][getRemotes] No remotes found in the git config file
2026-05-17 04:50:57.645 [info] > git for-each-ref --format=%(refname)%00%(upstream:short)%00%(objectname)%00%(upstream:track)%00%(upstream:remotename)%00%(upstream:remoteref) refs/heads/master refs/remotes/master [1ms]
2026-05-17 04:50:57.674 [info] > git for-each-ref --sort -committerdate --format %(refname)%00%(objectname)%00%(*objectname) [1ms]
2026-05-17 04:50:57.698 [info] > git status -z -uall [40ms]
2026-05-17 04:51:02.731 [info] [Git][getRemotes] No remotes found in the git config file
2026-05-17 04:51:02.732 [info] > git config --get commit.template [15ms]
2026-05-17 04:51:02.732 [info] > git for-each-ref --format=%(refname)%00%(upstream:short)%00%(objectname)%00%(upstream:track)%00%(upstream:remotename)%00%(upstream:remoteref) refs/heads/master refs/remotes/master [1ms]
2026-05-17 04:51:02.760 [info] > git for-each-ref --sort -committerdate --format %(refname)%00%(objectname)%00%(*objectname) [2ms]
2026-05-17 04:51:02.784 [info] > git status -z -uall [39ms]
2026-05-17 04:51:07.816 [info] [Git][getRemotes] No remotes found in the git config file
2026-05-17 04:51:07.816 [info] > git config --get commit.template [13ms]
2026-05-17 04:51:07.817 [info] > git for-each-ref --format=%(refname)%00%(upstream:short)%00%(objectname)%00%(upstream:track)%00%(upstream:remotename)%00%(upstream:remoteref) refs/heads/master refs/remotes/master [1ms]
2026-05-17 04:51:07.844 [info] > git for-each-ref --sort -committerdate --format %(refname)%00%(objectname)%00%(*objectname) [1ms]
2026-05-17 04:51:07.868 [info] > git status -z -uall [39ms]
2026-05-17 04:51:12.888 [info] [Git][getRemotes] No remotes found in the git config file
2026-05-17 04:51:12.901 [info] > git config --get commit.template [14ms]
2026-05-17 04:51:12.901 [info] > git for-each-ref --format=%(refname)%00%(upstream:short)%00%(objectname)%00%(upstream:track)%00%(upstream:remotename)%00%(upstream:remoteref) refs/heads/master refs/remotes/master [1ms]
2026-05-17 04:51:12.930 [info] > git for-each-ref --sort -committerdate --format %(refname)%00%(objectname)%00%(*objectname) [1ms]
2026-05-17 04:51:12.958 [info] > git status -z -uall [42ms]
2026-05-17 04:51:17.991 [info] [Git][getRemotes] No remotes found in the git config file
2026-05-17 04:51:17.991 [info] > git config --get commit.template [14ms]
2026-05-17 04:51:17.992 [info] > git for-each-ref --format=%(refname)%00%(upstream:short)%00%(objectname)%00%(upstream:track)%00%(upstream:remotename)%00%(upstream:remoteref) refs/heads/master refs/remotes/master [1ms]
2026-05-17 04:51:18.017 [info] > git for-each-ref --sort -committerdate --format %(refname)%00%(objectname)%00%(*objectname) [1ms]
2026-05-17 04:51:18.043 [info] > git status -z -uall [39ms]
2026-05-17 04:51:23.073 [info] [Git][getRemotes] No remotes found in the git config file
2026-05-17 04:51:23.074 [info] > git config --get commit.template [14ms]
2026-05-17 04:51:23.075 [info] > git for-each-ref --format=%(refname)%00%(upstream:short)%00%(objectname)%00%(upstream:track)%00%(upstream:remotename)%00%(upstream:remoteref) refs/heads/master refs/remotes/master [2ms]
2026-05-17 04:51:23.102 [info] > git for-each-ref --sort -committerdate --format %(refname)%00%(objectname)%00%(*objectname) [1ms]
2026-05-17 04:51:23.127 [info] > git status -z -uall [40ms]
2026-05-17 04:51:24.668 [info] > git fetch [14ms]
2026-05-17 04:51:24.689 [info] [Git][getRemotes] No remotes found in the git config file
2026-05-17 04:51:24.690 [info] > git config --get commit.template [11ms]
2026-05-17 04:51:24.690 [info] > git for-each-ref --format=%(refname)%00%(upstream:short)%00%(objectname)%00%(upstream:track)%00%(upstream:remotename)%00%(upstream:remoteref) refs/heads/feat/h-factor-os refs/remotes/feat/h-factor-os [1ms]
2026-05-17 04:51:24.712 [info] > git for-each-ref --sort -committerdate --format %(refname)%00%(objectname)%00%(*objectname) [2ms]
2026-05-17 04:51:26.495 [info] > git status -z -uall [1795ms] (cancelled)
2026-05-17 04:51:28.159 [info] [Git][getRemotes] No remotes found in the git config file
2026-05-17 04:51:28.159 [info] > git config --get commit.template [13ms]
2026-05-17 04:51:28.160 [info] > git for-each-ref --format=%(refname)%00%(upstream:short)%00%(objectname)%00%(upstream:track)%00%(upstream:remotename)%00%(upstream:remoteref) refs/heads/master refs/remotes/master [1ms]
2026-05-17 04:51:28.186 [info] > git for-each-ref --sort -committerdate --format %(refname)%00%(objectname)%00%(*objectname) [1ms]
2026-05-17 04:51:28.212 [info] > git status -z -uall [40ms]
2026-05-17 04:51:33.243 [info] [Git][getRemotes] No remotes found in the git config file
2026-05-17 04:51:33.243 [info] > git config --get commit.template [13ms]
2026-05-17 04:51:33.245 [info] > git for-each-ref --format=%(refname)%00%(upstream:short)%00%(objectname)%00%(upstream:track)%00%(upstream:remotename)%00%(upstream:remoteref) refs/heads/master refs/remotes/master [3ms]
2026-05-17 04:51:33.270 [info] > git for-each-ref --sort -committerdate --format %(refname)%00%(objectname)%00%(*objectname) [1ms]
2026-05-17 04:51:33.296 [info] > git status -z -uall [39ms]
2026-05-17 04:51:38.328 [info] [Git][getRemotes] No remotes found in the git config file
2026-05-17 04:51:38.328 [info] > git config --get commit.template [13ms]
2026-05-17 04:51:38.329 [info] > git for-each-ref --format=%(refname)%00%(upstream:short)%00%(objectname)%00%(upstream:track)%00%(upstream:remotename)%00%(upstream:remoteref) refs/heads/master refs/remotes/master [1ms]
2026-05-17 04:51:38.355 [info] > git for-each-ref --sort -committerdate --format %(refname)%00%(objectname)%00%(*objectname) [2ms]
2026-05-17 04:51:38.382 [info] > git status -z -uall [41ms]
2026-05-17 04:51:52.971 [info] > git config --get commit.template [1ms]
2026-05-17 04:51:52.985 [info] [Git][getRemotes] No remotes found in the git config file
2026-05-17 04:51:52.986 [info] > git for-each-ref --format=%(refname)%00%(upstream:short)%00%(objectname)%00%(upstream:track)%00%(upstream:remotename)%00%(upstream:remoteref) refs/heads/master refs/remotes/master [2ms]
2026-05-17 04:51:53.014 [info] > git for-each-ref --sort -committerdate --format %(refname)%00%(objectname)%00%(*objectname) [2ms]
2026-05-17 04:51:53.039 [info] > git status -z -uall [40ms]
2026-05-17 04:51:58.072 [info] [Git][getRemotes] No remotes found in the git config file
2026-05-17 04:51:58.073 [info] > git config --get commit.template [15ms]
2026-05-17 04:51:58.073 [info] > git for-each-ref --format=%(refname)%00%(upstream:short)%00%(objectname)%00%(upstream:track)%00%(upstream:remotename)%00%(upstream:remoteref) refs/heads/master refs/remotes/master [1ms]
2026-05-17 04:51:58.099 [info] > git for-each-ref --sort -committerdate --format %(refname)%00%(objectname)%00%(*objectname) [1ms]
2026-05-17 04:51:58.125 [info] > git status -z -uall [39ms]
2026-05-17 04:52:12.008 [info] > git config --get commit.template [1ms]
2026-05-17 04:52:12.022 [info] [Git][getRemotes] No remotes found in the git config file
2026-05-17 04:52:12.023 [info] > git for-each-ref --format=%(refname)%00%(upstream:short)%00%(objectname)%00%(upstream:track)%00%(upstream:remotename)%00%(upstream:remoteref) refs/heads/master refs/remotes/master [1ms]
2026-05-17 04:52:12.051 [info] > git for-each-ref --sort -committerdate --format %(refname)%00%(objectname)%00%(*objectname) [2ms]
2026-05-17 04:52:12.078 [info] > git status -z -uall [42ms]
2026-05-17 04:52:17.623 [info] > git check-ignore -v -z --stdin [12ms]
2026-05-17 04:52:18.135 [info] [Git][getRemotes] No remotes found in the git config file
2026-05-17 04:52:18.149 [info] > git config --get commit.template [14ms]
2026-05-17 04:52:18.150 [info] > git for-each-ref --format=%(refname)%00%(upstream:short)%00%(objectname)%00%(upstream:track)%00%(upstream:remotename)%00%(upstream:remoteref) refs/heads/master refs/remotes/master [1ms]
2026-05-17 04:52:18.175 [info] > git for-each-ref --sort -committerdate --format %(refname)%00%(objectname)%00%(*objectname) [1ms]
2026-05-17 04:52:18.204 [info] > git status -z -uall [42ms]
2026-05-17 04:52:18.344 [info] > git fetch [8ms]
2026-05-17 04:52:18.371 [info] [Git][getRemotes] No remotes found in the git config file
2026-05-17 04:52:18.371 [info] > git config --get commit.template [13ms]
2026-05-17 04:52:18.372 [info] > git for-each-ref --format=%(refname)%00%(upstream:short)%00%(objectname)%00%(upstream:track)%00%(upstream:remotename)%00%(upstream:remoteref) refs/heads/master refs/remotes/master [1ms]
2026-05-17 04:52:18.402 [info] > git for-each-ref --sort -committerdate --format %(refname)%00%(objectname)%00%(*objectname) [2ms]
2026-05-17 04:52:18.433 [info] > git status -z -uall [46ms]
2026-05-17 04:52:23.225 [info] [Git][getRemotes] No remotes found in the git config file
2026-05-17 04:52:23.239 [info] > git config --get commit.template [15ms]
2026-05-17 04:52:23.239 [info] > git for-each-ref --format=%(refname)%00%(upstream:short)%00%(objectname)%00%(upstream:track)%00%(upstream:remotename)%00%(upstream:remoteref) refs/heads/master refs/remotes/master [1ms]
2026-05-17 04:52:23.266 [info] > git for-each-ref --sort -committerdate --format %(refname)%00%(objectname)%00%(*objectname) [1ms]
2026-05-17 04:52:23.292 [info] > git status -z -uall [40ms]
2026-05-17 04:52:28.148 [info] > git log --format=%H%n%aN%n%aE%n%at%n%ct%n%P%n%D%n%B -z --shortstat --diff-merges=first-parent -n50 --skip=0 --topo-order --decorate=full --stdin [11608ms]
2026-05-17 04:52:39.099 [info] [Git][getRemotes] No remotes found in the git config file
2026-05-17 04:52:39.100 [info] > git config --get commit.template [14ms]
2026-05-17 04:52:39.100 [info] > git for-each-ref --format=%(refname)%00%(upstream:short)%00%(objectname)%00%(upstream:track)%00%(upstream:remotename)%00%(upstream:remoteref) refs/heads/master refs/remotes/master [1ms]
2026-05-17 04:52:39.128 [info] > git for-each-ref --sort -committerdate --format %(refname)%00%(objectname)%00%(*objectname) [2ms]
2026-05-17 04:52:39.154 [info] > git status -z -uall [40ms]
2026-05-17 04:52:44.185 [info] [Git][getRemotes] No remotes found in the git config file
2026-05-17 04:52:44.185 [info] > git config --get commit.template [14ms]
2026-05-17 04:52:44.186 [info] > git for-each-ref --format=%(refname)%00%(upstream:short)%00%(objectname)%00%(upstream:track)%00%(upstream:remotename)%00%(upstream:remoteref) refs/heads/master refs/remotes/master [2ms]
2026-05-17 04:52:44.212 [info] > git for-each-ref --sort -committerdate --format %(refname)%00%(objectname)%00%(*objectname) [1ms]
2026-05-17 04:52:44.238 [info] > git status -z -uall [40ms]
2026-05-17 04:52:49.272 [info] [Git][getRemotes] No remotes found in the git config file
2026-05-17 04:52:49.272 [info] > git config --get commit.template [14ms]
2026-05-17 04:52:49.273 [info] > git for-each-ref --format=%(refname)%00%(upstream:short)%00%(objectname)%00%(upstream:track)%00%(upstream:remotename)%00%(upstream:remoteref) refs/heads/master refs/remotes/master [1ms]
2026-05-17 04:52:49.299 [info] > git for-each-ref --sort -committerdate --format %(refname)%00%(objectname)%00%(*objectname) [1ms]
2026-05-17 04:52:49.326 [info] > git status -z -uall [41ms]
2026-05-17 04:52:55.407 [info] [Git][getRemotes] No remotes found in the git config file
2026-05-17 04:52:55.407 [info] > git config --get commit.template [14ms]
2026-05-17 04:52:55.408 [info] > git for-each-ref --format=%(refname)%00%(upstream:short)%00%(objectname)%00%(upstream:track)%00%(upstream:remotename)%00%(upstream:remoteref) refs/heads/master refs/remotes/master [2ms]
2026-05-17 04:52:55.436 [info] > git for-each-ref --sort -committerdate --format %(refname)%00%(objectname)%00%(*objectname) [1ms]
2026-05-17 04:52:55.450 [info] > git status -z -uall [30ms]
2026-05-17 04:53:13.225 [info] [Git][getRemotes] No remotes found in the git config file
2026-05-17 04:53:13.226 [info] > git config --get commit.template [15ms]
2026-05-17 04:53:13.227 [info] > git for-each-ref --format=%(refname)%00%(upstream:short)%00%(objectname)%00%(upstream:track)%00%(upstream:remotename)%00%(upstream:remoteref) refs/heads/master refs/remotes/master [2ms]
2026-05-17 04:53:13.255 [info] > git for-each-ref --sort -committerdate --format %(refname)%00%(objectname)%00%(*objectname) [2ms]
2026-05-17 04:53:13.270 [info] > git status -z -uall [30ms]
2026-05-17 04:53:18.303 [info] [Git][getRemotes] No remotes found in the git config file
2026-05-17 04:53:18.304 [info] > git config --get commit.template [14ms]
2026-05-17 04:53:18.304 [info] > git for-each-ref --format=%(refname)%00%(upstream:short)%00%(objectname)%00%(upstream:track)%00%(upstream:remotename)%00%(upstream:remoteref) refs/heads/master refs/remotes/master [1ms]
2026-05-17 04:53:18.333 [info] > git for-each-ref --sort -committerdate --format %(refname)%00%(objectname)%00%(*objectname) [2ms]
2026-05-17 04:53:18.348 [info] > git status -z -uall [31ms]
2026-05-17 04:53:23.391 [info] [Git][getRemotes] No remotes found in the git config file
2026-05-17 04:53:23.391 [info] > git config --get commit.template [15ms]
2026-05-17 04:53:23.392 [info] > git for-each-ref --format=%(refname)%00%(upstream:short)%00%(objectname)%00%(upstream:track)%00%(upstream:remotename)%00%(upstream:remoteref) refs/heads/master refs/remotes/master [1ms]
2026-05-17 04:53:23.421 [info] > git for-each-ref --sort -committerdate --format %(refname)%00%(objectname)%00%(*objectname) [1ms]
2026-05-17 04:53:23.436 [info] > git status -z -uall [30ms]
2026-05-17 04:53:27.263 [info] > git log --format=%H%n%aN%n%aE%n%at%n%ct%n%P%n%D%n%B -z --shortstat --diff-merges=first-parent -n50 --skip=0 --topo-order --decorate=full --stdin [9224ms]
2026-05-17 04:53:28.765 [info] [Git][getRemotes] No remotes found in the git config file
2026-05-17 04:53:28.766 [info] > git config --get commit.template [15ms]
2026-05-17 04:53:28.766 [info] > git for-each-ref --format=%(refname)%00%(upstream:short)%00%(objectname)%00%(upstream:track)%00%(upstream:remotename)%00%(upstream:remoteref) refs/heads/master refs/remotes/master [1ms]
2026-05-17 04:53:28.794 [info] > git for-each-ref --sort -committerdate --format %(refname)%00%(objectname)%00%(*objectname) [2ms]
2026-05-17 04:53:28.814 [info] > git status -z -uall [33ms]
2026-05-17 04:53:37.157 [info] [Git][getRemotes] No remotes found in the git config file
2026-05-17 04:53:37.158 [info] > git config --get commit.template [12ms]
2026-05-17 04:53:37.159 [info] > git for-each-ref --format=%(refname)%00%(upstream:short)%00%(objectname)%00%(upstream:track)%00%(upstream:remotename)%00%(upstream:remoteref) refs/heads/master refs/remotes/master [2ms]
2026-05-17 04:53:37.183 [info] > git for-each-ref --sort -committerdate --format %(refname)%00%(objectname)%00%(*objectname) [1ms]
2026-05-17 04:53:37.201 [info] > git status -z -uall [31ms]
2026-05-17 04:53:42.234 [info] [Git][getRemotes] No remotes found in the git config file
2026-05-17 04:53:42.235 [info] > git config --get commit.template [11ms]
2026-05-17 04:53:42.235 [info] > git for-each-ref --format=%(refname)%00%(upstream:short)%00%(objectname)%00%(upstream:track)%00%(upstream:remotename)%00%(upstream:remoteref) refs/heads/master refs/remotes/master [1ms]
2026-05-17 04:53:42.258 [info] > git for-each-ref --sort -committerdate --format %(refname)%00%(objectname)%00%(*objectname) [1ms]
2026-05-17 04:53:42.276 [info] > git status -z -uall [30ms]
2026-05-17 04:53:47.305 [info] [Git][getRemotes] No remotes found in the git config file
2026-05-17 04:53:47.305 [info] > git config --get commit.template [10ms]
2026-05-17 04:53:47.306 [info] > git for-each-ref --format=%(refname)%00%(upstream:short)%00%(objectname)%00%(upstream:track)%00%(upstream:remotename)%00%(upstream:remoteref) refs/heads/master refs/remotes/master [1ms]
2026-05-17 04:53:47.329 [info] > git for-each-ref --sort -committerdate --format %(refname)%00%(objectname)%00%(*objectname) [1ms]
2026-05-17 04:53:47.346 [info] > git status -z -uall [30ms]
2026-05-17 04:54:16.934 [info] [Git][getRemotes] No remotes found in the git config file
2026-05-17 04:54:16.935 [info] > git config --get commit.template [16ms]
2026-05-17 04:54:16.935 [info] > git for-each-ref --format=%(refname)%00%(upstream:short)%00%(objectname)%00%(upstream:track)%00%(upstream:remotename)%00%(upstream:remoteref) refs/heads/master refs/remotes/master [1ms]
2026-05-17 04:54:16.960 [info] > git for-each-ref --sort -committerdate --format %(refname)%00%(objectname)%00%(*objectname) [2ms]
2026-05-17 04:54:16.976 [info] > git status -z -uall [29ms]
2026-05-17 04:54:25.808 [info] > git fetch [14ms]
2026-05-17 04:54:25.824 [info] [Git][getRemotes] No remotes found in the git config file
2026-05-17 04:54:25.838 [info] > git config --get commit.template [14ms]
2026-05-17 04:54:25.838 [info] > git for-each-ref --format=%(refname)%00%(upstream:short)%00%(objectname)%00%(upstream:track)%00%(upstream:remotename)%00%(upstream:remoteref) refs/heads/feat/h-factor-os refs/remotes/feat/h-factor-os [1ms]
2026-05-17 04:54:25.872 [info] > git for-each-ref --sort -committerdate --format %(refname)%00%(objectname)%00%(*objectname) [3ms]
2026-05-17 04:54:27.664 [info] > git status -z -uall [1813ms] (cancelled)
2026-05-17 04:55:16.935 [info] [Git][getRemotes] No remotes found in the git config file
2026-05-17 04:55:16.936 [info] > git config --get commit.template [15ms]
2026-05-17 04:55:16.936 [info] > git for-each-ref --format=%(refname)%00%(upstream:short)%00%(objectname)%00%(upstream:track)%00%(upstream:remotename)%00%(upstream:remoteref) refs/heads/master refs/remotes/master [1ms]
2026-05-17 04:55:16.964 [info] > git for-each-ref --sort -committerdate --format %(refname)%00%(objectname)%00%(*objectname) [2ms]
2026-05-17 04:55:16.979 [info] > git status -z -uall [30ms]
2026-05-17 04:55:18.457 [info] > git fetch [6ms]
2026-05-17 04:55:18.484 [info] [Git][getRemotes] No remotes found in the git config file
2026-05-17 04:55:18.485 [info] > git config --get commit.template [14ms]
2026-05-17 04:55:18.485 [info] > git for-each-ref --format=%(refname)%00%(upstream:short)%00%(objectname)%00%(upstream:track)%00%(upstream:remotename)%00%(upstream:remoteref) refs/heads/master refs/remotes/master [1ms]
2026-05-17 04:55:18.513 [info] > git for-each-ref --sort -committerdate --format %(refname)%00%(objectname)%00%(*objectname) [1ms]
2026-05-17 04:55:18.529 [info] > git status -z -uall [30ms]
2026-05-17 04:55:22.014 [info] [Git][getRemotes] No remotes found in the git config file
2026-05-17 04:55:22.016 [info] > git for-each-ref --format=%(refname)%00%(upstream:short)%00%(objectname)%00%(upstream:track)%00%(upstream:remotename)%00%(upstream:remoteref) refs/heads/master refs/remotes/master [2ms]
2026-05-17 04:55:22.016 [info] > git config --get commit.template [14ms]
2026-05-17 04:55:22.042 [info] > git for-each-ref --sort -committerdate --format %(refname)%00%(objectname)%00%(*objectname) [1ms]
2026-05-17 04:55:22.061 [info] > git status -z -uall [32ms]
2026-05-17 04:55:27.086 [info] > git config --get commit.template [1ms]
2026-05-17 04:55:27.100 [info] [Git][getRemotes] No remotes found in the git config file
2026-05-17 04:55:27.102 [info] > git for-each-ref --format=%(refname)%00%(upstream:short)%00%(objectname)%00%(upstream:track)%00%(upstream:remotename)%00%(upstream:remoteref) refs/heads/master refs/remotes/master [2ms]
2026-05-17 04:55:27.126 [info] > git for-each-ref --sort -committerdate --format %(refname)%00%(objectname)%00%(*objectname) [2ms]
2026-05-17 04:55:27.145 [info] > git status -z -uall [32ms]
2026-05-17 04:55:37.395 [info] [Git][getRemotes] No remotes found in the git config file
2026-05-17 04:55:37.395 [info] > git config --get commit.template [12ms]
2026-05-17 04:55:37.396 [info] > git for-each-ref --format=%(refname)%00%(upstream:short)%00%(objectname)%00%(upstream:track)%00%(upstream:remotename)%00%(upstream:remoteref) refs/heads/master refs/remotes/master [1ms]
2026-05-17 04:55:37.423 [info] > git for-each-ref --sort -committerdate --format %(refname)%00%(objectname)%00%(*objectname) [1ms]
2026-05-17 04:55:37.440 [info] > git status -z -uall [30ms]
2026-05-17 04:55:45.389 [info] [Git][getRemotes] No remotes found in the git config file
2026-05-17 04:55:45.390 [info] > git config --get commit.template [20ms]
2026-05-17 04:55:45.391 [info] > git for-each-ref --format=%(refname)%00%(upstream:short)%00%(objectname)%00%(upstream:track)%00%(upstream:remotename)%00%(upstream:remoteref) refs/heads/master refs/remotes/master [1ms]
2026-05-17 04:55:45.422 [info] > git for-each-ref --sort -committerdate --format %(refname)%00%(objectname)%00%(*objectname) [1ms]
2026-05-17 04:55:45.438 [info] > git status -z -uall [31ms]
2026-05-17 04:55:50.487 [info] [Git][getRemotes] No remotes found in the git config file
2026-05-17 04:55:50.488 [info] > git config --get commit.template [16ms]
2026-05-17 04:55:50.489 [info] > git for-each-ref --format=%(refname)%00%(upstream:short)%00%(objectname)%00%(upstream:track)%00%(upstream:remotename)%00%(upstream:remoteref) refs/heads/master refs/remotes/master [2ms]
2026-05-17 04:55:50.519 [info] > git for-each-ref --sort -committerdate --format %(refname)%00%(objectname)%00%(*objectname) [1ms]
2026-05-17 04:55:50.533 [info] > git status -z -uall [30ms]
2026-05-17 04:56:05.790 [info] [Git][getRemotes] No remotes found in the git config file
2026-05-17 04:56:05.790 [info] > git config --get commit.template [14ms]
2026-05-17 04:56:05.791 [info] > git for-each-ref --format=%(refname)%00%(upstream:short)%00%(objectname)%00%(upstream:track)%00%(upstream:remotename)%00%(upstream:remoteref) refs/heads/master refs/remotes/master [1ms]
2026-05-17 04:56:05.820 [info] > git for-each-ref --sort -committerdate --format %(refname)%00%(objectname)%00%(*objectname) [2ms]
2026-05-17 04:56:05.834 [info] > git status -z -uall [31ms]
2026-05-17 04:56:10.877 [info] [Git][getRemotes] No remotes found in the git config file
2026-05-17 04:56:10.877 [info] > git config --get commit.template [15ms]
2026-05-17 04:56:10.878 [info] > git for-each-ref --format=%(refname)%00%(upstream:short)%00%(objectname)%00%(upstream:track)%00%(upstream:remotename)%00%(upstream:remoteref) refs/heads/master refs/remotes/master [1ms]
2026-05-17 04:56:10.907 [info] > git for-each-ref --sort -committerdate --format %(refname)%00%(objectname)%00%(*objectname) [1ms]
2026-05-17 04:56:10.922 [info] > git status -z -uall [31ms]
2026-05-17 04:56:15.961 [info] [Git][getRemotes] No remotes found in the git config file
2026-05-17 04:56:15.962 [info] > git config --get commit.template [15ms]
2026-05-17 04:56:15.962 [info] > git for-each-ref --format=%(refname)%00%(upstream:short)%00%(objectname)%00%(upstream:track)%00%(upstream:remotename)%00%(upstream:remoteref) refs/heads/master refs/remotes/master [1ms]
2026-05-17 04:56:15.997 [info] > git for-each-ref --sort -committerdate --format %(refname)%00%(objectname)%00%(*objectname) [2ms]
2026-05-17 04:56:16.009 [info] > git status -z -uall [30ms]
2026-05-17 04:56:21.042 [info] > git config --get commit.template [2ms]
2026-05-17 04:56:21.059 [info] [Git][getRemotes] No remotes found in the git config file
2026-05-17 04:56:21.060 [info] > git for-each-ref --format=%(refname)%00%(upstream:short)%00%(objectname)%00%(upstream:track)%00%(upstream:remotename)%00%(upstream:remoteref) refs/heads/master refs/remotes/master [2ms]
2026-05-17 04:56:21.096 [info] > git for-each-ref --sort -committerdate --format %(refname)%00%(objectname)%00%(*objectname) [1ms]
2026-05-17 04:56:21.108 [info] > git status -z -uall [32ms]
2026-05-17 04:56:36.338 [info] > git config --get commit.template [2ms]
2026-05-17 04:56:36.355 [info] [Git][getRemotes] No remotes found in the git config file
2026-05-17 04:56:36.356 [info] > git for-each-ref --format=%(refname)%00%(upstream:short)%00%(objectname)%00%(upstream:track)%00%(upstream:remotename)%00%(upstream:remoteref) refs/heads/master refs/remotes/master [1ms]
2026-05-17 04:56:36.389 [info] > git for-each-ref --sort -committerdate --format %(refname)%00%(objectname)%00%(*objectname) [2ms]
2026-05-17 04:56:36.403 [info] > git status -z -uall [30ms]
2026-05-17 04:56:47.131 [info] [Git][getRemotes] No remotes found in the git config file
2026-05-17 04:56:47.133 [info] > git config --get commit.template [20ms]
2026-05-17 04:56:47.133 [info] > git for-each-ref --format=%(refname)%00%(upstream:short)%00%(objectname)%00%(upstream:track)%00%(upstream:remotename)%00%(upstream:remoteref) refs/heads/master refs/remotes/master [2ms]
2026-05-17 04:56:47.163 [info] > git for-each-ref --sort -committerdate --format %(refname)%00%(objectname)%00%(*objectname) [1ms]
2026-05-17 04:56:47.176 [info] > git status -z -uall [29ms]
2026-05-17 04:57:16.933 [info] > git config --get commit.template [1ms]
2026-05-17 04:57:16.950 [info] [Git][getRemotes] No remotes found in the git config file
2026-05-17 04:57:16.951 [info] > git for-each-ref --format=%(refname)%00%(upstream:short)%00%(objectname)%00%(upstream:track)%00%(upstream:remotename)%00%(upstream:remoteref) refs/heads/master refs/remotes/master [1ms]
2026-05-17 04:57:16.979 [info] > git for-each-ref --sort -committerdate --format %(refname)%00%(objectname)%00%(*objectname) [1ms]
2026-05-17 04:57:16.993 [info] > git status -z -uall [29ms]
2026-05-17 04:57:26.970 [info] > git fetch [17ms]
2026-05-17 04:57:27.004 [info] [Git][getRemotes] No remotes found in the git config file
2026-05-17 04:57:27.005 [info] > git config --get commit.template [18ms]
2026-05-17 04:57:27.006 [info] > git for-each-ref --format=%(refname)%00%(upstream:short)%00%(objectname)%00%(upstream:track)%00%(upstream:remotename)%00%(upstream:remoteref) refs/heads/feat/h-factor-os refs/remotes/feat/h-factor-os [2ms]
2026-05-17 04:57:27.041 [info] > git for-each-ref --sort -committerdate --format %(refname)%00%(objectname)%00%(*objectname) [2ms]
2026-05-17 04:57:28.769 [info] > git status -z -uall [1747ms] (cancelled)
2026-05-17 04:57:34.939 [info] [Git][getRemotes] No remotes found in the git config file
2026-05-17 04:57:34.939 [info] > git config --get commit.template [17ms]
2026-05-17 04:57:34.940 [info] > git for-each-ref --format=%(refname)%00%(upstream:short)%00%(objectname)%00%(upstream:track)%00%(upstream:remotename)%00%(upstream:remoteref) refs/heads/master refs/remotes/master [1ms]
2026-05-17 04:57:34.970 [info] > git for-each-ref --sort -committerdate --format %(refname)%00%(objectname)%00%(*objectname) [2ms]
2026-05-17 04:57:34.984 [info] > git status -z -uall [30ms]
2026-05-17 04:57:46.939 [info] [Git][getRemotes] No remotes found in the git config file
2026-05-17 04:57:46.940 [info] > git config --get commit.template [18ms]
2026-05-17 04:57:46.940 [info] > git for-each-ref --format=%(refname)%00%(upstream:short)%00%(objectname)%00%(upstream:track)%00%(upstream:remotename)%00%(upstream:remoteref) refs/heads/master refs/remotes/master [1ms]
2026-05-17 04:57:46.973 [info] > git for-each-ref --sort -committerdate --format %(refname)%00%(objectname)%00%(*objectname) [1ms]
2026-05-17 04:57:46.987 [info] > git status -z -uall [29ms]
2026-05-17 04:58:10.940 [info] [Git][getRemotes] No remotes found in the git config file
2026-05-17 04:58:10.941 [info] > git config --get commit.template [17ms]
2026-05-17 04:58:10.942 [info] > git for-each-ref --format=%(refname)%00%(upstream:short)%00%(objectname)%00%(upstream:track)%00%(upstream:remotename)%00%(upstream:remoteref) refs/heads/master refs/remotes/master [2ms]
2026-05-17 04:58:10.976 [info] > git for-each-ref --sort -committerdate --format %(refname)%00%(objectname)%00%(*objectname) [1ms]
2026-05-17 04:58:10.988 [info] > git status -z -uall [30ms]
2026-05-17 04:58:16.941 [info] [Git][getRemotes] No remotes found in the git config file
2026-05-17 04:58:16.942 [info] > git config --get commit.template [18ms]
2026-05-17 04:58:16.942 [info] > git for-each-ref --format=%(refname)%00%(upstream:short)%00%(objectname)%00%(upstream:track)%00%(upstream:remotename)%00%(upstream:remoteref) refs/heads/master refs/remotes/master [1ms]
2026-05-17 04:58:16.973 [info] > git for-each-ref --sort -committerdate --format %(refname)%00%(objectname)%00%(*objectname) [1ms]
2026-05-17 04:58:16.988 [info] > git status -z -uall [30ms]
2026-05-17 04:58:18.567 [info] > git fetch [6ms]
2026-05-17 04:58:18.602 [info] [Git][getRemotes] No remotes found in the git config file
2026-05-17 04:58:18.603 [info] > git config --get commit.template [19ms]
2026-05-17 04:58:18.603 [info] > git for-each-ref --format=%(refname)%00%(upstream:short)%00%(objectname)%00%(upstream:track)%00%(upstream:remotename)%00%(upstream:remoteref) refs/heads/master refs/remotes/master [1ms]
2026-05-17 04:58:18.637 [info] > git for-each-ref --sort -committerdate --format %(refname)%00%(objectname)%00%(*objectname) [1ms]
2026-05-17 04:58:18.650 [info] > git status -z -uall [30ms]
2026-05-17 04:58:22.013 [info] [Git][getRemotes] No remotes found in the git config file
2026-05-17 04:58:22.025 [info] > git config --get commit.template [13ms]
2026-05-17 04:58:22.026 [info] > git for-each-ref --format=%(refname)%00%(upstream:short)%00%(objectname)%00%(upstream:track)%00%(upstream:remotename)%00%(upstream:remoteref) refs/heads/master refs/remotes/master [2ms]
2026-05-17 04:58:22.054 [info] > git for-each-ref --sort -committerdate --format %(refname)%00%(objectname)%00%(*objectname) [2ms]
2026-05-17 04:58:22.067 [info] > git status -z -uall [28ms]
2026-05-17 04:58:42.074 [info] [Git][getRemotes] No remotes found in the git config file
2026-05-17 04:58:42.074 [info] > git config --get commit.template [13ms]
2026-05-17 04:58:42.075 [info] > git for-each-ref --format=%(refname)%00%(upstream:short)%00%(objectname)%00%(upstream:track)%00%(upstream:remotename)%00%(upstream:remoteref) refs/heads/master refs/remotes/master [2ms]
2026-05-17 04:58:42.103 [info] > git for-each-ref --sort -committerdate --format %(refname)%00%(objectname)%00%(*objectname) [1ms]
2026-05-17 04:58:42.119 [info] > git status -z -uall [31ms]
2026-05-17 04:58:47.155 [info] [Git][getRemotes] No remotes found in the git config file
2026-05-17 04:58:47.156 [info] > git config --get commit.template [14ms]
2026-05-17 04:58:47.156 [info] > git for-each-ref --format=%(refname)%00%(upstream:short)%00%(objectname)%00%(upstream:track)%00%(upstream:remotename)%00%(upstream:remoteref) refs/heads/master refs/remotes/master [1ms]
2026-05-17 04:58:47.184 [info] > git for-each-ref --sort -committerdate --format %(refname)%00%(objectname)%00%(*objectname) [1ms]
2026-05-17 04:58:47.198 [info] > git status -z -uall [29ms]
2026-05-17 04:59:16.925 [info] > git config --get commit.template [1ms]
2026-05-17 04:59:16.942 [info] [Git][getRemotes] No remotes found in the git config file
2026-05-17 04:59:16.944 [info] > git for-each-ref --format=%(refname)%00%(upstream:short)%00%(objectname)%00%(upstream:track)%00%(upstream:remotename)%00%(upstream:remoteref) refs/heads/master refs/remotes/master [2ms]
2026-05-17 04:59:16.972 [info] > git for-each-ref --sort -committerdate --format %(refname)%00%(objectname)%00%(*objectname) [2ms]
2026-05-17 04:59:16.988 [info] > git status -z -uall [32ms]
2026-05-17 04:59:47.210 [info] [Git][getRemotes] No remotes found in the git config file
2026-05-17 04:59:47.211 [info] > git config --get commit.template [19ms]
2026-05-17 04:59:47.212 [info] > git for-each-ref --format=%(refname)%00%(upstream:short)%00%(objectname)%00%(upstream:track)%00%(upstream:remotename)%00%(upstream:remoteref) refs/heads/master refs/remotes/master [2ms]
2026-05-17 04:59:47.242 [info] > git for-each-ref --sort -committerdate --format %(refname)%00%(objectname)%00%(*objectname) [2ms]
2026-05-17 04:59:47.256 [info] > git status -z -uall [30ms]
2026-05-17 05:00:16.939 [info] [Git][getRemotes] No remotes found in the git config file
2026-05-17 05:00:16.940 [info] > git config --get commit.template [17ms]
2026-05-17 05:00:16.941 [info] > git for-each-ref --format=%(refname)%00%(upstream:short)%00%(objectname)%00%(upstream:track)%00%(upstream:remotename)%00%(upstream:remoteref) refs/heads/master refs/remotes/master [2ms]
2026-05-17 05:00:16.971 [info] > git for-each-ref --sort -committerdate --format %(refname)%00%(objectname)%00%(*objectname) [2ms]
2026-05-17 05:00:16.988 [info] > git status -z -uall [32ms]
2026-05-17 05:00:28.111 [info] > git fetch [15ms]
2026-05-17 05:00:28.146 [info] [Git][getRemotes] No remotes found in the git config file
2026-05-17 05:00:28.147 [info] > git config --get commit.template [19ms]
2026-05-17 05:00:28.147 [info] > git for-each-ref --format=%(refname)%00%(upstream:short)%00%(objectname)%00%(upstream:track)%00%(upstream:remotename)%00%(upstream:remoteref) refs/heads/feat/h-factor-os refs/remotes/feat/h-factor-os [1ms]
2026-05-17 05:00:28.182 [info] > git for-each-ref --sort -committerdate --format %(refname)%00%(objectname)%00%(*objectname) [2ms]
2026-05-17 05:00:29.962 [info] > git status -z -uall [1799ms] (cancelled)
2026-05-17 05:00:49.064 [info] [Git][getRemotes] No remotes found in the git config file
2026-05-17 05:00:49.065 [info] > git config --get commit.template [17ms]
2026-05-17 05:00:49.066 [info] > git for-each-ref --format=%(refname)%00%(upstream:short)%00%(objectname)%00%(upstream:track)%00%(upstream:remotename)%00%(upstream:remoteref) refs/heads/master refs/remotes/master [2ms]
2026-05-17 05:00:49.096 [info] > git for-each-ref --sort -committerdate --format %(refname)%00%(objectname)%00%(*objectname) [1ms]
2026-05-17 05:00:49.110 [info] > git status -z -uall [29ms]
2026-05-17 05:01:16.940 [info] [Git][getRemotes] No remotes found in the git config file
2026-05-17 05:01:16.941 [info] > git config --get commit.template [17ms]
2026-05-17 05:01:16.941 [info] > git for-each-ref --format=%(refname)%00%(upstream:short)%00%(objectname)%00%(upstream:track)%00%(upstream:remotename)%00%(upstream:remoteref) refs/heads/master refs/remotes/master [1ms]
2026-05-17 05:01:16.973 [info] > git for-each-ref --sort -committerdate --format %(refname)%00%(objectname)%00%(*objectname) [1ms]
2026-05-17 05:01:16.988 [info] > git status -z -uall [30ms]
2026-05-17 05:01:18.681 [info] > git fetch [5ms]
2026-05-17 05:01:18.699 [info] [Git][getRemotes] No remotes found in the git config file
2026-05-17 05:01:18.716 [info] > git config --get commit.template [16ms]
2026-05-17 05:01:18.716 [info] > git for-each-ref --format=%(refname)%00%(upstream:short)%00%(objectname)%00%(upstream:track)%00%(upstream:remotename)%00%(upstream:remoteref) refs/heads/master refs/remotes/master [1ms]
2026-05-17 05:01:18.748 [info] > git for-each-ref --sort -committerdate --format %(refname)%00%(objectname)%00%(*objectname) [2ms]
2026-05-17 05:01:18.762 [info] > git status -z -uall [30ms]
2026-05-17 05:01:22.014 [info] > git config --get commit.template [2ms]
2026-05-17 05:01:22.014 [info] [Git][getRemotes] No remotes found in the git config file
2026-05-17 05:01:22.031 [info] > git for-each-ref --format=%(refname)%00%(upstream:short)%00%(objectname)%00%(upstream:track)%00%(upstream:remotename)%00%(upstream:remoteref) refs/heads/master refs/remotes/master [1ms]
2026-05-17 05:01:22.062 [info] > git for-each-ref --sort -committerdate --format %(refname)%00%(objectname)%00%(*objectname) [1ms]
2026-05-17 05:01:22.075 [info] > git status -z -uall [29ms]
2026-05-17 05:01:46.940 [info] [Git][getRemotes] No remotes found in the git config file
2026-05-17 05:01:46.941 [info] > git config --get commit.template [18ms]
2026-05-17 05:01:46.942 [info] > git for-each-ref --format=%(refname)%00%(upstream:short)%00%(objectname)%00%(upstream:track)%00%(upstream:remotename)%00%(upstream:remoteref) refs/heads/master refs/remotes/master [1ms]
2026-05-17 05:01:46.975 [info] > git for-each-ref --sort -committerdate --format %(refname)%00%(objectname)%00%(*objectname) [1ms]
2026-05-17 05:01:46.987 [info] > git status -z -uall [29ms]
2026-05-17 05:02:16.942 [info] [Git][getRemotes] No remotes found in the git config file
2026-05-17 05:02:16.943 [info] > git config --get commit.template [19ms]
2026-05-17 05:02:16.943 [info] > git for-each-ref --format=%(refname)%00%(upstream:short)%00%(objectname)%00%(upstream:track)%00%(upstream:remotename)%00%(upstream:remoteref) refs/heads/master refs/remotes/master [2ms]
2026-05-17 05:02:16.974 [info] > git for-each-ref --sort -committerdate --format %(refname)%00%(objectname)%00%(*objectname) [2ms]
2026-05-17 05:02:16.987 [info] > git status -z -uall [29ms]
2026-05-17 05:02:35.799 [info] [Git][getRemotes] No remotes found in the git config file
2026-05-17 05:02:35.799 [info] > git config --get commit.template [18ms]
2026-05-17 05:02:35.800 [info] > git for-each-ref --format=%(refname)%00%(upstream:short)%00%(objectname)%00%(upstream:track)%00%(upstream:remotename)%00%(upstream:remoteref) refs/heads/master refs/remotes/master [2ms]
2026-05-17 05:02:35.828 [info] > git for-each-ref --sort -committerdate --format %(refname)%00%(objectname)%00%(*objectname) [1ms]
2026-05-17 05:02:35.844 [info] > git status -z -uall [30ms]
2026-05-17 05:02:40.942 [info] [Git][getRemotes] No remotes found in the git config file
2026-05-17 05:02:40.943 [info] > git config --get commit.template [18ms]
2026-05-17 05:02:40.944 [info] > git for-each-ref --format=%(refname)%00%(upstream:short)%00%(objectname)%00%(upstream:track)%00%(upstream:remotename)%00%(upstream:remoteref) refs/heads/master refs/remotes/master [2ms]
2026-05-17 05:02:40.979 [info] > git for-each-ref --sort -committerdate --format %(refname)%00%(objectname)%00%(*objectname) [2ms]
2026-05-17 05:02:40.993 [info] > git status -z -uall [33ms]
2026-05-17 05:02:47.298 [info] [Git][getRemotes] No remotes found in the git config file
2026-05-17 05:02:47.299 [info] > git config --get commit.template [18ms]
2026-05-17 05:02:47.300 [info] > git for-each-ref --format=%(refname)%00%(upstream:short)%00%(objectname)%00%(upstream:track)%00%(upstream:remotename)%00%(upstream:remoteref) refs/heads/master refs/remotes/master [2ms]
2026-05-17 05:02:47.335 [info] > git for-each-ref --sort -committerdate --format %(refname)%00%(objectname)%00%(*objectname) [2ms]
2026-05-17 05:02:47.347 [info] > git status -z -uall [31ms]
2026-05-17 05:02:54.985 [info] [Git][getRemotes] No remotes found in the git config file
2026-05-17 05:02:54.986 [info] > git config --get commit.template [19ms]
2026-05-17 05:02:54.986 [info] > git for-each-ref --format=%(refname)%00%(upstream:short)%00%(objectname)%00%(upstream:track)%00%(upstream:remotename)%00%(upstream:remoteref) refs/heads/master refs/remotes/master [2ms]
2026-05-17 05:02:55.016 [info] > git for-each-ref --sort -committerdate --format %(refname)%00%(objectname)%00%(*objectname) [1ms]
2026-05-17 05:02:55.033 [info] > git status -z -uall [31ms]
2026-05-17 05:03:02.265 [info] > git config --get commit.template [1ms]
2026-05-17 05:03:02.278 [info] [Git][getRemotes] No remotes found in the git config file
2026-05-17 05:03:02.280 [info] > git for-each-ref --format=%(refname)%00%(upstream:short)%00%(objectname)%00%(upstream:track)%00%(upstream:remotename)%00%(upstream:remoteref) refs/heads/master refs/remotes/master [2ms]
2026-05-17 05:03:02.309 [info] > git for-each-ref --sort -committerdate --format %(refname)%00%(objectname)%00%(*objectname) [2ms]
2026-05-17 05:03:02.324 [info] > git status -z -uall [31ms]
2026-05-17 05:03:07.360 [info] [Git][getRemotes] No remotes found in the git config file
2026-05-17 05:03:07.361 [info] > git config --get commit.template [15ms]
2026-05-17 05:03:07.361 [info] > git for-each-ref --format=%(refname)%00%(upstream:short)%00%(objectname)%00%(upstream:track)%00%(upstream:remotename)%00%(upstream:remoteref) refs/heads/master refs/remotes/master [1ms]
2026-05-17 05:03:07.399 [info] > git for-each-ref --sort -committerdate --format %(refname)%00%(objectname)%00%(*objectname) [2ms]
2026-05-17 05:03:07.410 [info] > git status -z -uall [30ms]
2026-05-17 05:03:12.457 [info] [Git][getRemotes] No remotes found in the git config file
2026-05-17 05:03:12.458 [info] > git config --get commit.template [15ms]
2026-05-17 05:03:12.458 [info] > git for-each-ref --format=%(refname)%00%(upstream:short)%00%(objectname)%00%(upstream:track)%00%(upstream:remotename)%00%(upstream:remoteref) refs/heads/master refs/remotes/master [1ms]
2026-05-17 05:03:12.486 [info] > git for-each-ref --sort -committerdate --format %(refname)%00%(objectname)%00%(*objectname) [1ms]
2026-05-17 05:03:12.506 [info] > git status -z -uall [35ms]
2026-05-17 05:03:17.546 [info] [Git][getRemotes] No remotes found in the git config file
2026-05-17 05:03:17.547 [info] > git config --get commit.template [15ms]
2026-05-17 05:03:17.547 [info] > git for-each-ref --format=%(refname)%00%(upstream:short)%00%(objectname)%00%(upstream:track)%00%(upstream:remotename)%00%(upstream:remoteref) refs/heads/master refs/remotes/master [1ms]
2026-05-17 05:03:17.577 [info] > git for-each-ref --sort -committerdate --format %(refname)%00%(objectname)%00%(*objectname) [3ms]
2026-05-17 05:03:17.591 [info] > git status -z -uall [31ms]
2026-05-17 05:03:25.695 [info] [Git][getRemotes] No remotes found in the git config file
2026-05-17 05:03:25.696 [info] > git config --get commit.template [15ms]
2026-05-17 05:03:25.696 [info] > git for-each-ref --format=%(refname)%00%(upstream:short)%00%(objectname)%00%(upstream:track)%00%(upstream:remotename)%00%(upstream:remoteref) refs/heads/master refs/remotes/master [1ms]
2026-05-17 05:03:25.724 [info] > git for-each-ref --sort -committerdate --format %(refname)%00%(objectname)%00%(*objectname) [1ms]
2026-05-17 05:03:25.739 [info] > git status -z -uall [30ms]
2026-05-17 05:03:29.285 [info] > git fetch [14ms]
2026-05-17 05:03:29.320 [info] [Git][getRemotes] No remotes found in the git config file
2026-05-17 05:03:29.320 [info] > git config --get commit.template [17ms]
2026-05-17 05:03:29.321 [info] > git for-each-ref --format=%(refname)%00%(upstream:short)%00%(objectname)%00%(upstream:track)%00%(upstream:remotename)%00%(upstream:remoteref) refs/heads/feat/h-factor-os refs/remotes/feat/h-factor-os [2ms]
2026-05-17 05:03:29.357 [info] > git for-each-ref --sort -committerdate --format %(refname)%00%(objectname)%00%(*objectname) [2ms]
2026-05-17 05:03:31.096 [info] > git status -z -uall [1759ms] (cancelled)
2026-05-17 05:03:34.766 [info] [Git][getRemotes] No remotes found in the git config file
2026-05-17 05:03:34.767 [info] > git config --get commit.template [18ms]
2026-05-17 05:03:34.767 [info] > git for-each-ref --format=%(refname)%00%(upstream:short)%00%(objectname)%00%(upstream:track)%00%(upstream:remotename)%00%(upstream:remoteref) refs/heads/master refs/remotes/master [1ms]
2026-05-17 05:03:34.800 [info] > git for-each-ref --sort -committerdate --format %(refname)%00%(objectname)%00%(*objectname) [1ms]
2026-05-17 05:03:34.813 [info] > git status -z -uall [30ms]
2026-05-17 05:03:56.424 [info] [Git][getRemotes] No remotes found in the git config file
2026-05-17 05:03:56.425 [info] > git config --get commit.template [16ms]
2026-05-17 05:03:56.426 [info] > git for-each-ref --format=%(refname)%00%(upstream:short)%00%(objectname)%00%(upstream:track)%00%(upstream:remotename)%00%(upstream:remoteref) refs/heads/master refs/remotes/master [2ms]
2026-05-17 05:03:56.462 [info] > git for-each-ref --sort -committerdate --format %(refname)%00%(objectname)%00%(*objectname) [1ms]
2026-05-17 05:03:56.473 [info] > git status -z -uall [29ms]
2026-05-17 05:04:12.397 [info] [Git][getRemotes] No remotes found in the git config file
2026-05-17 05:04:12.397 [info] > git config --get commit.template [13ms]
2026-05-17 05:04:12.398 [info] > git for-each-ref --format=%(refname)%00%(upstream:short)%00%(objectname)%00%(upstream:track)%00%(upstream:remotename)%00%(upstream:remoteref) refs/heads/master refs/remotes/master [1ms]
2026-05-17 05:04:12.425 [info] > git for-each-ref --sort -committerdate --format %(refname)%00%(objectname)%00%(*objectname) [2ms]
2026-05-17 05:04:12.442 [info] > git status -z -uall [32ms]
2026-05-17 05:04:17.484 [info] [Git][getRemotes] No remotes found in the git config file
2026-05-17 05:04:17.485 [info] > git config --get commit.template [17ms]
2026-05-17 05:04:17.486 [info] > git for-each-ref --format=%(refname)%00%(upstream:short)%00%(objectname)%00%(upstream:track)%00%(upstream:remotename)%00%(upstream:remoteref) refs/heads/master refs/remotes/master [2ms]
2026-05-17 05:04:17.518 [info] > git for-each-ref --sort -committerdate --format %(refname)%00%(objectname)%00%(*objectname) [1ms]
2026-05-17 05:04:17.530 [info] > git status -z -uall [28ms]
2026-05-17 05:04:18.793 [info] > git fetch [5ms]
2026-05-17 05:04:18.827 [info] [Git][getRemotes] No remotes found in the git config file
2026-05-17 05:04:18.827 [info] > git config --get commit.template [17ms]
2026-05-17 05:04:18.828 [info] > git for-each-ref --format=%(refname)%00%(upstream:short)%00%(objectname)%00%(upstream:track)%00%(upstream:remotename)%00%(upstream:remoteref) refs/heads/master refs/remotes/master [1ms]
2026-05-17 05:04:18.862 [info] > git for-each-ref --sort -committerdate --format %(refname)%00%(objectname)%00%(*objectname) [1ms]
2026-05-17 05:04:18.876 [info] > git status -z -uall [31ms]
2026-05-17 05:04:46.993 [info] [Git][getRemotes] No remotes found in the git config file
2026-05-17 05:04:46.995 [info] > git config --get commit.template [19ms]
2026-05-17 05:04:46.995 [info] > git for-each-ref --format=%(refname)%00%(upstream:short)%00%(objectname)%00%(upstream:track)%00%(upstream:remotename)%00%(upstream:remoteref) refs/heads/master refs/remotes/master [2ms]
2026-05-17 05:04:47.029 [info] > git for-each-ref --sort -committerdate --format %(refname)%00%(objectname)%00%(*objectname) [1ms]
2026-05-17 05:04:47.040 [info] > git status -z -uall [29ms]
2026-05-17 05:05:07.117 [info] [Git][getRemotes] No remotes found in the git config file
2026-05-17 05:05:07.118 [info] > git config --get commit.template [17ms]
2026-05-17 05:05:07.118 [info] > git for-each-ref --format=%(refname)%00%(upstream:short)%00%(objectname)%00%(upstream:track)%00%(upstream:remotename)%00%(upstream:remoteref) refs/heads/master refs/remotes/master [1ms]
2026-05-17 05:05:07.146 [info] > git for-each-ref --sort -committerdate --format %(refname)%00%(objectname)%00%(*objectname) [2ms]
2026-05-17 05:05:07.160 [info] > git status -z -uall [29ms]
2026-05-17 05:05:16.940 [info] [Git][getRemotes] No remotes found in the git config file
2026-05-17 05:05:16.941 [info] > git config --get commit.template [18ms]
2026-05-17 05:05:16.942 [info] > git for-each-ref --format=%(refname)%00%(upstream:short)%00%(objectname)%00%(upstream:track)%00%(upstream:remotename)%00%(upstream:remoteref) refs/heads/master refs/remotes/master [2ms]
2026-05-17 05:05:16.973 [info] > git for-each-ref --sort -committerdate --format %(refname)%00%(objectname)%00%(*objectname) [1ms]
2026-05-17 05:05:16.986 [info] > git status -z -uall [29ms]
2026-05-17 05:05:31.090 [info] [Git][getRemotes] No remotes found in the git config file
2026-05-17 05:05:31.091 [info] > git config --get commit.template [14ms]
2026-05-17 05:05:31.091 [info] > git for-each-ref --format=%(refname)%00%(upstream:short)%00%(objectname)%00%(upstream:track)%00%(upstream:remotename)%00%(upstream:remoteref) refs/heads/master refs/remotes/master [1ms]
2026-05-17 05:05:31.119 [info] > git for-each-ref --sort -committerdate --format %(refname)%00%(objectname)%00%(*objectname) [1ms]
2026-05-17 05:05:31.134 [info] > git status -z -uall [30ms]
2026-05-17 05:05:45.795 [info] [Git][getRemotes] No remotes found in the git config file
2026-05-17 05:05:45.796 [info] > git config --get commit.template [18ms]
2026-05-17 05:05:45.796 [info] > git for-each-ref --format=%(refname)%00%(upstream:short)%00%(objectname)%00%(upstream:track)%00%(upstream:remotename)%00%(upstream:remoteref) refs/heads/master refs/remotes/master [2ms]
2026-05-17 05:05:45.835 [info] > git for-each-ref --sort -committerdate --format %(refname)%00%(objectname)%00%(*objectname) [5ms]
2026-05-17 05:05:45.847 [info] > git status -z -uall [33ms]
2026-05-17 05:05:50.890 [info] [Git][getRemotes] No remotes found in the git config file
2026-05-17 05:05:50.890 [info] > git config --get commit.template [16ms]
2026-05-17 05:05:50.891 [info] > git for-each-ref --format=%(refname)%00%(upstream:short)%00%(objectname)%00%(upstream:track)%00%(upstream:remotename)%00%(upstream:remoteref) refs/heads/master refs/remotes/master [1ms]
2026-05-17 05:05:50.919 [info] > git for-each-ref --sort -committerdate --format %(refname)%00%(objectname)%00%(*objectname) [1ms]
2026-05-17 05:05:50.933 [info] > git status -z -uall [30ms]
2026-05-17 05:06:16.940 [info] [Git][getRemotes] No remotes found in the git config file
2026-05-17 05:06:16.941 [info] > git config --get commit.template [18ms]
2026-05-17 05:06:16.941 [info] > git for-each-ref --format=%(refname)%00%(upstream:short)%00%(objectname)%00%(upstream:track)%00%(upstream:remotename)%00%(upstream:remoteref) refs/heads/master refs/remotes/master [1ms]
2026-05-17 05:06:16.974 [info] > git for-each-ref --sort -committerdate --format %(refname)%00%(objectname)%00%(*objectname) [1ms]
2026-05-17 05:06:16.989 [info] > git status -z -uall [31ms]
2026-05-17 05:06:30.452 [info] > git fetch [15ms]
2026-05-17 05:06:30.487 [info] [Git][getRemotes] No remotes found in the git config file
2026-05-17 05:06:30.487 [info] > git config --get commit.template [17ms]
2026-05-17 05:06:30.488 [info] > git for-each-ref --format=%(refname)%00%(upstream:short)%00%(objectname)%00%(upstream:track)%00%(upstream:remotename)%00%(upstream:remoteref) refs/heads/feat/h-factor-os refs/remotes/feat/h-factor-os [1ms]
2026-05-17 05:06:30.522 [info] > git for-each-ref --sort -committerdate --format %(refname)%00%(objectname)%00%(*objectname) [1ms]
2026-05-17 05:06:32.276 [info] > git status -z -uall [1772ms] (cancelled)
2026-05-17 05:07:07.624 [info] [Git][getRemotes] No remotes found in the git config file
2026-05-17 05:07:07.624 [info] > git config --get commit.template [14ms]
2026-05-17 05:07:07.625 [info] > git for-each-ref --format=%(refname)%00%(upstream:short)%00%(objectname)%00%(upstream:track)%00%(upstream:remotename)%00%(upstream:remoteref) refs/heads/master refs/remotes/master [2ms]
2026-05-17 05:07:07.656 [info] > git for-each-ref --sort -committerdate --format %(refname)%00%(objectname)%00%(*objectname) [1ms]
2026-05-17 05:07:07.669 [info] > git status -z -uall [29ms]
2026-05-17 05:07:14.293 [info] [Git][getRemotes] No remotes found in the git config file
2026-05-17 05:07:14.294 [info] > git config --get commit.template [11ms]
2026-05-17 05:07:14.294 [info] > git for-each-ref --format=%(refname)%00%(upstream:short)%00%(objectname)%00%(upstream:track)%00%(upstream:remotename)%00%(upstream:remoteref) refs/heads/master refs/remotes/master [1ms]
2026-05-17 05:07:14.322 [info] > git for-each-ref --sort -committerdate --format %(refname)%00%(objectname)%00%(*objectname) [1ms]
2026-05-17 05:07:14.337 [info] > git status -z -uall [31ms]
2026-05-17 05:07:18.907 [info] > git fetch [6ms]
2026-05-17 05:07:18.933 [info] [Git][getRemotes] No remotes found in the git config file
2026-05-17 05:07:18.933 [info] > git config --get commit.template [12ms]
2026-05-17 05:07:18.934 [info] > git for-each-ref --format=%(refname)%00%(upstream:short)%00%(objectname)%00%(upstream:track)%00%(upstream:remotename)%00%(upstream:remoteref) refs/heads/master refs/remotes/master [1ms]
2026-05-17 05:07:18.961 [info] > git for-each-ref --sort -committerdate --format %(refname)%00%(objectname)%00%(*objectname) [1ms]
2026-05-17 05:07:18.976 [info] > git status -z -uall [30ms]
2026-05-17 05:07:19.373 [info] [Git][getRemotes] No remotes found in the git config file
2026-05-17 05:07:19.374 [info] > git config --get commit.template [14ms]
2026-05-17 05:07:19.374 [info] > git for-each-ref --format=%(refname)%00%(upstream:short)%00%(objectname)%00%(upstream:track)%00%(upstream:remotename)%00%(upstream:remoteref) refs/heads/master refs/remotes/master [1ms]
2026-05-17 05:07:19.403 [info] > git for-each-ref --sort -committerdate --format %(refname)%00%(objectname)%00%(*objectname) [2ms]
2026-05-17 05:07:19.417 [info] > git status -z -uall [30ms]
2026-05-17 05:07:24.462 [info] [Git][getRemotes] No remotes found in the git config file
2026-05-17 05:07:24.463 [info] > git config --get commit.template [17ms]
2026-05-17 05:07:24.463 [info] > git for-each-ref --format=%(refname)%00%(upstream:short)%00%(objectname)%00%(upstream:track)%00%(upstream:remotename)%00%(upstream:remoteref) refs/heads/master refs/remotes/master [1ms]
2026-05-17 05:07:24.493 [info] > git for-each-ref --sort -committerdate --format %(refname)%00%(objectname)%00%(*objectname) [1ms]
2026-05-17 05:07:24.510 [info] > git status -z -uall [31ms]
2026-05-17 05:07:29.545 [info] > git config --get commit.template [2ms]
2026-05-17 05:07:29.559 [info] [Git][getRemotes] No remotes found in the git config file
2026-05-17 05:07:29.560 [info] > git for-each-ref --format=%(refname)%00%(upstream:short)%00%(objectname)%00%(upstream:track)%00%(upstream:remotename)%00%(upstream:remoteref) refs/heads/master refs/remotes/master [1ms]
2026-05-17 05:07:29.588 [info] > git for-each-ref --sort -committerdate --format %(refname)%00%(objectname)%00%(*objectname) [1ms]
2026-05-17 05:07:29.602 [info] > git status -z -uall [29ms]
2026-05-17 05:07:34.646 [info] [Git][getRemotes] No remotes found in the git config file
2026-05-17 05:07:34.647 [info] > git config --get commit.template [17ms]
2026-05-17 05:07:34.647 [info] > git for-each-ref --format=%(refname)%00%(upstream:short)%00%(objectname)%00%(upstream:track)%00%(upstream:remotename)%00%(upstream:remoteref) refs/heads/master refs/remotes/master [1ms]
2026-05-17 05:07:34.681 [info] > git for-each-ref --sort -committerdate --format %(refname)%00%(objectname)%00%(*objectname) [2ms]
2026-05-17 05:07:34.694 [info] > git status -z -uall [31ms]
2026-05-17 05:07:40.332 [info] [Git][getRemotes] No remotes found in the git config file
2026-05-17 05:07:40.333 [info] > git config --get commit.template [17ms]
2026-05-17 05:07:40.333 [info] > git for-each-ref --format=%(refname)%00%(upstream:short)%00%(objectname)%00%(upstream:track)%00%(upstream:remotename)%00%(upstream:remoteref) refs/heads/master refs/remotes/master [1ms]
2026-05-17 05:07:40.368 [info] > git for-each-ref --sort -committerdate --format %(refname)%00%(objectname)%00%(*objectname) [1ms]
2026-05-17 05:07:40.380 [info] > git status -z -uall [30ms]
2026-05-17 05:07:46.924 [info] > git config --get commit.template [2ms]
2026-05-17 05:07:46.940 [info] [Git][getRemotes] No remotes found in the git config file
2026-05-17 05:07:46.941 [info] > git for-each-ref --format=%(refname)%00%(upstream:short)%00%(objectname)%00%(upstream:track)%00%(upstream:remotename)%00%(upstream:remoteref) refs/heads/master refs/remotes/master [1ms]
2026-05-17 05:07:46.974 [info] > git for-each-ref --sort -committerdate --format %(refname)%00%(objectname)%00%(*objectname) [2ms]
2026-05-17 05:07:46.987 [info] > git status -z -uall [29ms]
2026-05-17 05:08:16.941 [info] [Git][getRemotes] No remotes found in the git config file
2026-05-17 05:08:16.942 [info] > git config --get commit.template [18ms]
2026-05-17 05:08:16.943 [info] > git for-each-ref --format=%(refname)%00%(upstream:short)%00%(objectname)%00%(upstream:track)%00%(upstream:remotename)%00%(upstream:remoteref) refs/heads/master refs/remotes/master [2ms]
2026-05-17 05:08:16.977 [info] > git for-each-ref --sort -committerdate --format %(refname)%00%(objectname)%00%(*objectname) [1ms]
2026-05-17 05:08:16.989 [info] > git status -z -uall [30ms]
2026-05-17 05:08:47.480 [info] [Git][getRemotes] No remotes found in the git config file
2026-05-17 05:08:47.481 [info] > git config --get commit.template [17ms]
2026-05-17 05:08:47.481 [info] > git for-each-ref --format=%(refname)%00%(upstream:short)%00%(objectname)%00%(upstream:track)%00%(upstream:remotename)%00%(upstream:remoteref) refs/heads/master refs/remotes/master [1ms]
2026-05-17 05:08:47.514 [info] > git for-each-ref --sort -committerdate --format %(refname)%00%(objectname)%00%(*objectname) [1ms]
2026-05-17 05:08:47.527 [info] > git status -z -uall [33ms]
2026-05-17 05:08:52.703 [info] [Git][getRemotes] No remotes found in the git config file
2026-05-17 05:08:52.704 [info] > git config --get commit.template [16ms]
2026-05-17 05:08:52.704 [info] > git for-each-ref --format=%(refname)%00%(upstream:short)%00%(objectname)%00%(upstream:track)%00%(upstream:remotename)%00%(upstream:remoteref) refs/heads/master refs/remotes/master [1ms]
2026-05-17 05:08:52.734 [info] > git for-each-ref --sort -committerdate --format %(refname)%00%(objectname)%00%(*objectname) [1ms]
2026-05-17 05:08:52.750 [info] > git status -z -uall [30ms]
2026-05-17 05:09:16.940 [info] [Git][getRemotes] No remotes found in the git config file
2026-05-17 05:09:16.941 [info] > git config --get commit.template [18ms]
2026-05-17 05:09:16.942 [info] > git for-each-ref --format=%(refname)%00%(upstream:short)%00%(objectname)%00%(upstream:track)%00%(upstream:remotename)%00%(upstream:remoteref) refs/heads/master refs/remotes/master [2ms]
2026-05-17 05:09:16.975 [info] > git for-each-ref --sort -committerdate --format %(refname)%00%(objectname)%00%(*objectname) [1ms]
2026-05-17 05:09:16.991 [info] > git status -z -uall [32ms]
2026-05-17 05:09:22.029 [info] > git config --get commit.template [2ms]
2026-05-17 05:09:22.042 [info] [Git][getRemotes] No remotes found in the git config file
2026-05-17 05:09:22.043 [info] > git for-each-ref --format=%(refname)%00%(upstream:short)%00%(objectname)%00%(upstream:track)%00%(upstream:remotename)%00%(upstream:remoteref) refs/heads/master refs/remotes/master [1ms]
2026-05-17 05:09:22.073 [info] > git for-each-ref --sort -committerdate --format %(refname)%00%(objectname)%00%(*objectname) [2ms]
2026-05-17 05:09:22.087 [info] > git status -z -uall [31ms]
2026-05-17 05:09:31.638 [info] > git fetch [15ms]
2026-05-17 05:09:31.665 [info] [Git][getRemotes] No remotes found in the git config file
2026-05-17 05:09:31.665 [info] > git config --get commit.template [13ms]
2026-05-17 05:09:31.666 [info] > git for-each-ref --format=%(refname)%00%(upstream:short)%00%(objectname)%00%(upstream:track)%00%(upstream:remotename)%00%(upstream:remoteref) refs/heads/feat/h-factor-os refs/remotes/feat/h-factor-os [1ms]
2026-05-17 05:09:31.694 [info] > git for-each-ref --sort -committerdate --format %(refname)%00%(objectname)%00%(*objectname) [2ms]
2026-05-17 05:09:33.465 [info] > git status -z -uall [1786ms] (cancelled)
2026-05-17 05:09:39.749 [info] [Git][getRemotes] No remotes found in the git config file
2026-05-17 05:09:39.750 [info] > git config --get commit.template [19ms]
2026-05-17 05:09:39.751 [info] > git for-each-ref --format=%(refname)%00%(upstream:short)%00%(objectname)%00%(upstream:track)%00%(upstream:remotename)%00%(upstream:remoteref) refs/heads/master refs/remotes/master [2ms]
2026-05-17 05:09:39.784 [info] > git for-each-ref --sort -committerdate --format %(refname)%00%(objectname)%00%(*objectname) [1ms]
2026-05-17 05:09:39.797 [info] > git status -z -uall [29ms]
2026-05-17 05:10:16.996 [info] [Git][getRemotes] No remotes found in the git config file
2026-05-17 05:10:16.996 [info] > git config --get commit.template [17ms]
2026-05-17 05:10:16.997 [info] > git for-each-ref --format=%(refname)%00%(upstream:short)%00%(objectname)%00%(upstream:track)%00%(upstream:remotename)%00%(upstream:remoteref) refs/heads/master refs/remotes/master [1ms]
2026-05-17 05:10:17.030 [info] > git for-each-ref --sort -committerdate --format %(refname)%00%(objectname)%00%(*objectname) [1ms]
2026-05-17 05:10:17.043 [info] > git status -z -uall [29ms]
2026-05-17 05:10:19.010 [info] > git fetch [7ms]
2026-05-17 05:10:19.045 [info] [Git][getRemotes] No remotes found in the git config file
2026-05-17 05:10:19.045 [info] > git config --get commit.template [17ms]
2026-05-17 05:10:19.046 [info] > git for-each-ref --format=%(refname)%00%(upstream:short)%00%(objectname)%00%(upstream:track)%00%(upstream:remotename)%00%(upstream:remoteref) refs/heads/master refs/remotes/master [1ms]
2026-05-17 05:10:19.080 [info] > git for-each-ref --sort -committerdate --format %(refname)%00%(objectname)%00%(*objectname) [2ms]
2026-05-17 05:10:19.097 [info] > git status -z -uall [35ms]
2026-05-17 05:10:23.329 [info] > git config --get commit.template [1ms]
2026-05-17 05:10:23.345 [info] [Git][getRemotes] No remotes found in the git config file
2026-05-17 05:10:23.346 [info] > git for-each-ref --format=%(refname)%00%(upstream:short)%00%(objectname)%00%(upstream:track)%00%(upstream:remotename)%00%(upstream:remoteref) refs/heads/master refs/remotes/master [1ms]
2026-05-17 05:10:23.381 [info] > git for-each-ref --sort -committerdate --format %(refname)%00%(objectname)%00%(*objectname) [2ms]
2026-05-17 05:10:23.392 [info] > git status -z -uall [30ms]
2026-05-17 05:10:38.879 [info] [Git][getRemotes] No remotes found in the git config file
2026-05-17 05:10:38.880 [info] > git config --get commit.template [18ms]
2026-05-17 05:10:38.880 [info] > git for-each-ref --format=%(refname)%00%(upstream:short)%00%(objectname)%00%(upstream:track)%00%(upstream:remotename)%00%(upstream:remoteref) refs/heads/master refs/remotes/master [1ms]
2026-05-17 05:10:38.916 [info] > git for-each-ref --sort -committerdate --format %(refname)%00%(objectname)%00%(*objectname) [1ms]
2026-05-17 05:10:38.931 [info] > git status -z -uall [34ms]
2026-05-17 05:10:43.967 [info] > git config --get commit.template [1ms]
2026-05-17 05:10:43.981 [info] [Git][getRemotes] No remotes found in the git config file
2026-05-17 05:10:43.982 [info] > git for-each-ref --format=%(refname)%00%(upstream:short)%00%(objectname)%00%(upstream:track)%00%(upstream:remotename)%00%(upstream:remoteref) refs/heads/master refs/remotes/master [1ms]
2026-05-17 05:10:44.011 [info] > git for-each-ref --sort -committerdate --format %(refname)%00%(objectname)%00%(*objectname) [1ms]
2026-05-17 05:10:44.025 [info] > git status -z -uall [30ms]
2026-05-17 05:10:49.062 [info] [Git][getRemotes] No remotes found in the git config file
2026-05-17 05:10:49.063 [info] > git config --get commit.template [13ms]
2026-05-17 05:10:49.063 [info] > git for-each-ref --format=%(refname)%00%(upstream:short)%00%(objectname)%00%(upstream:track)%00%(upstream:remotename)%00%(upstream:remoteref) refs/heads/master refs/remotes/master [1ms]
2026-05-17 05:10:49.090 [info] > git for-each-ref --sort -committerdate --format %(refname)%00%(objectname)%00%(*objectname) [2ms]
2026-05-17 05:10:49.103 [info] > git status -z -uall [29ms]
2026-05-17 05:11:14.402 [info] [Git][getRemotes] No remotes found in the git config file
2026-05-17 05:11:14.403 [info] > git config --get commit.template [18ms]
2026-05-17 05:11:14.403 [info] > git for-each-ref --format=%(refname)%00%(upstream:short)%00%(objectname)%00%(upstream:track)%00%(upstream:remotename)%00%(upstream:remoteref) refs/heads/master refs/remotes/master [1ms]
2026-05-17 05:11:14.438 [info] > git for-each-ref --sort -committerdate --format %(refname)%00%(objectname)%00%(*objectname) [2ms]
2026-05-17 05:11:14.450 [info] > git status -z -uall [31ms]
2026-05-17 05:11:19.503 [info] [Git][getRemotes] No remotes found in the git config file
2026-05-17 05:11:19.504 [info] > git config --get commit.template [18ms]
2026-05-17 05:11:19.504 [info] > git for-each-ref --format=%(refname)%00%(upstream:short)%00%(objectname)%00%(upstream:track)%00%(upstream:remotename)%00%(upstream:remoteref) refs/heads/master refs/remotes/master [1ms]
2026-05-17 05:11:19.538 [info] > git for-each-ref --sort -committerdate --format %(refname)%00%(objectname)%00%(*objectname) [1ms]
2026-05-17 05:11:19.556 [info] > git status -z -uall [36ms]
2026-05-17 05:11:24.607 [info] [Git][getRemotes] No remotes found in the git config file
2026-05-17 05:11:24.607 [info] > git config --get commit.template [18ms]
2026-05-17 05:11:24.608 [info] > git for-each-ref --format=%(refname)%00%(upstream:short)%00%(objectname)%00%(upstream:track)%00%(upstream:remotename)%00%(upstream:remoteref) refs/heads/master refs/remotes/master [2ms]
2026-05-17 05:11:24.643 [info] > git for-each-ref --sort -committerdate --format %(refname)%00%(objectname)%00%(*objectname) [2ms]
2026-05-17 05:11:24.657 [info] > git status -z -uall [32ms]
2026-05-17 05:11:29.706 [info] [Git][getRemotes] No remotes found in the git config file
2026-05-17 05:11:29.706 [info] > git config --get commit.template [13ms]
2026-05-17 05:11:29.707 [info] > git for-each-ref --format=%(refname)%00%(upstream:short)%00%(objectname)%00%(upstream:track)%00%(upstream:remotename)%00%(upstream:remoteref) refs/heads/master refs/remotes/master [1ms]
2026-05-17 05:11:29.736 [info] > git for-each-ref --sort -committerdate --format %(refname)%00%(objectname)%00%(*objectname) [1ms]
2026-05-17 05:11:29.750 [info] > git status -z -uall [30ms]
2026-05-17 05:11:34.796 [info] [Git][getRemotes] No remotes found in the git config file
2026-05-17 05:11:34.797 [info] > git config --get commit.template [19ms]
2026-05-17 05:11:34.797 [info] > git for-each-ref --format=%(refname)%00%(upstream:short)%00%(objectname)%00%(upstream:track)%00%(upstream:remotename)%00%(upstream:remoteref) refs/heads/master refs/remotes/master [1ms]
2026-05-17 05:11:34.833 [info] > git for-each-ref --sort -committerdate --format %(refname)%00%(objectname)%00%(*objectname) [2ms]
2026-05-17 05:11:34.846 [info] > git status -z -uall [30ms]
2026-05-17 05:11:39.883 [info] [Git][getRemotes] No remotes found in the git config file
2026-05-17 05:11:39.883 [info] > git config --get commit.template [14ms]
2026-05-17 05:11:39.884 [info] > git for-each-ref --format=%(refname)%00%(upstream:short)%00%(objectname)%00%(upstream:track)%00%(upstream:remotename)%00%(upstream:remoteref) refs/heads/master refs/remotes/master [1ms]
2026-05-17 05:11:39.912 [info] > git for-each-ref --sort -committerdate --format %(refname)%00%(objectname)%00%(*objectname) [1ms]
2026-05-17 05:11:39.926 [info] > git status -z -uall [29ms]
2026-05-17 05:11:44.963 [info] [Git][getRemotes] No remotes found in the git config file
2026-05-17 05:11:44.964 [info] > git config --get commit.template [15ms]
2026-05-17 05:11:44.964 [info] > git for-each-ref --format=%(refname)%00%(upstream:short)%00%(objectname)%00%(upstream:track)%00%(upstream:remotename)%00%(upstream:remoteref) refs/heads/master refs/remotes/master [1ms]
2026-05-17 05:11:44.996 [info] > git for-each-ref --sort -committerdate --format %(refname)%00%(objectname)%00%(*objectname) [1ms]
2026-05-17 05:11:45.009 [info] > git status -z -uall [30ms]
2026-05-17 05:11:50.051 [info] [Git][getRemotes] No remotes found in the git config file
2026-05-17 05:11:50.052 [info] > git config --get commit.template [14ms]
2026-05-17 05:11:50.052 [info] > git for-each-ref --format=%(refname)%00%(upstream:short)%00%(objectname)%00%(upstream:track)%00%(upstream:remotename)%00%(upstream:remoteref) refs/heads/master refs/remotes/master [1ms]
2026-05-17 05:11:50.081 [info] > git for-each-ref --sort -committerdate --format %(refname)%00%(objectname)%00%(*objectname) [1ms]
2026-05-17 05:11:50.097 [info] > git status -z -uall [31ms]
2026-05-17 05:11:55.134 [info] [Git][getRemotes] No remotes found in the git config file
2026-05-17 05:11:55.135 [info] > git config --get commit.template [15ms]
2026-05-17 05:11:55.135 [info] > git for-each-ref --format=%(refname)%00%(upstream:short)%00%(objectname)%00%(upstream:track)%00%(upstream:remotename)%00%(upstream:remoteref) refs/heads/master refs/remotes/master [1ms]
2026-05-17 05:11:55.163 [info] > git for-each-ref --sort -committerdate --format %(refname)%00%(objectname)%00%(*objectname) [1ms]
2026-05-17 05:11:55.178 [info] > git status -z -uall [30ms]
2026-05-17 05:12:00.214 [info] [Git][getRemotes] No remotes found in the git config file
2026-05-17 05:12:00.215 [info] > git config --get commit.template [14ms]
2026-05-17 05:12:00.216 [info] > git for-each-ref --format=%(refname)%00%(upstream:short)%00%(objectname)%00%(upstream:track)%00%(upstream:remotename)%00%(upstream:remoteref) refs/heads/master refs/remotes/master [2ms]
2026-05-17 05:12:00.244 [info] > git for-each-ref --sort -committerdate --format %(refname)%00%(objectname)%00%(*objectname) [2ms]
2026-05-17 05:12:00.260 [info] > git status -z -uall [32ms]
2026-05-17 05:12:05.296 [info] [Git][getRemotes] No remotes found in the git config file
2026-05-17 05:12:05.297 [info] > git config --get commit.template [14ms]
2026-05-17 05:12:05.297 [info] > git for-each-ref --format=%(refname)%00%(upstream:short)%00%(objectname)%00%(upstream:track)%00%(upstream:remotename)%00%(upstream:remoteref) refs/heads/master refs/remotes/master [1ms]
2026-05-17 05:12:05.325 [info] > git status -z -uall [14ms]
2026-05-17 05:12:05.326 [info] > git for-each-ref --sort -committerdate --format %(refname)%00%(objectname)%00%(*objectname) [2ms]
2026-05-17 05:12:10.344 [info] > git config --get commit.template [1ms]
2026-05-17 05:12:10.356 [info] [Git][getRemotes] No remotes found in the git config file
2026-05-17 05:12:10.357 [info] > git for-each-ref --format=%(refname)%00%(upstream:short)%00%(objectname)%00%(upstream:track)%00%(upstream:remotename)%00%(upstream:remoteref) refs/heads/master refs/remotes/master [1ms]
2026-05-17 05:12:10.383 [info] > git status -z -uall [13ms]
2026-05-17 05:12:10.384 [info] > git for-each-ref --sort -committerdate --format %(refname)%00%(objectname)%00%(*objectname) [1ms]
2026-05-17 05:12:15.422 [info] [Git][getRemotes] No remotes found in the git config file
2026-05-17 05:12:15.423 [info] > git config --get commit.template [19ms]
2026-05-17 05:12:15.424 [info] > git for-each-ref --format=%(refname)%00%(upstream:short)%00%(objectname)%00%(upstream:track)%00%(upstream:remotename)%00%(upstream:remoteref) refs/heads/master refs/remotes/master [3ms]
2026-05-17 05:12:15.459 [info] > git for-each-ref --sort -committerdate --format %(refname)%00%(objectname)%00%(*objectname) [3ms]
2026-05-17 05:12:15.463 [info] > git status -z -uall [23ms]
2026-05-17 05:12:20.561 [info] > git config --get commit.template [1ms]
2026-05-17 05:12:20.582 [info] [Git][getRemotes] No remotes found in the git config file
2026-05-17 05:12:20.583 [info] > git for-each-ref --format=%(refname)%00%(upstream:short)%00%(objectname)%00%(upstream:track)%00%(upstream:remotename)%00%(upstream:remoteref) refs/heads/master refs/remotes/master [2ms]
2026-05-17 05:12:20.635 [info] > git for-each-ref --sort -committerdate --format %(refname)%00%(objectname)%00%(*objectname) [11ms]
2026-05-17 05:12:20.636 [info] > git status -z -uall [32ms]
2026-05-17 05:12:28.194 [info] [Git][getRemotes] No remotes found in the git config file
2026-05-17 05:12:28.210 [info] > git config --get commit.template [16ms]
2026-05-17 05:12:28.210 [info] > git for-each-ref --format=%(refname)%00%(upstream:short)%00%(objectname)%00%(upstream:track)%00%(upstream:remotename)%00%(upstream:remoteref) refs/heads/master refs/remotes/master [1ms]
2026-05-17 05:12:28.240 [info] > git for-each-ref --sort -committerdate --format %(refname)%00%(objectname)%00%(*objectname) [1ms]
2026-05-17 05:12:28.263 [info] > git status -z -uall [37ms]
2026-05-17 05:12:32.817 [info] > git fetch [14ms]
2026-05-17 05:12:32.850 [info] [Git][getRemotes] No remotes found in the git config file
2026-05-17 05:12:32.850 [info] > git config --get commit.template [16ms]
2026-05-17 05:12:32.851 [info] > git for-each-ref --format=%(refname)%00%(upstream:short)%00%(objectname)%00%(upstream:track)%00%(upstream:remotename)%00%(upstream:remoteref) refs/heads/feat/h-factor-os refs/remotes/feat/h-factor-os [1ms]
2026-05-17 05:12:32.890 [info] > git for-each-ref --sort -committerdate --format %(refname)%00%(objectname)%00%(*objectname) [4ms]
2026-05-17 05:12:33.357 [info] [Git][getRemotes] No remotes found in the git config file
2026-05-17 05:12:33.358 [info] > git config --get commit.template [12ms]
2026-05-17 05:12:33.358 [info] > git for-each-ref --format=%(refname)%00%(upstream:short)%00%(objectname)%00%(upstream:track)%00%(upstream:remotename)%00%(upstream:remoteref) refs/heads/master refs/remotes/master [1ms]
2026-05-17 05:12:33.394 [info] > git for-each-ref --sort -committerdate --format %(refname)%00%(objectname)%00%(*objectname) [4ms]
2026-05-17 05:12:33.394 [info] > git status -z -uall [21ms]
2026-05-17 05:12:35.359 [info] > git status -z -uall [2493ms] (cancelled)
2026-05-17 05:12:39.433 [info] [Git][getRemotes] No remotes found in the git config file
2026-05-17 05:12:39.433 [info] > git config --get commit.template [19ms]
2026-05-17 05:12:39.434 [info] > git for-each-ref --format=%(refname)%00%(upstream:short)%00%(objectname)%00%(upstream:track)%00%(upstream:remotename)%00%(upstream:remoteref) refs/heads/master refs/remotes/master [2ms]
2026-05-17 05:12:39.473 [info] > git for-each-ref --sort -committerdate --format %(refname)%00%(objectname)%00%(*objectname) [4ms]
2026-05-17 05:12:39.473 [info] > git status -z -uall [22ms]
2026-05-17 05:12:44.590 [info] [Git][getRemotes] No remotes found in the git config file
2026-05-17 05:12:44.590 [info] > git config --get commit.template [18ms]
2026-05-17 05:12:44.591 [info] > git for-each-ref --format=%(refname)%00%(upstream:short)%00%(objectname)%00%(upstream:track)%00%(upstream:remotename)%00%(upstream:remoteref) refs/heads/master refs/remotes/master [1ms]
2026-05-17 05:12:44.630 [info] > git for-each-ref --sort -committerdate --format %(refname)%00%(objectname)%00%(*objectname) [4ms]
2026-05-17 05:12:44.631 [info] > git status -z -uall [23ms]
2026-05-17 05:12:49.762 [info] [Git][getRemotes] No remotes found in the git config file
2026-05-17 05:12:49.763 [info] > git config --get commit.template [15ms]
2026-05-17 05:12:49.763 [info] > git for-each-ref --format=%(refname)%00%(upstream:short)%00%(objectname)%00%(upstream:track)%00%(upstream:remotename)%00%(upstream:remoteref) refs/heads/master refs/remotes/master [1ms]
2026-05-17 05:12:49.795 [info] > git for-each-ref --sort -committerdate --format %(refname)%00%(objectname)%00%(*objectname) [2ms]
2026-05-17 05:12:49.799 [info] > git status -z -uall [21ms]
2026-05-17 05:12:59.889 [info] [Git][getRemotes] No remotes found in the git config file
2026-05-17 05:12:59.889 [info] > git config --get commit.template [12ms]
2026-05-17 05:12:59.890 [info] > git for-each-ref --format=%(refname)%00%(upstream:short)%00%(objectname)%00%(upstream:track)%00%(upstream:remotename)%00%(upstream:remoteref) refs/heads/master refs/remotes/master [1ms]
2026-05-17 05:12:59.913 [info] > git for-each-ref --sort -committerdate --format %(refname)%00%(objectname)%00%(*objectname) [1ms]
2026-05-17 05:12:59.923 [info] > git status -z -uall [22ms]
2026-05-17 05:13:05.008 [info] [Git][getRemotes] No remotes found in the git config file
2026-05-17 05:13:05.008 [info] > git config --get commit.template [15ms]
2026-05-17 05:13:05.009 [info] > git for-each-ref --format=%(refname)%00%(upstream:short)%00%(objectname)%00%(upstream:track)%00%(upstream:remotename)%00%(upstream:remoteref) refs/heads/master refs/remotes/master [2ms]
2026-05-17 05:13:05.040 [info] > git for-each-ref --sort -committerdate --format %(refname)%00%(objectname)%00%(*objectname) [2ms]
2026-05-17 05:13:05.045 [info] > git status -z -uall [21ms]
2026-05-17 05:13:16.998 [info] [Git][getRemotes] No remotes found in the git config file
2026-05-17 05:13:16.999 [info] > git config --get commit.template [17ms]
2026-05-17 05:13:17.000 [info] > git for-each-ref --format=%(refname)%00%(upstream:short)%00%(objectname)%00%(upstream:track)%00%(upstream:remotename)%00%(upstream:remoteref) refs/heads/master refs/remotes/master [2ms]
2026-05-17 05:13:17.031 [info] > git for-each-ref --sort -committerdate --format %(refname)%00%(objectname)%00%(*objectname) [2ms]
2026-05-17 05:13:17.037 [info] > git status -z -uall [23ms]
2026-05-17 05:13:19.136 [info] > git fetch [5ms]
2026-05-17 05:13:19.158 [info] [Git][getRemotes] No remotes found in the git config file
2026-05-17 05:13:19.159 [info] > git config --get commit.template [12ms]
2026-05-17 05:13:19.159 [info] > git for-each-ref --format=%(refname)%00%(upstream:short)%00%(objectname)%00%(upstream:track)%00%(upstream:remotename)%00%(upstream:remoteref) refs/heads/master refs/remotes/master [1ms]
2026-05-17 05:13:19.182 [info] > git for-each-ref --sort -committerdate --format %(refname)%00%(objectname)%00%(*objectname) [1ms]
2026-05-17 05:13:19.190 [info] > git status -z -uall [21ms]
2026-05-17 05:13:22.139 [info] [Git][getRemotes] No remotes found in the git config file
2026-05-17 05:13:22.140 [info] > git config --get commit.template [15ms]
2026-05-17 05:13:22.140 [info] > git for-each-ref --format=%(refname)%00%(upstream:short)%00%(objectname)%00%(upstream:track)%00%(upstream:remotename)%00%(upstream:remoteref) refs/heads/master refs/remotes/master [1ms]
2026-05-17 05:13:22.170 [info] > git for-each-ref --sort -committerdate --format %(refname)%00%(objectname)%00%(*objectname) [2ms]
2026-05-17 05:13:22.175 [info] > git status -z -uall [21ms]
2026-05-17 05:13:27.262 [info] [Git][getRemotes] No remotes found in the git config file
2026-05-17 05:13:27.282 [info] > git config --get commit.template [20ms]
2026-05-17 05:13:27.282 [info] > git for-each-ref --format=%(refname)%00%(upstream:short)%00%(objectname)%00%(upstream:track)%00%(upstream:remotename)%00%(upstream:remoteref) refs/heads/master refs/remotes/master [1ms]
2026-05-17 05:13:27.322 [info] > git for-each-ref --sort -committerdate --format %(refname)%00%(objectname)%00%(*objectname) [4ms]
2026-05-17 05:13:27.323 [info] > git status -z -uall [23ms]
2026-05-17 05:13:32.409 [info] [Git][getRemotes] No remotes found in the git config file
2026-05-17 05:13:32.426 [info] > git config --get commit.template [18ms]
2026-05-17 05:13:32.427 [info] > git for-each-ref --format=%(refname)%00%(upstream:short)%00%(objectname)%00%(upstream:track)%00%(upstream:remotename)%00%(upstream:remoteref) refs/heads/master refs/remotes/master [1ms]
2026-05-17 05:13:32.468 [info] > git for-each-ref --sort -committerdate --format %(refname)%00%(objectname)%00%(*objectname) [4ms]
2026-05-17 05:13:32.469 [info] > git status -z -uall [25ms]
2026-05-17 05:13:39.267 [info] [Git][getRemotes] No remotes found in the git config file
2026-05-17 05:13:39.267 [info] > git config --get commit.template [17ms]
2026-05-17 05:13:39.268 [info] > git for-each-ref --format=%(refname)%00%(upstream:short)%00%(objectname)%00%(upstream:track)%00%(upstream:remotename)%00%(upstream:remoteref) refs/heads/master refs/remotes/master [1ms]
2026-05-17 05:13:39.312 [info] > git status -z -uall [26ms]
2026-05-17 05:13:39.312 [info] > git for-each-ref --sort -committerdate --format %(refname)%00%(objectname)%00%(*objectname) [7ms]
2026-05-17 05:13:44.434 [info] > git config --get commit.template [2ms]
2026-05-17 05:13:44.453 [info] [Git][getRemotes] No remotes found in the git config file
2026-05-17 05:13:44.455 [info] > git for-each-ref --format=%(refname)%00%(upstream:short)%00%(objectname)%00%(upstream:track)%00%(upstream:remotename)%00%(upstream:remoteref) refs/heads/master refs/remotes/master [3ms]
2026-05-17 05:13:44.495 [info] > git for-each-ref --sort -committerdate --format %(refname)%00%(objectname)%00%(*objectname) [4ms]
2026-05-17 05:13:44.496 [info] > git status -z -uall [23ms]
2026-05-17 05:13:49.610 [info] [Git][getRemotes] No remotes found in the git config file
2026-05-17 05:13:49.611 [info] > git config --get commit.template [21ms]
2026-05-17 05:13:49.611 [info] > git for-each-ref --format=%(refname)%00%(upstream:short)%00%(objectname)%00%(upstream:track)%00%(upstream:remotename)%00%(upstream:remoteref) refs/heads/master refs/remotes/master [1ms]
2026-05-17 05:13:49.658 [info] > git for-each-ref --sort -committerdate --format %(refname)%00%(objectname)%00%(*objectname) [6ms]
2026-05-17 05:13:49.658 [info] > git status -z -uall [28ms]
2026-05-17 05:14:16.935 [info] [Git][getRemotes] No remotes found in the git config file
2026-05-17 05:14:16.935 [info] > git config --get commit.template [14ms]
2026-05-17 05:14:16.936 [info] > git for-each-ref --format=%(refname)%00%(upstream:short)%00%(objectname)%00%(upstream:track)%00%(upstream:remotename)%00%(upstream:remoteref) refs/heads/master refs/remotes/master [2ms]
2026-05-17 05:14:16.964 [info] > git for-each-ref --sort -committerdate --format %(refname)%00%(objectname)%00%(*objectname) [2ms]
2026-05-17 05:14:16.971 [info] > git status -z -uall [22ms]
2026-05-17 05:14:41.247 [info] [Git][getRemotes] No remotes found in the git config file
2026-05-17 05:14:41.247 [info] > git config --get commit.template [15ms]
2026-05-17 05:14:41.248 [info] > git for-each-ref --format=%(refname)%00%(upstream:short)%00%(objectname)%00%(upstream:track)%00%(upstream:remotename)%00%(upstream:remoteref) refs/heads/master refs/remotes/master [1ms]
2026-05-17 05:14:41.279 [info] > git for-each-ref --sort -committerdate --format %(refname)%00%(objectname)%00%(*objectname) [2ms]
2026-05-17 05:14:41.283 [info] > git status -z -uall [21ms]
2026-05-17 05:14:47.667 [info] [Git][getRemotes] No remotes found in the git config file
2026-05-17 05:14:47.668 [info] > git config --get commit.template [17ms]
2026-05-17 05:14:47.668 [info] > git for-each-ref --format=%(refname)%00%(upstream:short)%00%(objectname)%00%(upstream:track)%00%(upstream:remotename)%00%(upstream:remoteref) refs/heads/master refs/remotes/master [1ms]
2026-05-17 05:14:47.698 [info] > git for-each-ref --sort -committerdate --format %(refname)%00%(objectname)%00%(*objectname) [2ms]
2026-05-17 05:14:47.704 [info] > git status -z -uall [21ms]
2026-05-17 05:14:52.806 [info] [Git][getRemotes] No remotes found in the git config file
2026-05-17 05:14:52.807 [info] > git config --get commit.template [16ms]
2026-05-17 05:14:52.807 [info] > git for-each-ref --format=%(refname)%00%(upstream:short)%00%(objectname)%00%(upstream:track)%00%(upstream:remotename)%00%(upstream:remoteref) refs/heads/master refs/remotes/master [1ms]
2026-05-17 05:14:52.839 [info] > git for-each-ref --sort -committerdate --format %(refname)%00%(objectname)%00%(*objectname) [2ms]
2026-05-17 05:14:52.846 [info] > git status -z -uall [25ms]
2026-05-17 05:14:57.935 [info] [Git][getRemotes] No remotes found in the git config file
2026-05-17 05:14:57.936 [info] > git config --get commit.template [13ms]
2026-05-17 05:14:57.936 [info] > git for-each-ref --format=%(refname)%00%(upstream:short)%00%(objectname)%00%(upstream:track)%00%(upstream:remotename)%00%(upstream:remoteref) refs/heads/master refs/remotes/master [1ms]
2026-05-17 05:14:57.967 [info] > git for-each-ref --sort -committerdate --format %(refname)%00%(objectname)%00%(*objectname) [2ms]
2026-05-17 05:14:57.971 [info] > git status -z -uall [21ms]
2026-05-17 05:15:03.063 [info] [Git][getRemotes] No remotes found in the git config file
2026-05-17 05:15:03.063 [info] > git config --get commit.template [12ms]
2026-05-17 05:15:03.064 [info] > git for-each-ref --format=%(refname)%00%(upstream:short)%00%(objectname)%00%(upstream:track)%00%(upstream:remotename)%00%(upstream:remoteref) refs/heads/master refs/remotes/master [1ms]
2026-05-17 05:15:03.099 [info] > git for-each-ref --sort -committerdate --format %(refname)%00%(objectname)%00%(*objectname) [2ms]
2026-05-17 05:15:03.109 [info] > git status -z -uall [27ms]
2026-05-17 05:15:08.200 [info] [Git][getRemotes] No remotes found in the git config file
2026-05-17 05:15:08.201 [info] > git config --get commit.template [15ms]
2026-05-17 05:15:08.201 [info] > git for-each-ref --format=%(refname)%00%(upstream:short)%00%(objectname)%00%(upstream:track)%00%(upstream:remotename)%00%(upstream:remoteref) refs/heads/master refs/remotes/master [1ms]
2026-05-17 05:15:08.231 [info] > git for-each-ref --sort -committerdate --format %(refname)%00%(objectname)%00%(*objectname) [2ms]
2026-05-17 05:15:08.236 [info] > git status -z -uall [21ms]
2026-05-17 05:15:17.424 [info] > git config --get commit.template [2ms]
2026-05-17 05:15:17.439 [info] [Git][getRemotes] No remotes found in the git config file
2026-05-17 05:15:17.440 [info] > git for-each-ref --format=%(refname)%00%(upstream:short)%00%(objectname)%00%(upstream:track)%00%(upstream:remotename)%00%(upstream:remoteref) refs/heads/master refs/remotes/master [1ms]
2026-05-17 05:15:17.472 [info] > git for-each-ref --sort -committerdate --format %(refname)%00%(objectname)%00%(*objectname) [1ms]
2026-05-17 05:15:17.480 [info] > git status -z -uall [25ms]
2026-05-17 05:15:24.207 [info] [Git][getRemotes] No remotes found in the git config file
2026-05-17 05:15:24.207 [info] > git config --get commit.template [16ms]
2026-05-17 05:15:24.208 [info] > git for-each-ref --format=%(refname)%00%(upstream:short)%00%(objectname)%00%(upstream:track)%00%(upstream:remotename)%00%(upstream:remoteref) refs/heads/master refs/remotes/master [1ms]
2026-05-17 05:15:24.240 [info] > git for-each-ref --sort -committerdate --format %(refname)%00%(objectname)%00%(*objectname) [2ms]
2026-05-17 05:15:24.244 [info] > git status -z -uall [23ms]
2026-05-17 05:15:32.939 [info] > git config --get commit.template [1ms]
2026-05-17 05:15:32.956 [info] [Git][getRemotes] No remotes found in the git config file
2026-05-17 05:15:32.957 [info] > git for-each-ref --format=%(refname)%00%(upstream:short)%00%(objectname)%00%(upstream:track)%00%(upstream:remotename)%00%(upstream:remoteref) refs/heads/master refs/remotes/master [1ms]
2026-05-17 05:15:32.986 [info] > git for-each-ref --sort -committerdate --format %(refname)%00%(objectname)%00%(*objectname) [1ms]
2026-05-17 05:15:32.991 [info] > git status -z -uall [21ms]
2026-05-17 05:15:34.634 [info] > git fetch [14ms]
2026-05-17 05:15:34.665 [info] [Git][getRemotes] No remotes found in the git config file
2026-05-17 05:15:34.666 [info] > git config --get commit.template [15ms]
2026-05-17 05:15:34.666 [info] > git for-each-ref --format=%(refname)%00%(upstream:short)%00%(objectname)%00%(upstream:track)%00%(upstream:remotename)%00%(upstream:remoteref) refs/heads/feat/h-factor-os refs/remotes/feat/h-factor-os [1ms]
2026-05-17 05:15:34.704 [info] > git for-each-ref --sort -committerdate --format %(refname)%00%(objectname)%00%(*objectname) [2ms]
2026-05-17 05:15:36.602 [info] > git status -z -uall [1920ms] (cancelled)
2026-05-17 05:15:40.678 [info] [Git][getRemotes] No remotes found in the git config file
2026-05-17 05:15:40.679 [info] > git config --get commit.template [15ms]
2026-05-17 05:15:40.679 [info] > git for-each-ref --format=%(refname)%00%(upstream:short)%00%(objectname)%00%(upstream:track)%00%(upstream:remotename)%00%(upstream:remoteref) refs/heads/master refs/remotes/master [1ms]
2026-05-17 05:15:40.712 [info] > git for-each-ref --sort -committerdate --format %(refname)%00%(objectname)%00%(*objectname) [4ms]
2026-05-17 05:15:40.713 [info] > git status -z -uall [20ms]
2026-05-17 05:15:52.743 [info] [Git][getRemotes] No remotes found in the git config file
2026-05-17 05:15:52.743 [info] > git config --get commit.template [14ms]
2026-05-17 05:15:52.743 [info] > git for-each-ref --format=%(refname)%00%(upstream:short)%00%(objectname)%00%(upstream:track)%00%(upstream:remotename)%00%(upstream:remoteref) refs/heads/master refs/remotes/master [1ms]
2026-05-17 05:15:52.773 [info] > git for-each-ref --sort -committerdate --format %(refname)%00%(objectname)%00%(*objectname) [1ms]
2026-05-17 05:15:52.777 [info] > git status -z -uall [20ms]
2026-05-17 05:15:57.873 [info] [Git][getRemotes] No remotes found in the git config file
2026-05-17 05:15:57.873 [info] > git config --get commit.template [13ms]
2026-05-17 05:15:57.874 [info] > git for-each-ref --format=%(refname)%00%(upstream:short)%00%(objectname)%00%(upstream:track)%00%(upstream:remotename)%00%(upstream:remoteref) refs/heads/master refs/remotes/master [1ms]
2026-05-17 05:15:57.899 [info] > git for-each-ref --sort -committerdate --format %(refname)%00%(objectname)%00%(*objectname) [1ms]
2026-05-17 05:15:57.907 [info] > git status -z -uall [21ms]
2026-05-17 05:16:09.397 [info] [Git][getRemotes] No remotes found in the git config file
2026-05-17 05:16:09.397 [info] > git config --get commit.template [16ms]
2026-05-17 05:16:09.398 [info] > git for-each-ref --format=%(refname)%00%(upstream:short)%00%(objectname)%00%(upstream:track)%00%(upstream:remotename)%00%(upstream:remoteref) refs/heads/master refs/remotes/master [1ms]
2026-05-17 05:16:09.429 [info] > git for-each-ref --sort -committerdate --format %(refname)%00%(objectname)%00%(*objectname) [2ms]
2026-05-17 05:16:09.438 [info] > git status -z -uall [24ms]
2026-05-17 05:16:16.940 [info] [Git][getRemotes] No remotes found in the git config file
2026-05-17 05:16:16.941 [info] > git config --get commit.template [19ms]
2026-05-17 05:16:16.941 [info] > git for-each-ref --format=%(refname)%00%(upstream:short)%00%(objectname)%00%(upstream:track)%00%(upstream:remotename)%00%(upstream:remoteref) refs/heads/master refs/remotes/master [1ms]
2026-05-17 05:16:16.976 [info] > git for-each-ref --sort -committerdate --format %(refname)%00%(objectname)%00%(*objectname) [3ms]
2026-05-17 05:16:16.977 [info] > git status -z -uall [21ms]
2026-05-17 05:16:19.265 [info] > git fetch [4ms]
2026-05-17 05:16:19.286 [info] [Git][getRemotes] No remotes found in the git config file
2026-05-17 05:16:19.286 [info] > git config --get commit.template [10ms]
2026-05-17 05:16:19.287 [info] > git for-each-ref --format=%(refname)%00%(upstream:short)%00%(objectname)%00%(upstream:track)%00%(upstream:remotename)%00%(upstream:remoteref) refs/heads/master refs/remotes/master [1ms]
2026-05-17 05:16:19.309 [info] > git for-each-ref --sort -committerdate --format %(refname)%00%(objectname)%00%(*objectname) [1ms]
2026-05-17 05:16:19.317 [info] > git status -z -uall [20ms]
2026-05-17 05:16:22.067 [info] [Git][getRemotes] No remotes found in the git config file
2026-05-17 05:16:22.067 [info] > git config --get commit.template [14ms]
2026-05-17 05:16:22.068 [info] > git for-each-ref --format=%(refname)%00%(upstream:short)%00%(objectname)%00%(upstream:track)%00%(upstream:remotename)%00%(upstream:remoteref) refs/heads/master refs/remotes/master [1ms]
2026-05-17 05:16:22.097 [info] > git for-each-ref --sort -committerdate --format %(refname)%00%(objectname)%00%(*objectname) [2ms]
2026-05-17 05:16:22.104 [info] > git status -z -uall [23ms]
2026-05-17 05:16:27.193 [info] [Git][getRemotes] No remotes found in the git config file
2026-05-17 05:16:27.195 [info] > git for-each-ref --format=%(refname)%00%(upstream:short)%00%(objectname)%00%(upstream:track)%00%(upstream:remotename)%00%(upstream:remoteref) refs/heads/master refs/remotes/master [2ms]
2026-05-17 05:16:27.196 [info] > git config --get commit.template [16ms]
2026-05-17 05:16:27.224 [info] > git for-each-ref --sort -committerdate --format %(refname)%00%(objectname)%00%(*objectname) [2ms]
2026-05-17 05:16:27.230 [info] > git status -z -uall [21ms]
2026-05-17 05:16:32.313 [info] [Git][getRemotes] No remotes found in the git config file
2026-05-17 05:16:32.327 [info] > git config --get commit.template [14ms]
2026-05-17 05:16:32.328 [info] > git for-each-ref --format=%(refname)%00%(upstream:short)%00%(objectname)%00%(upstream:track)%00%(upstream:remotename)%00%(upstream:remoteref) refs/heads/master refs/remotes/master [1ms]
2026-05-17 05:16:32.372 [info] > git for-each-ref --sort -committerdate --format %(refname)%00%(objectname)%00%(*objectname) [11ms]
2026-05-17 05:16:32.378 [info] > git status -z -uall [35ms]
2026-05-17 05:16:37.489 [info] [Git][getRemotes] No remotes found in the git config file
2026-05-17 05:16:37.489 [info] > git config --get commit.template [16ms]
2026-05-17 05:16:37.490 [info] > git for-each-ref --format=%(refname)%00%(upstream:short)%00%(objectname)%00%(upstream:track)%00%(upstream:remotename)%00%(upstream:remoteref) refs/heads/master refs/remotes/master [1ms]
2026-05-17 05:16:37.526 [info] > git for-each-ref --sort -committerdate --format %(refname)%00%(objectname)%00%(*objectname) [2ms]
2026-05-17 05:16:37.530 [info] > git status -z -uall [23ms]
2026-05-17 05:16:42.624 [info] [Git][getRemotes] No remotes found in the git config file
2026-05-17 05:16:42.625 [info] > git config --get commit.template [11ms]
2026-05-17 05:16:42.625 [info] > git for-each-ref --format=%(refname)%00%(upstream:short)%00%(objectname)%00%(upstream:track)%00%(upstream:remotename)%00%(upstream:remoteref) refs/heads/master refs/remotes/master [1ms]
2026-05-17 05:16:42.655 [info] > git for-each-ref --sort -committerdate --format %(refname)%00%(objectname)%00%(*objectname) [2ms]
2026-05-17 05:16:42.659 [info] > git status -z -uall [21ms]
2026-05-17 05:16:47.761 [info] [Git][getRemotes] No remotes found in the git config file
2026-05-17 05:16:47.762 [info] > git config --get commit.template [17ms]
2026-05-17 05:16:47.762 [info] > git for-each-ref --format=%(refname)%00%(upstream:short)%00%(objectname)%00%(upstream:track)%00%(upstream:remotename)%00%(upstream:remoteref) refs/heads/master refs/remotes/master [1ms]
2026-05-17 05:16:47.795 [info] > git for-each-ref --sort -committerdate --format %(refname)%00%(objectname)%00%(*objectname) [2ms]
2026-05-17 05:16:47.799 [info] > git status -z -uall [22ms]
2026-05-17 05:16:52.879 [info] > git config --get commit.template [2ms]
2026-05-17 05:16:52.893 [info] [Git][getRemotes] No remotes found in the git config file
2026-05-17 05:16:52.894 [info] > git for-each-ref --format=%(refname)%00%(upstream:short)%00%(objectname)%00%(upstream:track)%00%(upstream:remotename)%00%(upstream:remoteref) refs/heads/master refs/remotes/master [1ms]
2026-05-17 05:16:52.931 [info] > git for-each-ref --sort -committerdate --format %(refname)%00%(objectname)%00%(*objectname) [5ms]
2026-05-17 05:16:52.932 [info] > git status -z -uall [23ms]
2026-05-17 05:16:58.044 [info] [Git][getRemotes] No remotes found in the git config file
2026-05-17 05:16:58.048 [info] > git for-each-ref --format=%(refname)%00%(upstream:short)%00%(objectname)%00%(upstream:track)%00%(upstream:remotename)%00%(upstream:remoteref) refs/heads/master refs/remotes/master [4ms]
2026-05-17 05:16:58.048 [info] > git config --get commit.template [19ms]
2026-05-17 05:16:58.084 [info] > git for-each-ref --sort -committerdate --format %(refname)%00%(objectname)%00%(*objectname) [5ms]
2026-05-17 05:16:58.085 [info] > git status -z -uall [23ms]
2026-05-17 05:17:03.182 [info] [Git][getRemotes] No remotes found in the git config file
2026-05-17 05:17:03.183 [info] > git config --get commit.template [16ms]
2026-05-17 05:17:03.183 [info] > git for-each-ref --format=%(refname)%00%(upstream:short)%00%(objectname)%00%(upstream:track)%00%(upstream:remotename)%00%(upstream:remoteref) refs/heads/master refs/remotes/master [1ms]
2026-05-17 05:17:03.214 [info] > git for-each-ref --sort -committerdate --format %(refname)%00%(objectname)%00%(*objectname) [1ms]
2026-05-17 05:17:03.220 [info] > git status -z -uall [22ms]
2026-05-17 05:17:08.318 [info] [Git][getRemotes] No remotes found in the git config file
2026-05-17 05:17:08.319 [info] > git config --get commit.template [14ms]
2026-05-17 05:17:08.319 [info] > git for-each-ref --format=%(refname)%00%(upstream:short)%00%(objectname)%00%(upstream:track)%00%(upstream:remotename)%00%(upstream:remoteref) refs/heads/master refs/remotes/master [1ms]
2026-05-17 05:17:08.348 [info] > git for-each-ref --sort -committerdate --format %(refname)%00%(objectname)%00%(*objectname) [1ms]
2026-05-17 05:17:08.354 [info] > git status -z -uall [21ms]
2026-05-17 05:17:17.005 [info] [Git][getRemotes] No remotes found in the git config file
2026-05-17 05:17:17.006 [info] > git config --get commit.template [16ms]
2026-05-17 05:17:17.006 [info] > git for-each-ref --format=%(refname)%00%(upstream:short)%00%(objectname)%00%(upstream:track)%00%(upstream:remotename)%00%(upstream:remoteref) refs/heads/master refs/remotes/master [1ms]
2026-05-17 05:17:17.038 [info] > git for-each-ref --sort -committerdate --format %(refname)%00%(objectname)%00%(*objectname) [2ms]
2026-05-17 05:17:17.043 [info] > git status -z -uall [22ms]
2026-05-17 05:17:47.903 [info] [Git][getRemotes] No remotes found in the git config file
2026-05-17 05:17:47.922 [info] > git config --get commit.template [20ms]
2026-05-17 05:17:47.923 [info] > git for-each-ref --format=%(refname)%00%(upstream:short)%00%(objectname)%00%(upstream:track)%00%(upstream:remotename)%00%(upstream:remoteref) refs/heads/master refs/remotes/master [2ms]
2026-05-17 05:17:47.955 [info] > git for-each-ref --sort -committerdate --format %(refname)%00%(objectname)%00%(*objectname) [1ms]
2026-05-17 05:17:47.963 [info] > git status -z -uall [24ms]
2026-05-17 05:18:16.995 [info] [Git][getRemotes] No remotes found in the git config file
2026-05-17 05:18:16.995 [info] > git config --get commit.template [15ms]
2026-05-17 05:18:16.995 [info] > git for-each-ref --format=%(refname)%00%(upstream:short)%00%(objectname)%00%(upstream:track)%00%(upstream:remotename)%00%(upstream:remoteref) refs/heads/master refs/remotes/master [1ms]
2026-05-17 05:18:17.025 [info] > git for-each-ref --sort -committerdate --format %(refname)%00%(objectname)%00%(*objectname) [1ms]
2026-05-17 05:18:17.031 [info] > git status -z -uall [22ms]
2026-05-17 05:18:26.915 [info] [Git][getRemotes] No remotes found in the git config file
2026-05-17 05:18:26.916 [info] > git config --get commit.template [17ms]
2026-05-17 05:18:26.916 [info] > git for-each-ref --format=%(refname)%00%(upstream:short)%00%(objectname)%00%(upstream:track)%00%(upstream:remotename)%00%(upstream:remoteref) refs/heads/master refs/remotes/master [1ms]
2026-05-17 05:18:26.950 [info] > git for-each-ref --sort -committerdate --format %(refname)%00%(objectname)%00%(*objectname) [3ms]
2026-05-17 05:18:26.955 [info] > git status -z -uall [23ms]
2026-05-17 05:18:32.042 [info] > git config --get commit.template [3ms]
2026-05-17 05:18:32.053 [info] [Git][getRemotes] No remotes found in the git config file
2026-05-17 05:18:32.055 [info] > git for-each-ref --format=%(refname)%00%(upstream:short)%00%(objectname)%00%(upstream:track)%00%(upstream:remotename)%00%(upstream:remoteref) refs/heads/master refs/remotes/master [2ms]
2026-05-17 05:18:32.079 [info] > git for-each-ref --sort -committerdate --format %(refname)%00%(objectname)%00%(*objectname) [2ms]
2026-05-17 05:18:32.085 [info] > git status -z -uall [20ms]
2026-05-17 05:18:35.946 [info] > git fetch [13ms]
2026-05-17 05:18:35.975 [info] [Git][getRemotes] No remotes found in the git config file
2026-05-17 05:18:35.976 [info] > git config --get commit.template [15ms]
2026-05-17 05:18:35.976 [info] > git for-each-ref --format=%(refname)%00%(upstream:short)%00%(objectname)%00%(upstream:track)%00%(upstream:remotename)%00%(upstream:remoteref) refs/heads/feat/h-factor-os refs/remotes/feat/h-factor-os [1ms]
2026-05-17 05:18:36.008 [info] > git for-each-ref --sort -committerdate --format %(refname)%00%(objectname)%00%(*objectname) [2ms]
2026-05-17 05:18:37.801 [info] > git status -z -uall [1810ms] (cancelled)
2026-05-17 05:18:37.822 [info] > git config --get commit.template [1ms]
2026-05-17 05:18:37.823 [info] [Git][getRemotes] No remotes found in the git config file
2026-05-17 05:18:37.838 [info] > git for-each-ref --format=%(refname)%00%(upstream:short)%00%(objectname)%00%(upstream:track)%00%(upstream:remotename)%00%(upstream:remoteref) refs/heads/master refs/remotes/master [2ms]
2026-05-17 05:18:37.864 [info] > git for-each-ref --sort -committerdate --format %(refname)%00%(objectname)%00%(*objectname) [1ms]
2026-05-17 05:18:37.871 [info] > git status -z -uall [22ms]
2026-05-17 05:18:43.339 [info] [Git][getRemotes] No remotes found in the git config file
2026-05-17 05:18:43.356 [info] > git config --get commit.template [17ms]
2026-05-17 05:18:43.357 [info] > git for-each-ref --format=%(refname)%00%(upstream:short)%00%(objectname)%00%(upstream:track)%00%(upstream:remotename)%00%(upstream:remoteref) refs/heads/master refs/remotes/master [1ms]
2026-05-17 05:18:43.383 [info] > git for-each-ref --sort -committerdate --format %(refname)%00%(objectname)%00%(*objectname) [1ms]
2026-05-17 05:18:43.389 [info] > git status -z -uall [20ms]
2026-05-17 05:18:48.503 [info] [Git][getRemotes] No remotes found in the git config file
2026-05-17 05:18:48.503 [info] > git config --get commit.template [21ms]
2026-05-17 05:18:48.504 [info] > git for-each-ref --format=%(refname)%00%(upstream:short)%00%(objectname)%00%(upstream:track)%00%(upstream:remotename)%00%(upstream:remoteref) refs/heads/master refs/remotes/master [2ms]
2026-05-17 05:18:48.546 [info] > git for-each-ref --sort -committerdate --format %(refname)%00%(objectname)%00%(*objectname) [2ms]
2026-05-17 05:18:48.551 [info] > git status -z -uall [27ms]
2026-05-17 05:18:53.643 [info] [Git][getRemotes] No remotes found in the git config file
2026-05-17 05:18:53.643 [info] > git config --get commit.template [14ms]
2026-05-17 05:18:53.644 [info] > git for-each-ref --format=%(refname)%00%(upstream:short)%00%(objectname)%00%(upstream:track)%00%(upstream:remotename)%00%(upstream:remoteref) refs/heads/master refs/remotes/master [2ms]
2026-05-17 05:18:53.675 [info] > git for-each-ref --sort -committerdate --format %(refname)%00%(objectname)%00%(*objectname) [4ms]
2026-05-17 05:18:53.675 [info] > git status -z -uall [19ms]
2026-05-17 05:19:05.717 [info] [Git][getRemotes] No remotes found in the git config file
2026-05-17 05:19:05.718 [info] > git config --get commit.template [9ms]
2026-05-17 05:19:05.718 [info] > git for-each-ref --format=%(refname)%00%(upstream:short)%00%(objectname)%00%(upstream:track)%00%(upstream:remotename)%00%(upstream:remoteref) refs/heads/master refs/remotes/master [1ms]
2026-05-17 05:19:05.739 [info] > git for-each-ref --sort -committerdate --format %(refname)%00%(objectname)%00%(*objectname) [2ms]
2026-05-17 05:19:05.746 [info] > git status -z -uall [19ms]
2026-05-17 05:19:10.818 [info] > git config --get commit.template [2ms]
2026-05-17 05:19:10.833 [info] [Git][getRemotes] No remotes found in the git config file
2026-05-17 05:19:10.834 [info] > git for-each-ref --format=%(refname)%00%(upstream:short)%00%(objectname)%00%(upstream:track)%00%(upstream:remotename)%00%(upstream:remoteref) refs/heads/master refs/remotes/master [2ms]
2026-05-17 05:19:10.864 [info] > git for-each-ref --sort -committerdate --format %(refname)%00%(objectname)%00%(*objectname) [2ms]
2026-05-17 05:19:10.870 [info] > git status -z -uall [22ms]
2026-05-17 05:19:15.968 [info] [Git][getRemotes] No remotes found in the git config file
2026-05-17 05:19:15.968 [info] > git config --get commit.template [16ms]
2026-05-17 05:19:15.969 [info] > git for-each-ref --format=%(refname)%00%(upstream:short)%00%(objectname)%00%(upstream:track)%00%(upstream:remotename)%00%(upstream:remoteref) refs/heads/master refs/remotes/master [1ms]
2026-05-17 05:19:16.000 [info] > git for-each-ref --sort -committerdate --format %(refname)%00%(objectname)%00%(*objectname) [2ms]
2026-05-17 05:19:16.005 [info] > git status -z -uall [22ms]
2026-05-17 05:19:19.390 [info] > git fetch [4ms]
2026-05-17 05:19:19.426 [info] [Git][getRemotes] No remotes found in the git config file
2026-05-17 05:19:19.426 [info] > git config --get commit.template [18ms]
2026-05-17 05:19:19.427 [info] > git for-each-ref --format=%(refname)%00%(upstream:short)%00%(objectname)%00%(upstream:track)%00%(upstream:remotename)%00%(upstream:remoteref) refs/heads/master refs/remotes/master [1ms]
2026-05-17 05:19:19.470 [info] > git status -z -uall [26ms]
2026-05-17 05:19:19.471 [info] > git for-each-ref --sort -committerdate --format %(refname)%00%(objectname)%00%(*objectname) [9ms]
2026-05-17 05:19:21.105 [info] [Git][getRemotes] No remotes found in the git config file
2026-05-17 05:19:21.105 [info] > git config --get commit.template [16ms]
2026-05-17 05:19:21.106 [info] > git for-each-ref --format=%(refname)%00%(upstream:short)%00%(objectname)%00%(upstream:track)%00%(upstream:remotename)%00%(upstream:remoteref) refs/heads/master refs/remotes/master [2ms]
2026-05-17 05:19:21.140 [info] > git for-each-ref --sort -committerdate --format %(refname)%00%(objectname)%00%(*objectname) [4ms]
2026-05-17 05:19:21.141 [info] > git status -z -uall [21ms]
2026-05-17 05:19:40.325 [info] > git config --get commit.template [2ms]
2026-05-17 05:19:40.339 [info] [Git][getRemotes] No remotes found in the git config file
2026-05-17 05:19:40.340 [info] > git for-each-ref --format=%(refname)%00%(upstream:short)%00%(objectname)%00%(upstream:track)%00%(upstream:remotename)%00%(upstream:remoteref) refs/heads/master refs/remotes/master [1ms]
2026-05-17 05:19:40.370 [info] > git for-each-ref --sort -committerdate --format %(refname)%00%(objectname)%00%(*objectname) [1ms]
2026-05-17 05:19:40.375 [info] > git status -z -uall [21ms]
2026-05-17 05:19:47.990 [info] [Git][getRemotes] No remotes found in the git config file
2026-05-17 05:19:47.990 [info] > git config --get commit.template [15ms]
2026-05-17 05:19:47.991 [info] > git for-each-ref --format=%(refname)%00%(upstream:short)%00%(objectname)%00%(upstream:track)%00%(upstream:remotename)%00%(upstream:remoteref) refs/heads/master refs/remotes/master [2ms]
2026-05-17 05:19:48.027 [info] > git for-each-ref --sort -committerdate --format %(refname)%00%(objectname)%00%(*objectname) [6ms]
2026-05-17 05:19:48.028 [info] > git status -z -uall [23ms]
2026-05-17 05:19:53.129 [info] [Git][getRemotes] No remotes found in the git config file
2026-05-17 05:19:53.129 [info] > git config --get commit.template [14ms]
2026-05-17 05:19:53.130 [info] > git for-each-ref --format=%(refname)%00%(upstream:short)%00%(objectname)%00%(upstream:track)%00%(upstream:remotename)%00%(upstream:remoteref) refs/heads/master refs/remotes/master [1ms]
2026-05-17 05:19:53.161 [info] > git for-each-ref --sort -committerdate --format %(refname)%00%(objectname)%00%(*objectname) [2ms]
2026-05-17 05:19:53.166 [info] > git status -z -uall [21ms]
2026-05-17 05:20:16.936 [info] [Git][getRemotes] No remotes found in the git config file
2026-05-17 05:20:16.937 [info] > git config --get commit.template [16ms]
2026-05-17 05:20:16.937 [info] > git for-each-ref --format=%(refname)%00%(upstream:short)%00%(objectname)%00%(upstream:track)%00%(upstream:remotename)%00%(upstream:remoteref) refs/heads/master refs/remotes/master [1ms]
2026-05-17 05:20:16.968 [info] > git for-each-ref --sort -committerdate --format %(refname)%00%(objectname)%00%(*objectname) [1ms]
2026-05-17 05:20:16.973 [info] > git status -z -uall [21ms]
2026-05-17 05:20:22.062 [info] > git config --get commit.template [2ms]
2026-05-17 05:20:22.076 [info] [Git][getRemotes] No remotes found in the git config file
2026-05-17 05:20:22.077 [info] > git for-each-ref --format=%(refname)%00%(upstream:short)%00%(objectname)%00%(upstream:track)%00%(upstream:remotename)%00%(upstream:remoteref) refs/heads/master refs/remotes/master [1ms]
2026-05-17 05:20:22.103 [info] > git for-each-ref --sort -committerdate --format %(refname)%00%(objectname)%00%(*objectname) [2ms]
2026-05-17 05:20:22.108 [info] > git status -z -uall [21ms]
2026-05-17 05:20:29.796 [info] [Git][getRemotes] No remotes found in the git config file
2026-05-17 05:20:29.796 [info] > git config --get commit.template [15ms]
2026-05-17 05:20:29.797 [info] > git for-each-ref --format=%(refname)%00%(upstream:short)%00%(objectname)%00%(upstream:track)%00%(upstream:remotename)%00%(upstream:remoteref) refs/heads/master refs/remotes/master [1ms]
2026-05-17 05:20:29.833 [info] > git for-each-ref --sort -committerdate --format %(refname)%00%(objectname)%00%(*objectname) [4ms]
2026-05-17 05:20:29.834 [info] > git status -z -uall [22ms]
2026-05-17 05:20:34.943 [info] [Git][getRemotes] No remotes found in the git config file
2026-05-17 05:20:34.944 [info] > git config --get commit.template [17ms]
2026-05-17 05:20:34.944 [info] > git for-each-ref --format=%(refname)%00%(upstream:short)%00%(objectname)%00%(upstream:track)%00%(upstream:remotename)%00%(upstream:remoteref) refs/heads/master refs/remotes/master [1ms]
2026-05-17 05:20:34.976 [info] > git for-each-ref --sort -committerdate --format %(refname)%00%(objectname)%00%(*objectname) [2ms]
2026-05-17 05:20:34.983 [info] > git status -z -uall [23ms]
2026-05-17 05:20:40.082 [info] [Git][getRemotes] No remotes found in the git config file
2026-05-17 05:20:40.083 [info] > git config --get commit.template [17ms]
2026-05-17 05:20:40.083 [info] > git for-each-ref --format=%(refname)%00%(upstream:short)%00%(objectname)%00%(upstream:track)%00%(upstream:remotename)%00%(upstream:remoteref) refs/heads/master refs/remotes/master [2ms]
2026-05-17 05:20:40.115 [info] > git for-each-ref --sort -committerdate --format %(refname)%00%(objectname)%00%(*objectname) [1ms]
2026-05-17 05:20:40.119 [info] > git status -z -uall [20ms]
2026-05-17 05:20:45.232 [info] [Git][getRemotes] No remotes found in the git config file
2026-05-17 05:20:45.232 [info] > git config --get commit.template [16ms]
2026-05-17 05:20:45.233 [info] > git for-each-ref --format=%(refname)%00%(upstream:short)%00%(objectname)%00%(upstream:track)%00%(upstream:remotename)%00%(upstream:remoteref) refs/heads/master refs/remotes/master [2ms]
2026-05-17 05:20:45.259 [info] > git for-each-ref --sort -committerdate --format %(refname)%00%(objectname)%00%(*objectname) [1ms]
2026-05-17 05:20:45.269 [info] > git status -z -uall [23ms]
2026-05-17 05:20:50.354 [info] [Git][getRemotes] No remotes found in the git config file
2026-05-17 05:20:50.355 [info] > git config --get commit.template [17ms]
2026-05-17 05:20:50.356 [info] > git for-each-ref --format=%(refname)%00%(upstream:short)%00%(objectname)%00%(upstream:track)%00%(upstream:remotename)%00%(upstream:remoteref) refs/heads/master refs/remotes/master [1ms]
2026-05-17 05:20:50.390 [info] > git for-each-ref --sort -committerdate --format %(refname)%00%(objectname)%00%(*objectname) [3ms]
2026-05-17 05:20:50.391 [info] > git status -z -uall [21ms]
2026-05-17 05:20:56.807 [info] > git config --get commit.template [1ms]
2026-05-17 05:20:56.821 [info] [Git][getRemotes] No remotes found in the git config file
2026-05-17 05:20:56.822 [info] > git for-each-ref --format=%(refname)%00%(upstream:short)%00%(objectname)%00%(upstream:track)%00%(upstream:remotename)%00%(upstream:remoteref) refs/heads/master refs/remotes/master [1ms]
2026-05-17 05:20:56.852 [info] > git for-each-ref --sort -committerdate --format %(refname)%00%(objectname)%00%(*objectname) [2ms]
2026-05-17 05:20:56.857 [info] > git status -z -uall [21ms]
2026-05-17 05:21:01.955 [info] [Git][getRemotes] No remotes found in the git config file
2026-05-17 05:21:01.955 [info] > git config --get commit.template [15ms]
2026-05-17 05:21:01.955 [info] > git for-each-ref --format=%(refname)%00%(upstream:short)%00%(objectname)%00%(upstream:track)%00%(upstream:remotename)%00%(upstream:remoteref) refs/heads/master refs/remotes/master [1ms]
2026-05-17 05:21:01.985 [info] > git for-each-ref --sort -committerdate --format %(refname)%00%(objectname)%00%(*objectname) [1ms]
2026-05-17 05:21:01.990 [info] > git status -z -uall [21ms]
2026-05-17 05:21:07.087 [info] [Git][getRemotes] No remotes found in the git config file
2026-05-17 05:21:07.088 [info] > git config --get commit.template [16ms]
2026-05-17 05:21:07.088 [info] > git for-each-ref --format=%(refname)%00%(upstream:short)%00%(objectname)%00%(upstream:track)%00%(upstream:remotename)%00%(upstream:remoteref) refs/heads/master refs/remotes/master [1ms]
2026-05-17 05:21:07.118 [info] > git for-each-ref --sort -committerdate --format %(refname)%00%(objectname)%00%(*objectname) [1ms]
2026-05-17 05:21:07.123 [info] > git status -z -uall [21ms]
2026-05-17 05:21:13.151 [info] [Git][getRemotes] No remotes found in the git config file
2026-05-17 05:21:13.152 [info] > git config --get commit.template [15ms]
2026-05-17 05:21:13.152 [info] > git for-each-ref --format=%(refname)%00%(upstream:short)%00%(objectname)%00%(upstream:track)%00%(upstream:remotename)%00%(upstream:remoteref) refs/heads/master refs/remotes/master [1ms]
2026-05-17 05:21:13.182 [info] > git for-each-ref --sort -committerdate --format %(refname)%00%(objectname)%00%(*objectname) [2ms]
2026-05-17 05:21:13.186 [info] > git status -z -uall [20ms]
2026-05-17 05:21:18.301 [info] [Git][getRemotes] No remotes found in the git config file
2026-05-17 05:21:18.301 [info] > git config --get commit.template [19ms]
2026-05-17 05:21:18.302 [info] > git for-each-ref --format=%(refname)%00%(upstream:short)%00%(objectname)%00%(upstream:track)%00%(upstream:remotename)%00%(upstream:remoteref) refs/heads/master refs/remotes/master [1ms]
2026-05-17 05:21:18.347 [info] > git status -z -uall [28ms]
2026-05-17 05:21:18.348 [info] > git for-each-ref --sort -committerdate --format %(refname)%00%(objectname)%00%(*objectname) [8ms]
2026-05-17 05:21:27.685 [info] [Git][getRemotes] No remotes found in the git config file
2026-05-17 05:21:27.701 [info] > git config --get commit.template [16ms]
2026-05-17 05:21:27.701 [info] > git for-each-ref --format=%(refname)%00%(upstream:short)%00%(objectname)%00%(upstream:track)%00%(upstream:remotename)%00%(upstream:remoteref) refs/heads/master refs/remotes/master [2ms]
2026-05-17 05:21:27.731 [info] > git for-each-ref --sort -committerdate --format %(refname)%00%(objectname)%00%(*objectname) [1ms]
2026-05-17 05:21:27.736 [info] > git status -z -uall [21ms]
2026-05-17 05:21:32.838 [info] [Git][getRemotes] No remotes found in the git config file
2026-05-17 05:21:32.839 [info] > git config --get commit.template [17ms]
2026-05-17 05:21:32.840 [info] > git for-each-ref --format=%(refname)%00%(upstream:short)%00%(objectname)%00%(upstream:track)%00%(upstream:remotename)%00%(upstream:remoteref) refs/heads/master refs/remotes/master [2ms]
2026-05-17 05:21:32.869 [info] > git for-each-ref --sort -committerdate --format %(refname)%00%(objectname)%00%(*objectname) [1ms]
2026-05-17 05:21:32.875 [info] > git status -z -uall [22ms]
2026-05-17 05:21:37.100 [info] > git fetch [13ms]
2026-05-17 05:21:37.129 [info] [Git][getRemotes] No remotes found in the git config file
2026-05-17 05:21:37.129 [info] > git config --get commit.template [14ms]
2026-05-17 05:21:37.130 [info] > git for-each-ref --format=%(refname)%00%(upstream:short)%00%(objectname)%00%(upstream:track)%00%(upstream:remotename)%00%(upstream:remoteref) refs/heads/feat/h-factor-os refs/remotes/feat/h-factor-os [2ms]
2026-05-17 05:21:37.160 [info] > git for-each-ref --sort -committerdate --format %(refname)%00%(objectname)%00%(*objectname) [2ms]
2026-05-17 05:21:37.972 [info] [Git][getRemotes] No remotes found in the git config file
2026-05-17 05:21:37.972 [info] > git config --get commit.template [15ms]
2026-05-17 05:21:37.973 [info] > git for-each-ref --format=%(refname)%00%(upstream:short)%00%(objectname)%00%(upstream:track)%00%(upstream:remotename)%00%(upstream:remoteref) refs/heads/master refs/remotes/master [1ms]
2026-05-17 05:21:38.933 [info] > git status -z -uall [1790ms] (cancelled)
2026-05-17 05:21:38.933 [info] > git for-each-ref --sort -committerdate --format %(refname)%00%(objectname)%00%(*objectname) [932ms]
2026-05-17 05:21:38.954 [info] > git status -z -uall [967ms]
2026-05-17 05:21:58.117 [info] > git config --get commit.template [2ms]
2026-05-17 05:21:58.131 [info] [Git][getRemotes] No remotes found in the git config file
2026-05-17 05:21:58.132 [info] > git for-each-ref --format=%(refname)%00%(upstream:short)%00%(objectname)%00%(upstream:track)%00%(upstream:remotename)%00%(upstream:remoteref) refs/heads/master refs/remotes/master [1ms]
2026-05-17 05:21:58.163 [info] > git for-each-ref --sort -committerdate --format %(refname)%00%(objectname)%00%(*objectname) [2ms]
2026-05-17 05:21:58.167 [info] > git status -z -uall [21ms]
2026-05-17 05:22:03.271 [info] [Git][getRemotes] No remotes found in the git config file
2026-05-17 05:22:03.272 [info] > git config --get commit.template [19ms]
2026-05-17 05:22:03.272 [info] > git for-each-ref --format=%(refname)%00%(upstream:short)%00%(objectname)%00%(upstream:track)%00%(upstream:remotename)%00%(upstream:remoteref) refs/heads/master refs/remotes/master [1ms]
2026-05-17 05:22:03.311 [info] > git for-each-ref --sort -committerdate --format %(refname)%00%(objectname)%00%(*objectname) [4ms]
2026-05-17 05:22:03.311 [info] > git status -z -uall [22ms]
2026-05-17 05:22:08.868 [info] [Git][getRemotes] No remotes found in the git config file
2026-05-17 05:22:08.869 [info] > git config --get commit.template [20ms]
2026-05-17 05:22:08.869 [info] > git for-each-ref --format=%(refname)%00%(upstream:short)%00%(objectname)%00%(upstream:track)%00%(upstream:remotename)%00%(upstream:remoteref) refs/heads/master refs/remotes/master [1ms]
2026-05-17 05:22:08.912 [info] > git status -z -uall [26ms]
2026-05-17 05:22:08.912 [info] > git for-each-ref --sort -committerdate --format %(refname)%00%(objectname)%00%(*objectname) [8ms]
2026-05-17 05:22:14.014 [info] [Git][getRemotes] No remotes found in the git config file
2026-05-17 05:22:14.014 [info] > git config --get commit.template [16ms]
2026-05-17 05:22:14.015 [info] > git for-each-ref --format=%(refname)%00%(upstream:short)%00%(objectname)%00%(upstream:track)%00%(upstream:remotename)%00%(upstream:remoteref) refs/heads/master refs/remotes/master [1ms]
2026-05-17 05:22:14.048 [info] > git for-each-ref --sort -committerdate --format %(refname)%00%(objectname)%00%(*objectname) [2ms]
2026-05-17 05:22:15.183 [info] > git status -z -uall [1151ms]
2026-05-17 05:22:19.573 [info] > git fetch [4ms]
2026-05-17 05:22:19.603 [info] [Git][getRemotes] No remotes found in the git config file
2026-05-17 05:22:19.603 [info] > git config --get commit.template [15ms]
2026-05-17 05:22:19.604 [info] > git for-each-ref --format=%(refname)%00%(upstream:short)%00%(objectname)%00%(upstream:track)%00%(upstream:remotename)%00%(upstream:remoteref) refs/heads/master refs/remotes/master [1ms]
2026-05-17 05:22:19.633 [info] > git for-each-ref --sort -committerdate --format %(refname)%00%(objectname)%00%(*objectname) [3ms]
2026-05-17 05:22:19.673 [info] > git status -z -uall [58ms]
2026-05-17 05:22:20.231 [info] [Git][getRemotes] No remotes found in the git config file
2026-05-17 05:22:20.232 [info] > git config --get commit.template [13ms]
2026-05-17 05:22:20.233 [info] > git for-each-ref --format=%(refname)%00%(upstream:short)%00%(objectname)%00%(upstream:track)%00%(upstream:remotename)%00%(upstream:remoteref) refs/heads/master refs/remotes/master [2ms]
2026-05-17 05:22:20.265 [info] > git for-each-ref --sort -committerdate --format %(refname)%00%(objectname)%00%(*objectname) [2ms]
2026-05-17 05:22:20.303 [info] > git status -z -uall [55ms]
2026-05-17 05:22:25.334 [info] [Git][getRemotes] No remotes found in the git config file
2026-05-17 05:22:25.335 [info] > git config --get commit.template [15ms]
2026-05-17 05:22:25.335 [info] > git for-each-ref --format=%(refname)%00%(upstream:short)%00%(objectname)%00%(upstream:track)%00%(upstream:remotename)%00%(upstream:remoteref) refs/heads/master refs/remotes/master [1ms]
2026-05-17 05:22:25.363 [info] > git for-each-ref --sort -committerdate --format %(refname)%00%(objectname)%00%(*objectname) [1ms]
2026-05-17 05:22:25.402 [info] > git status -z -uall [53ms]
2026-05-17 05:22:30.435 [info] [Git][getRemotes] No remotes found in the git config file
2026-05-17 05:22:30.435 [info] > git config --get commit.template [15ms]
2026-05-17 05:22:30.436 [info] > git for-each-ref --format=%(refname)%00%(upstream:short)%00%(objectname)%00%(upstream:track)%00%(upstream:remotename)%00%(upstream:remoteref) refs/heads/master refs/remotes/master [2ms]
2026-05-17 05:22:30.465 [info] > git for-each-ref --sort -committerdate --format %(refname)%00%(objectname)%00%(*objectname) [1ms]
2026-05-17 05:22:30.503 [info] > git status -z -uall [53ms]
2026-05-17 05:22:46.993 [info] [Git][getRemotes] No remotes found in the git config file
2026-05-17 05:22:46.994 [info] > git config --get commit.template [15ms]
2026-05-17 05:22:46.994 [info] > git for-each-ref --format=%(refname)%00%(upstream:short)%00%(objectname)%00%(upstream:track)%00%(upstream:remotename)%00%(upstream:remoteref) refs/heads/master refs/remotes/master [1ms]
2026-05-17 05:22:47.022 [info] > git status -z -uall [14ms]
2026-05-17 05:22:47.023 [info] > git for-each-ref --sort -committerdate --format %(refname)%00%(objectname)%00%(*objectname) [1ms]
2026-05-17 05:22:56.920 [info] [Git][getRemotes] No remotes found in the git config file
2026-05-17 05:22:56.920 [info] > git config --get commit.template [14ms]
2026-05-17 05:22:56.921 [info] > git for-each-ref --format=%(refname)%00%(upstream:short)%00%(objectname)%00%(upstream:track)%00%(upstream:remotename)%00%(upstream:remoteref) refs/heads/master refs/remotes/master [1ms]
2026-05-17 05:22:56.949 [info] > git status -z -uall [15ms]
2026-05-17 05:22:56.950 [info] > git for-each-ref --sort -committerdate --format %(refname)%00%(objectname)%00%(*objectname) [2ms]
2026-05-17 05:23:03.190 [info] [Git][getRemotes] No remotes found in the git config file
2026-05-17 05:23:03.190 [info] > git config --get commit.template [15ms]
2026-05-17 05:23:03.191 [info] > git for-each-ref --format=%(refname)%00%(upstream:short)%00%(objectname)%00%(upstream:track)%00%(upstream:remotename)%00%(upstream:remoteref) refs/heads/master refs/remotes/master [1ms]
2026-05-17 05:23:03.220 [info] > git status -z -uall [15ms]
2026-05-17 05:23:03.221 [info] > git for-each-ref --sort -committerdate --format %(refname)%00%(objectname)%00%(*objectname) [1ms]
2026-05-17 05:23:16.937 [info] [Git][getRemotes] No remotes found in the git config file
2026-05-17 05:23:16.938 [info] > git config --get commit.template [17ms]
2026-05-17 05:23:16.938 [info] > git for-each-ref --format=%(refname)%00%(upstream:short)%00%(objectname)%00%(upstream:track)%00%(upstream:remotename)%00%(upstream:remoteref) refs/heads/master refs/remotes/master [1ms]
2026-05-17 05:23:16.969 [info] > git status -z -uall [16ms]
2026-05-17 05:23:16.970 [info] > git for-each-ref --sort -committerdate --format %(refname)%00%(objectname)%00%(*objectname) [2ms]
2026-05-17 05:23:30.071 [info] > git config --get commit.template [1ms]
2026-05-17 05:23:30.085 [info] [Git][getRemotes] No remotes found in the git config file
2026-05-17 05:23:30.086 [info] > git for-each-ref --format=%(refname)%00%(upstream:short)%00%(objectname)%00%(upstream:track)%00%(upstream:remotename)%00%(upstream:remoteref) refs/heads/master refs/remotes/master [1ms]
2026-05-17 05:23:30.116 [info] > git status -z -uall [15ms]
2026-05-17 05:23:30.117 [info] > git for-each-ref --sort -committerdate --format %(refname)%00%(objectname)%00%(*objectname) [2ms]
2026-05-17 05:23:40.354 [info] [Git][getRemotes] No remotes found in the git config file
2026-05-17 05:23:40.354 [info] > git config --get commit.template [15ms]
2026-05-17 05:23:40.355 [info] > git for-each-ref --format=%(refname)%00%(upstream:short)%00%(objectname)%00%(upstream:track)%00%(upstream:remotename)%00%(upstream:remoteref) refs/heads/master refs/remotes/master [1ms]
2026-05-17 05:23:40.384 [info] > git status -z -uall [15ms]
2026-05-17 05:23:40.384 [info] > git for-each-ref --sort -committerdate --format %(refname)%00%(objectname)%00%(*objectname) [1ms]
2026-05-17 05:23:45.416 [info] [Git][getRemotes] No remotes found in the git config file
2026-05-17 05:23:45.417 [info] > git config --get commit.template [14ms]
2026-05-17 05:23:45.418 [info] > git for-each-ref --format=%(refname)%00%(upstream:short)%00%(objectname)%00%(upstream:track)%00%(upstream:remotename)%00%(upstream:remoteref) refs/heads/master refs/remotes/master [2ms]
2026-05-17 05:23:45.447 [info] > git status -z -uall [16ms]
2026-05-17 05:23:45.447 [info] > git for-each-ref --sort -committerdate --format %(refname)%00%(objectname)%00%(*objectname) [2ms]
2026-05-17 05:23:50.480 [info] [Git][getRemotes] No remotes found in the git config file
2026-05-17 05:23:50.481 [info] > git config --get commit.template [15ms]
2026-05-17 05:23:50.481 [info] > git for-each-ref --format=%(refname)%00%(upstream:short)%00%(objectname)%00%(upstream:track)%00%(upstream:remotename)%00%(upstream:remoteref) refs/heads/master refs/remotes/master [1ms]
2026-05-17 05:23:50.510 [info] > git status -z -uall [15ms]
2026-05-17 05:23:50.511 [info] > git for-each-ref --sort -committerdate --format %(refname)%00%(objectname)%00%(*objectname) [2ms]
2026-05-17 05:23:57.535 [info] [Git][getRemotes] No remotes found in the git config file
2026-05-17 05:23:57.535 [info] > git config --get commit.template [16ms]
2026-05-17 05:23:57.536 [info] > git for-each-ref --format=%(refname)%00%(upstream:short)%00%(objectname)%00%(upstream:track)%00%(upstream:remotename)%00%(upstream:remoteref) refs/heads/master refs/remotes/master [1ms]
2026-05-17 05:23:57.567 [info] > git status -z -uall [17ms]
2026-05-17 05:23:57.568 [info] > git for-each-ref --sort -committerdate --format %(refname)%00%(objectname)%00%(*objectname) [2ms]
2026-05-17 05:24:10.399 [info] [Git][getRemotes] No remotes found in the git config file
2026-05-17 05:24:10.400 [info] > git config --get commit.template [15ms]
2026-05-17 05:24:10.400 [info] > git for-each-ref --format=%(refname)%00%(upstream:short)%00%(objectname)%00%(upstream:track)%00%(upstream:remotename)%00%(upstream:remoteref) refs/heads/master refs/remotes/master [1ms]
2026-05-17 05:24:10.433 [info] > git status -z -uall [18ms]
2026-05-17 05:24:10.433 [info] > git for-each-ref --sort -committerdate --format %(refname)%00%(objectname)%00%(*objectname) [1ms]
2026-05-17 05:24:16.936 [info] [Git][getRemotes] No remotes found in the git config file
2026-05-17 05:24:16.937 [info] > git config --get commit.template [16ms]
2026-05-17 05:24:16.937 [info] > git for-each-ref --format=%(refname)%00%(upstream:short)%00%(objectname)%00%(upstream:track)%00%(upstream:remotename)%00%(upstream:remoteref) refs/heads/master refs/remotes/master [1ms]
2026-05-17 05:24:16.968 [info] > git status -z -uall [15ms]
2026-05-17 05:24:16.969 [info] > git for-each-ref --sort -committerdate --format %(refname)%00%(objectname)%00%(*objectname) [2ms]
2026-05-17 05:24:22.238 [info] > git config --get commit.template [2ms]
2026-05-17 05:24:22.253 [info] [Git][getRemotes] No remotes found in the git config file
2026-05-17 05:24:22.254 [info] > git for-each-ref --format=%(refname)%00%(upstream:short)%00%(objectname)%00%(upstream:track)%00%(upstream:remotename)%00%(upstream:remoteref) refs/heads/master refs/remotes/master [1ms]
2026-05-17 05:24:22.284 [info] > git status -z -uall [15ms]
2026-05-17 05:24:22.285 [info] > git for-each-ref --sort -committerdate --format %(refname)%00%(objectname)%00%(*objectname) [1ms]
2026-05-17 05:24:27.320 [info] [Git][getRemotes] No remotes found in the git config file
2026-05-17 05:24:27.321 [info] > git config --get commit.template [17ms]
2026-05-17 05:24:27.321 [info] > git for-each-ref --format=%(refname)%00%(upstream:short)%00%(objectname)%00%(upstream:track)%00%(upstream:remotename)%00%(upstream:remoteref) refs/heads/master refs/remotes/master [1ms]
2026-05-17 05:24:27.353 [info] > git status -z -uall [16ms]
2026-05-17 05:24:27.354 [info] > git for-each-ref --sort -committerdate --format %(refname)%00%(objectname)%00%(*objectname) [1ms]
2026-05-17 05:24:38.242 [info] > git fetch [13ms]
2026-05-17 05:24:38.272 [info] [Git][getRemotes] No remotes found in the git config file
2026-05-17 05:24:38.273 [info] > git config --get commit.template [16ms]
2026-05-17 05:24:38.273 [info] > git for-each-ref --format=%(refname)%00%(upstream:short)%00%(objectname)%00%(upstream:track)%00%(upstream:remotename)%00%(upstream:remoteref) refs/heads/feat/h-factor-os refs/remotes/feat/h-factor-os [1ms]
2026-05-17 05:24:38.305 [info] > git for-each-ref --sort -committerdate --format %(refname)%00%(objectname)%00%(*objectname) [1ms]
2026-05-17 05:24:40.198 [info] > git status -z -uall [1911ms] (cancelled)
2026-05-17 05:25:16.938 [info] [Git][getRemotes] No remotes found in the git config file
2026-05-17 05:25:16.939 [info] > git config --get commit.template [16ms]
2026-05-17 05:25:16.939 [info] > git for-each-ref --format=%(refname)%00%(upstream:short)%00%(objectname)%00%(upstream:track)%00%(upstream:remotename)%00%(upstream:remoteref) refs/heads/master refs/remotes/master [1ms]
2026-05-17 05:25:16.969 [info] > git status -z -uall [15ms]
2026-05-17 05:25:16.969 [info] > git for-each-ref --sort -committerdate --format %(refname)%00%(objectname)%00%(*objectname) [1ms]
2026-05-17 05:25:19.697 [info] > git fetch [3ms]
2026-05-17 05:25:19.727 [info] [Git][getRemotes] No remotes found in the git config file
2026-05-17 05:25:19.728 [info] > git config --get commit.template [15ms]
2026-05-17 05:25:19.728 [info] > git for-each-ref --format=%(refname)%00%(upstream:short)%00%(objectname)%00%(upstream:track)%00%(upstream:remotename)%00%(upstream:remoteref) refs/heads/master refs/remotes/master [1ms]
2026-05-17 05:25:19.757 [info] > git status -z -uall [15ms]
2026-05-17 05:25:19.758 [info] > git for-each-ref --sort -committerdate --format %(refname)%00%(objectname)%00%(*objectname) [1ms]
2026-05-17 05:25:22.000 [info] [Git][getRemotes] No remotes found in the git config file
2026-05-17 05:25:22.000 [info] > git config --get commit.template [13ms]
2026-05-17 05:25:22.001 [info] > git for-each-ref --format=%(refname)%00%(upstream:short)%00%(objectname)%00%(upstream:track)%00%(upstream:remotename)%00%(upstream:remoteref) refs/heads/master refs/remotes/master [2ms]
2026-05-17 05:25:22.026 [info] > git status -z -uall [14ms]
2026-05-17 05:25:22.027 [info] > git for-each-ref --sort -committerdate --format %(refname)%00%(objectname)%00%(*objectname) [2ms]
2026-05-17 05:25:46.946 [info] [Git][getRemotes] No remotes found in the git config file
2026-05-17 05:25:46.946 [info] > git config --get commit.template [16ms]
2026-05-17 05:25:46.947 [info] > git for-each-ref --format=%(refname)%00%(upstream:short)%00%(objectname)%00%(upstream:track)%00%(upstream:remotename)%00%(upstream:remoteref) refs/heads/master refs/remotes/master [1ms]
2026-05-17 05:25:46.977 [info] > git status -z -uall [15ms]
2026-05-17 05:25:46.978 [info] > git for-each-ref --sort -committerdate --format %(refname)%00%(objectname)%00%(*objectname) [1ms]
2026-05-17 05:25:52.012 [info] [Git][getRemotes] No remotes found in the git config file
2026-05-17 05:25:52.013 [info] > git config --get commit.template [16ms]
2026-05-17 05:25:52.013 [info] > git for-each-ref --format=%(refname)%00%(upstream:short)%00%(objectname)%00%(upstream:track)%00%(upstream:remotename)%00%(upstream:remoteref) refs/heads/master refs/remotes/master [1ms]
2026-05-17 05:25:52.043 [info] > git status -z -uall [15ms]
2026-05-17 05:25:52.044 [info] > git for-each-ref --sort -committerdate --format %(refname)%00%(objectname)%00%(*objectname) [1ms]
2026-05-17 05:26:16.994 [info] [Git][getRemotes] No remotes found in the git config file
2026-05-17 05:26:16.995 [info] > git config --get commit.template [15ms]
2026-05-17 05:26:16.995 [info] > git for-each-ref --format=%(refname)%00%(upstream:short)%00%(objectname)%00%(upstream:track)%00%(upstream:remotename)%00%(upstream:remoteref) refs/heads/master refs/remotes/master [1ms]
2026-05-17 05:26:17.027 [info] > git status -z -uall [17ms]
2026-05-17 05:26:17.028 [info] > git for-each-ref --sort -committerdate --format %(refname)%00%(objectname)%00%(*objectname) [1ms]
2026-05-17 05:26:48.233 [info] [Git][getRemotes] No remotes found in the git config file
2026-05-17 05:26:48.234 [info] > git config --get commit.template [14ms]
2026-05-17 05:26:48.234 [info] > git for-each-ref --format=%(refname)%00%(upstream:short)%00%(objectname)%00%(upstream:track)%00%(upstream:remotename)%00%(upstream:remoteref) refs/heads/master refs/remotes/master [1ms]
2026-05-17 05:26:48.259 [info] > git status -z -uall [13ms]
2026-05-17 05:26:48.260 [info] > git for-each-ref --sort -committerdate --format %(refname)%00%(objectname)%00%(*objectname) [1ms]
2026-05-17 05:27:16.924 [info] > git config --get commit.template [1ms]
2026-05-17 05:27:16.939 [info] [Git][getRemotes] No remotes found in the git config file
2026-05-17 05:27:16.940 [info] > git for-each-ref --format=%(refname)%00%(upstream:short)%00%(objectname)%00%(upstream:track)%00%(upstream:remotename)%00%(upstream:remoteref) refs/heads/master refs/remotes/master [1ms]
2026-05-17 05:27:16.972 [info] > git status -z -uall [17ms]
2026-05-17 05:27:16.973 [info] > git for-each-ref --sort -committerdate --format %(refname)%00%(objectname)%00%(*objectname) [1ms]
2026-05-17 05:27:22.000 [info] [Git][getRemotes] No remotes found in the git config file
2026-05-17 05:27:22.001 [info] > git config --get commit.template [11ms]
2026-05-17 05:27:22.001 [info] > git for-each-ref --format=%(refname)%00%(upstream:short)%00%(objectname)%00%(upstream:track)%00%(upstream:remotename)%00%(upstream:remoteref) refs/heads/master refs/remotes/master [1ms]
2026-05-17 05:27:22.026 [info] > git status -z -uall [14ms]
2026-05-17 05:27:22.028 [info] > git for-each-ref --sort -committerdate --format %(refname)%00%(objectname)%00%(*objectname) [2ms]
2026-05-17 05:27:39.448 [info] > git fetch [16ms]
2026-05-17 05:27:39.479 [info] [Git][getRemotes] No remotes found in the git config file
2026-05-17 05:27:39.479 [info] > git config --get commit.template [16ms]
2026-05-17 05:27:39.480 [info] > git for-each-ref --format=%(refname)%00%(upstream:short)%00%(objectname)%00%(upstream:track)%00%(upstream:remotename)%00%(upstream:remoteref) refs/heads/feat/h-factor-os refs/remotes/feat/h-factor-os [1ms]
2026-05-17 05:27:39.515 [info] > git for-each-ref --sort -committerdate --format %(refname)%00%(objectname)%00%(*objectname) [2ms]
2026-05-17 05:27:41.487 [info] > git status -z -uall [1991ms] (cancelled)
2026-05-17 05:28:17.096 [info] [Git][getRemotes] No remotes found in the git config file
2026-05-17 05:28:17.097 [info] > git config --get commit.template [16ms]
2026-05-17 05:28:17.098 [info] > git for-each-ref --format=%(refname)%00%(upstream:short)%00%(objectname)%00%(upstream:track)%00%(upstream:remotename)%00%(upstream:remoteref) refs/heads/master refs/remotes/master [2ms]
2026-05-17 05:28:17.132 [info] > git status -z -uall [16ms]
2026-05-17 05:28:17.133 [info] > git for-each-ref --sort -committerdate --format %(refname)%00%(objectname)%00%(*objectname) [2ms]
2026-05-17 05:28:19.780 [info] > git fetch [5ms]
2026-05-17 05:28:19.810 [info] [Git][getRemotes] No remotes found in the git config file
2026-05-17 05:28:19.812 [info] > git config --get commit.template [17ms]
2026-05-17 05:28:19.812 [info] > git for-each-ref --format=%(refname)%00%(upstream:short)%00%(objectname)%00%(upstream:track)%00%(upstream:remotename)%00%(upstream:remoteref) refs/heads/master refs/remotes/master [2ms]
2026-05-17 05:28:19.838 [info] > git status -z -uall [13ms]
2026-05-17 05:28:19.839 [info] > git for-each-ref --sort -committerdate --format %(refname)%00%(objectname)%00%(*objectname) [1ms]
2026-05-17 05:28:22.171 [info] [Git][getRemotes] No remotes found in the git config file
2026-05-17 05:28:22.172 [info] > git config --get commit.template [18ms]
2026-05-17 05:28:22.172 [info] > git for-each-ref --format=%(refname)%00%(upstream:short)%00%(objectname)%00%(upstream:track)%00%(upstream:remotename)%00%(upstream:remoteref) refs/heads/master refs/remotes/master [1ms]
2026-05-17 05:28:22.201 [info] > git status -z -uall [17ms]
2026-05-17 05:28:22.202 [info] > git for-each-ref --sort -committerdate --format %(refname)%00%(objectname)%00%(*objectname) [2ms]
2026-05-17 05:28:46.941 [info] [Git][getRemotes] No remotes found in the git config file
2026-05-17 05:28:46.942 [info] > git config --get commit.template [14ms]
2026-05-17 05:28:46.943 [info] > git for-each-ref --format=%(refname)%00%(upstream:short)%00%(objectname)%00%(upstream:track)%00%(upstream:remotename)%00%(upstream:remoteref) refs/heads/master refs/remotes/master [2ms]
2026-05-17 05:28:46.971 [info] > git status -z -uall [15ms]
2026-05-17 05:28:46.972 [info] > git for-each-ref --sort -committerdate --format %(refname)%00%(objectname)%00%(*objectname) [2ms]
2026-05-17 05:28:52.007 [info] [Git][getRemotes] No remotes found in the git config file
2026-05-17 05:28:52.008 [info] > git config --get commit.template [16ms]
2026-05-17 05:28:52.009 [info] > git for-each-ref --format=%(refname)%00%(upstream:short)%00%(objectname)%00%(upstream:track)%00%(upstream:remotename)%00%(upstream:remoteref) refs/heads/master refs/remotes/master [2ms]
2026-05-17 05:28:52.039 [info] > git status -z -uall [15ms]
2026-05-17 05:28:52.040 [info] > git for-each-ref --sort -committerdate --format %(refname)%00%(objectname)%00%(*objectname) [1ms]
2026-05-17 05:29:16.997 [info] [Git][getRemotes] No remotes found in the git config file
2026-05-17 05:29:16.997 [info] > git config --get commit.template [17ms]
2026-05-17 05:29:16.998 [info] > git for-each-ref --format=%(refname)%00%(upstream:short)%00%(objectname)%00%(upstream:track)%00%(upstream:remotename)%00%(upstream:remoteref) refs/heads/master refs/remotes/master [2ms]
2026-05-17 05:29:17.027 [info] > git status -z -uall [16ms]
2026-05-17 05:29:17.027 [info] > git for-each-ref --sort -committerdate --format %(refname)%00%(objectname)%00%(*objectname) [1ms]
2026-05-17 05:29:48.199 [info] [Git][getRemotes] No remotes found in the git config file
2026-05-17 05:29:48.201 [info] > git for-each-ref --format=%(refname)%00%(upstream:short)%00%(objectname)%00%(upstream:track)%00%(upstream:remotename)%00%(upstream:remoteref) refs/heads/master refs/remotes/master [2ms]
2026-05-17 05:29:48.201 [info] > git config --get commit.template [17ms]
2026-05-17 05:29:48.230 [info] > git status -z -uall [16ms]
2026-05-17 05:29:48.231 [info] > git for-each-ref --sort -committerdate --format %(refname)%00%(objectname)%00%(*objectname) [1ms]
2026-05-17 05:30:02.137 [info] > git config --get commit.template [2ms]
2026-05-17 05:30:02.152 [info] [Git][getRemotes] No remotes found in the git config file
2026-05-17 05:30:02.153 [info] > git for-each-ref --format=%(refname)%00%(upstream:short)%00%(objectname)%00%(upstream:track)%00%(upstream:remotename)%00%(upstream:remoteref) refs/heads/master refs/remotes/master [2ms]
2026-05-17 05:30:02.184 [info] > git status -z -uall [17ms]
2026-05-17 05:30:02.185 [info] > git for-each-ref --sort -committerdate --format %(refname)%00%(objectname)%00%(*objectname) [2ms]
2026-05-17 05:30:13.230 [info] [Git][getRemotes] No remotes found in the git config file
2026-05-17 05:30:13.231 [info] > git config --get commit.template [16ms]
2026-05-17 05:30:13.231 [info] > git for-each-ref --format=%(refname)%00%(upstream:short)%00%(objectname)%00%(upstream:track)%00%(upstream:remotename)%00%(upstream:remoteref) refs/heads/master refs/remotes/master [1ms]
2026-05-17 05:30:13.262 [info] > git status -z -uall [17ms]
2026-05-17 05:30:13.262 [info] > git for-each-ref --sort -committerdate --format %(refname)%00%(objectname)%00%(*objectname) [2ms]
2026-05-17 05:30:18.294 [info] [Git][getRemotes] No remotes found in the git config file
2026-05-17 05:30:18.295 [info] > git for-each-ref --format=%(refname)%00%(upstream:short)%00%(objectname)%00%(upstream:track)%00%(upstream:remotename)%00%(upstream:remoteref) refs/heads/master refs/remotes/master [2ms]
2026-05-17 05:30:18.295 [info] > git config --get commit.template [16ms]
2026-05-17 05:30:18.324 [info] > git status -z -uall [15ms]
2026-05-17 05:30:18.325 [info] > git for-each-ref --sort -committerdate --format %(refname)%00%(objectname)%00%(*objectname) [2ms]
2026-05-17 05:30:23.345 [info] > git config --get commit.template [2ms]
2026-05-17 05:30:23.359 [info] [Git][getRemotes] No remotes found in the git config file
2026-05-17 05:30:23.360 [info] > git for-each-ref --format=%(refname)%00%(upstream:short)%00%(objectname)%00%(upstream:track)%00%(upstream:remotename)%00%(upstream:remoteref) refs/heads/master refs/remotes/master [1ms]
2026-05-17 05:30:23.389 [info] > git status -z -uall [15ms]
2026-05-17 05:30:23.390 [info] > git for-each-ref --sort -committerdate --format %(refname)%00%(objectname)%00%(*objectname) [2ms]
2026-05-17 05:30:29.331 [info] [Git][getRemotes] No remotes found in the git config file
2026-05-17 05:30:29.331 [info] > git config --get commit.template [18ms]
2026-05-17 05:30:29.332 [info] > git for-each-ref --format=%(refname)%00%(upstream:short)%00%(objectname)%00%(upstream:track)%00%(upstream:remotename)%00%(upstream:remoteref) refs/heads/master refs/remotes/master [1ms]
2026-05-17 05:30:29.361 [info] > git status -z -uall [13ms]
2026-05-17 05:30:29.362 [info] > git for-each-ref --sort -committerdate --format %(refname)%00%(objectname)%00%(*objectname) [1ms]
2026-05-17 05:30:36.777 [info] > git config --get commit.template [1ms]
2026-05-17 05:30:36.778 [info] [Git][getRemotes] No remotes found in the git config file
2026-05-17 05:30:36.793 [info] > git for-each-ref --format=%(refname)%00%(upstream:short)%00%(objectname)%00%(upstream:track)%00%(upstream:remotename)%00%(upstream:remoteref) refs/heads/master refs/remotes/master [2ms]
2026-05-17 05:30:36.822 [info] > git status -z -uall [15ms]
2026-05-17 05:30:36.823 [info] > git for-each-ref --sort -committerdate --format %(refname)%00%(objectname)%00%(*objectname) [2ms]
2026-05-17 05:30:40.691 [info] > git fetch [14ms]
2026-05-17 05:30:40.721 [info] [Git][getRemotes] No remotes found in the git config file
2026-05-17 05:30:40.721 [info] > git config --get commit.template [15ms]
2026-05-17 05:30:40.722 [info] > git for-each-ref --format=%(refname)%00%(upstream:short)%00%(objectname)%00%(upstream:track)%00%(upstream:remotename)%00%(upstream:remoteref) refs/heads/feat/h-factor-os refs/remotes/feat/h-factor-os [1ms]
2026-05-17 05:30:40.753 [info] > git for-each-ref --sort -committerdate --format %(refname)%00%(objectname)%00%(*objectname) [1ms]
2026-05-17 05:30:42.681 [info] > git status -z -uall [1945ms] (cancelled)
2026-05-17 05:30:42.686 [info] > git config --get commit.template [5ms]
2026-05-17 05:30:42.702 [info] [Git][getRemotes] No remotes found in the git config file
2026-05-17 05:30:42.704 [info] > git for-each-ref --format=%(refname)%00%(upstream:short)%00%(objectname)%00%(upstream:track)%00%(upstream:remotename)%00%(upstream:remoteref) refs/heads/master refs/remotes/master [2ms]
2026-05-17 05:30:42.735 [info] > git status -z -uall [17ms]
2026-05-17 05:30:42.736 [info] > git for-each-ref --sort -committerdate --format %(refname)%00%(objectname)%00%(*objectname) [1ms]
2026-05-17 05:31:16.943 [info] [Git][getRemotes] No remotes found in the git config file
2026-05-17 05:31:16.944 [info] > git config --get commit.template [19ms]
2026-05-17 05:31:16.944 [info] > git for-each-ref --format=%(refname)%00%(upstream:short)%00%(objectname)%00%(upstream:track)%00%(upstream:remotename)%00%(upstream:remoteref) refs/heads/master refs/remotes/master [1ms]
2026-05-17 05:31:16.980 [info] > git status -z -uall [19ms]
2026-05-17 05:31:16.981 [info] > git for-each-ref --sort -committerdate --format %(refname)%00%(objectname)%00%(*objectname) [1ms]
2026-05-17 05:31:19.864 [info] > git fetch [4ms]
2026-05-17 05:31:19.897 [info] [Git][getRemotes] No remotes found in the git config file
2026-05-17 05:31:19.897 [info] > git config --get commit.template [17ms]
2026-05-17 05:31:19.898 [info] > git for-each-ref --format=%(refname)%00%(upstream:short)%00%(objectname)%00%(upstream:track)%00%(upstream:remotename)%00%(upstream:remoteref) refs/heads/master refs/remotes/master [1ms]
2026-05-17 05:31:19.934 [info] > git status -z -uall [17ms]
2026-05-17 05:31:19.935 [info] > git for-each-ref --sort -committerdate --format %(refname)%00%(objectname)%00%(*objectname) [2ms]
2026-05-17 05:31:22.015 [info] [Git][getRemotes] No remotes found in the git config file
2026-05-17 05:31:22.016 [info] > git config --get commit.template [17ms]
2026-05-17 05:31:22.016 [info] > git for-each-ref --format=%(refname)%00%(upstream:short)%00%(objectname)%00%(upstream:track)%00%(upstream:remotename)%00%(upstream:remoteref) refs/heads/master refs/remotes/master [1ms]
2026-05-17 05:31:22.052 [info] > git status -z -uall [16ms]
2026-05-17 05:31:22.053 [info] > git for-each-ref --sort -committerdate --format %(refname)%00%(objectname)%00%(*objectname) [1ms]
2026-05-17 05:31:48.988 [info] > git config --get commit.template [4ms]
2026-05-17 05:31:49.002 [info] [Git][getRemotes] No remotes found in the git config file
2026-05-17 05:31:49.004 [info] > git for-each-ref --format=%(refname)%00%(upstream:short)%00%(objectname)%00%(upstream:track)%00%(upstream:remotename)%00%(upstream:remoteref) refs/heads/master refs/remotes/master [1ms]
2026-05-17 05:31:49.033 [info] > git status -z -uall [15ms]
2026-05-17 05:31:49.034 [info] > git for-each-ref --sort -committerdate --format %(refname)%00%(objectname)%00%(*objectname) [1ms]
2026-05-17 05:32:16.994 [info] [Git][getRemotes] No remotes found in the git config file
2026-05-17 05:32:16.994 [info] > git config --get commit.template [14ms]
2026-05-17 05:32:16.995 [info] > git for-each-ref --format=%(refname)%00%(upstream:short)%00%(objectname)%00%(upstream:track)%00%(upstream:remotename)%00%(upstream:remoteref) refs/heads/master refs/remotes/master [1ms]
2026-05-17 05:32:17.024 [info] > git status -z -uall [16ms]
2026-05-17 05:32:17.025 [info] > git for-each-ref --sort -committerdate --format %(refname)%00%(objectname)%00%(*objectname) [2ms]
2026-05-17 05:32:48.257 [info] > git config --get commit.template [2ms]
2026-05-17 05:32:48.272 [info] [Git][getRemotes] No remotes found in the git config file
2026-05-17 05:32:48.273 [info] > git for-each-ref --format=%(refname)%00%(upstream:short)%00%(objectname)%00%(upstream:track)%00%(upstream:remotename)%00%(upstream:remoteref) refs/heads/master refs/remotes/master [2ms]
2026-05-17 05:32:48.301 [info] > git status -z -uall [14ms]
2026-05-17 05:32:48.302 [info] > git for-each-ref --sort -committerdate --format %(refname)%00%(objectname)%00%(*objectname) [1ms]
2026-05-17 05:33:16.936 [info] [Git][getRemotes] No remotes found in the git config file
2026-05-17 05:33:16.937 [info] > git config --get commit.template [15ms]
2026-05-17 05:33:16.937 [info] > git for-each-ref --format=%(refname)%00%(upstream:short)%00%(objectname)%00%(upstream:track)%00%(upstream:remotename)%00%(upstream:remoteref) refs/heads/master refs/remotes/master [1ms]
2026-05-17 05:33:16.966 [info] > git status -z -uall [15ms]
2026-05-17 05:33:16.967 [info] > git for-each-ref --sort -committerdate --format %(refname)%00%(objectname)%00%(*objectname) [1ms]
2026-05-17 05:33:22.003 [info] [Git][getRemotes] No remotes found in the git config file
2026-05-17 05:33:22.003 [info] > git config --get commit.template [16ms]
2026-05-17 05:33:22.004 [info] > git for-each-ref --format=%(refname)%00%(upstream:short)%00%(objectname)%00%(upstream:track)%00%(upstream:remotename)%00%(upstream:remoteref) refs/heads/master refs/remotes/master [1ms]
2026-05-17 05:33:22.034 [info] > git status -z -uall [16ms]
2026-05-17 05:33:22.034 [info] > git for-each-ref --sort -committerdate --format %(refname)%00%(objectname)%00%(*objectname) [1ms]
2026-05-17 05:33:41.874 [info] > git fetch [14ms]
2026-05-17 05:33:41.904 [info] [Git][getRemotes] No remotes found in the git config file
2026-05-17 05:33:41.904 [info] > git config --get commit.template [16ms]
2026-05-17 05:33:41.905 [info] > git for-each-ref --format=%(refname)%00%(upstream:short)%00%(objectname)%00%(upstream:track)%00%(upstream:remotename)%00%(upstream:remoteref) refs/heads/feat/h-factor-os refs/remotes/feat/h-factor-os [1ms]
2026-05-17 05:33:41.938 [info] > git for-each-ref --sort -committerdate --format %(refname)%00%(objectname)%00%(*objectname) [2ms]
2026-05-17 05:33:43.836 [info] > git status -z -uall [1916ms] (cancelled)
2026-05-17 05:34:16.984 [info] [Git][getRemotes] No remotes found in the git config file
2026-05-17 05:34:17.001 [info] > git config --get commit.template [17ms]
2026-05-17 05:34:17.001 [info] > git for-each-ref --format=%(refname)%00%(upstream:short)%00%(objectname)%00%(upstream:track)%00%(upstream:remotename)%00%(upstream:remoteref) refs/heads/master refs/remotes/master [1ms]
2026-05-17 05:34:17.037 [info] > git status -z -uall [18ms]
2026-05-17 05:34:17.037 [info] > git for-each-ref --sort -committerdate --format %(refname)%00%(objectname)%00%(*objectname) [1ms]
2026-05-17 05:34:19.959 [info] > git fetch [4ms]
2026-05-17 05:34:19.994 [info] [Git][getRemotes] No remotes found in the git config file
2026-05-17 05:34:19.995 [info] > git config --get commit.template [18ms]
2026-05-17 05:34:19.995 [info] > git for-each-ref --format=%(refname)%00%(upstream:short)%00%(objectname)%00%(upstream:track)%00%(upstream:remotename)%00%(upstream:remoteref) refs/heads/master refs/remotes/master [1ms]
2026-05-17 05:34:20.030 [info] > git status -z -uall [18ms]
2026-05-17 05:34:20.031 [info] > git for-each-ref --sort -committerdate --format %(refname)%00%(objectname)%00%(*objectname) [2ms]
2026-05-17 05:34:22.075 [info] [Git][getRemotes] No remotes found in the git config file
2026-05-17 05:34:22.077 [info] > git for-each-ref --format=%(refname)%00%(upstream:short)%00%(objectname)%00%(upstream:track)%00%(upstream:remotename)%00%(upstream:remoteref) refs/heads/master refs/remotes/master [2ms]
2026-05-17 05:34:22.077 [info] > git config --get commit.template [18ms]
2026-05-17 05:34:22.131 [info] > git status -z -uall [38ms]
2026-05-17 05:34:22.135 [info] > git for-each-ref --sort -committerdate --format %(refname)%00%(objectname)%00%(*objectname) [23ms]
2026-05-17 05:34:48.992 [info] [Git][getRemotes] No remotes found in the git config file
2026-05-17 05:34:48.994 [info] > git for-each-ref --format=%(refname)%00%(upstream:short)%00%(objectname)%00%(upstream:track)%00%(upstream:remotename)%00%(upstream:remoteref) refs/heads/master refs/remotes/master [2ms]
2026-05-17 05:34:48.994 [info] > git config --get commit.template [15ms]
2026-05-17 05:34:49.020 [info] > git status -z -uall [13ms]
2026-05-17 05:34:49.021 [info] > git for-each-ref --sort -committerdate --format %(refname)%00%(objectname)%00%(*objectname) [1ms]
2026-05-17 05:35:16.996 [info] [Git][getRemotes] No remotes found in the git config file
2026-05-17 05:35:16.997 [info] > git config --get commit.template [16ms]
2026-05-17 05:35:16.997 [info] > git for-each-ref --format=%(refname)%00%(upstream:short)%00%(objectname)%00%(upstream:track)%00%(upstream:remotename)%00%(upstream:remoteref) refs/heads/master refs/remotes/master [1ms]
2026-05-17 05:35:17.027 [info] > git status -z -uall [16ms]
2026-05-17 05:35:17.028 [info] > git for-each-ref --sort -committerdate --format %(refname)%00%(objectname)%00%(*objectname) [2ms]
2026-05-17 05:35:48.455 [info] [Git][getRemotes] No remotes found in the git config file
2026-05-17 05:35:48.455 [info] > git config --get commit.template [15ms]
2026-05-17 05:35:48.456 [info] > git for-each-ref --format=%(refname)%00%(upstream:short)%00%(objectname)%00%(upstream:track)%00%(upstream:remotename)%00%(upstream:remoteref) refs/heads/master refs/remotes/master [1ms]
2026-05-17 05:35:48.485 [info] > git status -z -uall [15ms]
2026-05-17 05:35:48.485 [info] > git for-each-ref --sort -committerdate --format %(refname)%00%(objectname)%00%(*objectname) [1ms]
2026-05-17 05:36:16.937 [info] [Git][getRemotes] No remotes found in the git config file
2026-05-17 05:36:16.938 [info] > git config --get commit.template [16ms]
2026-05-17 05:36:16.938 [info] > git for-each-ref --format=%(refname)%00%(upstream:short)%00%(objectname)%00%(upstream:track)%00%(upstream:remotename)%00%(upstream:remoteref) refs/heads/master refs/remotes/master [1ms]
2026-05-17 05:36:16.965 [info] > git status -z -uall [14ms]
2026-05-17 05:36:16.966 [info] > git for-each-ref --sort -committerdate --format %(refname)%00%(objectname)%00%(*objectname) [2ms]
2026-05-17 05:36:21.998 [info] [Git][getRemotes] No remotes found in the git config file
2026-05-17 05:36:21.999 [info] > git config --get commit.template [15ms]
2026-05-17 05:36:21.999 [info] > git for-each-ref --format=%(refname)%00%(upstream:short)%00%(objectname)%00%(upstream:track)%00%(upstream:remotename)%00%(upstream:remoteref) refs/heads/master refs/remotes/master [1ms]
2026-05-17 05:36:22.029 [info] > git status -z -uall [16ms]
2026-05-17 05:36:22.029 [info] > git for-each-ref --sort -committerdate --format %(refname)%00%(objectname)%00%(*objectname) [1ms]
2026-05-17 05:36:27.062 [info] [Git][getRemotes] No remotes found in the git config file
2026-05-17 05:36:27.063 [info] > git config --get commit.template [16ms]
2026-05-17 05:36:27.063 [info] > git for-each-ref --format=%(refname)%00%(upstream:short)%00%(objectname)%00%(upstream:track)%00%(upstream:remotename)%00%(upstream:remoteref) refs/heads/master refs/remotes/master [1ms]
2026-05-17 05:36:27.093 [info] > git status -z -uall [16ms]
2026-05-17 05:36:27.093 [info] > git for-each-ref --sort -committerdate --format %(refname)%00%(objectname)%00%(*objectname) [1ms]
2026-05-17 05:36:43.103 [info] > git fetch [14ms]
2026-05-17 05:36:43.132 [info] [Git][getRemotes] No remotes found in the git config file
2026-05-17 05:36:43.133 [info] > git config --get commit.template [15ms]
2026-05-17 05:36:43.133 [info] > git for-each-ref --format=%(refname)%00%(upstream:short)%00%(objectname)%00%(upstream:track)%00%(upstream:remotename)%00%(upstream:remoteref) refs/heads/feat/h-factor-os refs/remotes/feat/h-factor-os [1ms]
2026-05-17 05:36:43.166 [info] > git for-each-ref --sort -committerdate --format %(refname)%00%(objectname)%00%(*objectname) [2ms]
2026-05-17 05:36:44.943 [info] > git status -z -uall [1795ms] (cancelled)
2026-05-17 05:37:17.107 [info] [Git][getRemotes] No remotes found in the git config file
2026-05-17 05:37:17.108 [info] > git config --get commit.template [16ms]
2026-05-17 05:37:17.109 [info] > git for-each-ref --format=%(refname)%00%(upstream:short)%00%(objectname)%00%(upstream:track)%00%(upstream:remotename)%00%(upstream:remoteref) refs/heads/master refs/remotes/master [2ms]
2026-05-17 05:37:17.136 [info] > git status -z -uall [14ms]
2026-05-17 05:37:17.137 [info] > git for-each-ref --sort -committerdate --format %(refname)%00%(objectname)%00%(*objectname) [1ms]
2026-05-17 05:37:20.051 [info] > git fetch [5ms]
2026-05-17 05:37:20.079 [info] [Git][getRemotes] No remotes found in the git config file
2026-05-17 05:37:20.080 [info] > git config --get commit.template [16ms]
2026-05-17 05:37:20.080 [info] > git for-each-ref --format=%(refname)%00%(upstream:short)%00%(objectname)%00%(upstream:track)%00%(upstream:remotename)%00%(upstream:remoteref) refs/heads/master refs/remotes/master [1ms]
2026-05-17 05:37:20.108 [info] > git status -z -uall [14ms]
2026-05-17 05:37:20.109 [info] > git for-each-ref --sort -committerdate --format %(refname)%00%(objectname)%00%(*objectname) [1ms]
2026-05-17 05:37:22.158 [info] > git config --get commit.template [1ms]
2026-05-17 05:37:22.158 [info] [Git][getRemotes] No remotes found in the git config file
2026-05-17 05:37:22.174 [info] > git for-each-ref --format=%(refname)%00%(upstream:short)%00%(objectname)%00%(upstream:track)%00%(upstream:remotename)%00%(upstream:remoteref) refs/heads/master refs/remotes/master [1ms]
2026-05-17 05:37:22.203 [info] > git status -z -uall [16ms]
2026-05-17 05:37:22.204 [info] > git for-each-ref --sort -committerdate --format %(refname)%00%(objectname)%00%(*objectname) [1ms]
2026-05-17 05:37:48.937 [info] [Git][getRemotes] No remotes found in the git config file
2026-05-17 05:37:48.937 [info] > git config --get commit.template [15ms]
2026-05-17 05:37:48.938 [info] > git for-each-ref --format=%(refname)%00%(upstream:short)%00%(objectname)%00%(upstream:track)%00%(upstream:remotename)%00%(upstream:remoteref) refs/heads/master refs/remotes/master [1ms]
2026-05-17 05:37:48.967 [info] > git status -z -uall [15ms]
2026-05-17 05:37:48.968 [info] > git for-each-ref --sort -committerdate --format %(refname)%00%(objectname)%00%(*objectname) [2ms]
2026-05-17 05:38:16.941 [info] [Git][getRemotes] No remotes found in the git config file
2026-05-17 05:38:16.942 [info] > git config --get commit.template [17ms]
2026-05-17 05:38:16.943 [info] > git for-each-ref --format=%(refname)%00%(upstream:short)%00%(objectname)%00%(upstream:track)%00%(upstream:remotename)%00%(upstream:remoteref) refs/heads/master refs/remotes/master [2ms]
2026-05-17 05:38:16.975 [info] > git status -z -uall [16ms]
2026-05-17 05:38:16.975 [info] > git for-each-ref --sort -committerdate --format %(refname)%00%(objectname)%00%(*objectname) [1ms]
2026-05-17 05:38:48.424 [info] [Git][getRemotes] No remotes found in the git config file
2026-05-17 05:38:48.424 [info] > git config --get commit.template [15ms]
2026-05-17 05:38:48.425 [info] > git for-each-ref --format=%(refname)%00%(upstream:short)%00%(objectname)%00%(upstream:track)%00%(upstream:remotename)%00%(upstream:remoteref) refs/heads/master refs/remotes/master [1ms]
2026-05-17 05:38:48.453 [info] > git status -z -uall [15ms]
2026-05-17 05:38:48.454 [info] > git for-each-ref --sort -committerdate --format %(refname)%00%(objectname)%00%(*objectname) [1ms]
2026-05-17 05:39:16.936 [info] [Git][getRemotes] No remotes found in the git config file
2026-05-17 05:39:16.937 [info] > git config --get commit.template [14ms]
2026-05-17 05:39:16.937 [info] > git for-each-ref --format=%(refname)%00%(upstream:short)%00%(objectname)%00%(upstream:track)%00%(upstream:remotename)%00%(upstream:remoteref) refs/heads/master refs/remotes/master [1ms]
2026-05-17 05:39:16.965 [info] > git status -z -uall [15ms]
2026-05-17 05:39:16.966 [info] > git for-each-ref --sort -committerdate --format %(refname)%00%(objectname)%00%(*objectname) [1ms]
2026-05-17 05:39:21.989 [info] > git config --get commit.template [2ms]
2026-05-17 05:39:22.002 [info] [Git][getRemotes] No remotes found in the git config file
2026-05-17 05:39:22.003 [info] > git for-each-ref --format=%(refname)%00%(upstream:short)%00%(objectname)%00%(upstream:track)%00%(upstream:remotename)%00%(upstream:remoteref) refs/heads/master refs/remotes/master [1ms]
2026-05-17 05:39:22.030 [info] > git status -z -uall [15ms]
2026-05-17 05:39:22.031 [info] > git for-each-ref --sort -committerdate --format %(refname)%00%(objectname)%00%(*objectname) [2ms]
2026-05-17 05:39:27.064 [info] [Git][getRemotes] No remotes found in the git config file
2026-05-17 05:39:27.064 [info] > git config --get commit.template [15ms]
2026-05-17 05:39:27.065 [info] > git for-each-ref --format=%(refname)%00%(upstream:short)%00%(objectname)%00%(upstream:track)%00%(upstream:remotename)%00%(upstream:remoteref) refs/heads/master refs/remotes/master [2ms]
2026-05-17 05:39:27.094 [info] > git status -z -uall [15ms]
2026-05-17 05:39:27.095 [info] > git for-each-ref --sort -committerdate --format %(refname)%00%(objectname)%00%(*objectname) [2ms]
2026-05-17 05:39:32.115 [info] > git config --get commit.template [2ms]
2026-05-17 05:39:32.128 [info] [Git][getRemotes] No remotes found in the git config file
2026-05-17 05:39:32.130 [info] > git for-each-ref --format=%(refname)%00%(upstream:short)%00%(objectname)%00%(upstream:track)%00%(upstream:remotename)%00%(upstream:remoteref) refs/heads/master refs/remotes/master [2ms]
2026-05-17 05:39:32.159 [info] > git status -z -uall [15ms]
2026-05-17 05:39:32.160 [info] > git for-each-ref --sort -committerdate --format %(refname)%00%(objectname)%00%(*objectname) [2ms]
2026-05-17 05:39:37.192 [info] [Git][getRemotes] No remotes found in the git config file
2026-05-17 05:39:37.192 [info] > git config --get commit.template [15ms]
2026-05-17 05:39:37.193 [info] > git for-each-ref --format=%(refname)%00%(upstream:short)%00%(objectname)%00%(upstream:track)%00%(upstream:remotename)%00%(upstream:remoteref) refs/heads/master refs/remotes/master [2ms]
2026-05-17 05:39:37.221 [info] > git status -z -uall [15ms]
2026-05-17 05:39:37.222 [info] > git for-each-ref --sort -committerdate --format %(refname)%00%(objectname)%00%(*objectname) [1ms]
2026-05-17 05:39:44.289 [info] > git fetch [14ms]
2026-05-17 05:39:44.317 [info] [Git][getRemotes] No remotes found in the git config file
2026-05-17 05:39:44.318 [info] > git config --get commit.template [15ms]
2026-05-17 05:39:44.318 [info] > git for-each-ref --format=%(refname)%00%(upstream:short)%00%(objectname)%00%(upstream:track)%00%(upstream:remotename)%00%(upstream:remoteref) refs/heads/feat/h-factor-os refs/remotes/feat/h-factor-os [1ms]
2026-05-17 05:39:44.349 [info] > git for-each-ref --sort -committerdate --format %(refname)%00%(objectname)%00%(*objectname) [2ms]
2026-05-17 05:39:46.222 [info] > git status -z -uall [1890ms] (cancelled)
2026-05-17 05:39:53.267 [info] [Git][getRemotes] No remotes found in the git config file
2026-05-17 05:39:53.285 [info] > git config --get commit.template [19ms]
2026-05-17 05:39:53.286 [info] > git for-each-ref --format=%(refname)%00%(upstream:short)%00%(objectname)%00%(upstream:track)%00%(upstream:remotename)%00%(upstream:remoteref) refs/heads/master refs/remotes/master [1ms]
2026-05-17 05:39:53.322 [info] > git status -z -uall [19ms]
2026-05-17 05:39:53.323 [info] > git for-each-ref --sort -committerdate --format %(refname)%00%(objectname)%00%(*objectname) [2ms]
2026-05-17 05:40:16.989 [info] [Git][getRemotes] No remotes found in the git config file
2026-05-17 05:40:16.989 [info] > git config --get commit.template [11ms]
2026-05-17 05:40:16.990 [info] > git for-each-ref --format=%(refname)%00%(upstream:short)%00%(objectname)%00%(upstream:track)%00%(upstream:remotename)%00%(upstream:remoteref) refs/heads/master refs/remotes/master [1ms]
2026-05-17 05:40:17.016 [info] > git status -z -uall [14ms]
2026-05-17 05:40:17.017 [info] > git for-each-ref --sort -committerdate --format %(refname)%00%(objectname)%00%(*objectname) [2ms]
2026-05-17 05:40:20.131 [info] > git fetch [5ms]
2026-05-17 05:40:20.156 [info] [Git][getRemotes] No remotes found in the git config file
2026-05-17 05:40:20.157 [info] > git config --get commit.template [14ms]
2026-05-17 05:40:20.157 [info] > git for-each-ref --format=%(refname)%00%(upstream:short)%00%(objectname)%00%(upstream:track)%00%(upstream:remotename)%00%(upstream:remoteref) refs/heads/master refs/remotes/master [1ms]
2026-05-17 05:40:20.185 [info] > git status -z -uall [14ms]
2026-05-17 05:40:20.186 [info] > git for-each-ref --sort -committerdate --format %(refname)%00%(objectname)%00%(*objectname) [1ms]
2026-05-17 05:40:22.042 [info] [Git][getRemotes] No remotes found in the git config file
2026-05-17 05:40:22.043 [info] > git config --get commit.template [11ms]
2026-05-17 05:40:22.043 [info] > git for-each-ref --format=%(refname)%00%(upstream:short)%00%(objectname)%00%(upstream:track)%00%(upstream:remotename)%00%(upstream:remoteref) refs/heads/master refs/remotes/master [1ms]
2026-05-17 05:40:22.065 [info] > git status -z -uall [11ms]
2026-05-17 05:40:22.066 [info] > git for-each-ref --sort -committerdate --format %(refname)%00%(objectname)%00%(*objectname) [1ms]
2026-05-17 05:40:30.008 [info] [Git][getRemotes] No remotes found in the git config file
2026-05-17 05:40:30.009 [info] > git config --get commit.template [15ms]
2026-05-17 05:40:30.009 [info] > git for-each-ref --format=%(refname)%00%(upstream:short)%00%(objectname)%00%(upstream:track)%00%(upstream:remotename)%00%(upstream:remoteref) refs/heads/master refs/remotes/master [1ms]
2026-05-17 05:40:30.040 [info] > git status -z -uall [16ms]
2026-05-17 05:40:30.041 [info] > git for-each-ref --sort -committerdate --format %(refname)%00%(objectname)%00%(*objectname) [2ms]
2026-05-17 05:40:35.075 [info] [Git][getRemotes] No remotes found in the git config file
2026-05-17 05:40:35.076 [info] > git config --get commit.template [17ms]
2026-05-17 05:40:35.076 [info] > git for-each-ref --format=%(refname)%00%(upstream:short)%00%(objectname)%00%(upstream:track)%00%(upstream:remotename)%00%(upstream:remoteref) refs/heads/master refs/remotes/master [1ms]
2026-05-17 05:40:35.105 [info] > git status -z -uall [15ms]
2026-05-17 05:40:35.105 [info] > git for-each-ref --sort -committerdate --format %(refname)%00%(objectname)%00%(*objectname) [1ms]
2026-05-17 05:40:40.139 [info] [Git][getRemotes] No remotes found in the git config file
2026-05-17 05:40:40.139 [info] > git config --get commit.template [15ms]
2026-05-17 05:40:40.140 [info] > git for-each-ref --format=%(refname)%00%(upstream:short)%00%(objectname)%00%(upstream:track)%00%(upstream:remotename)%00%(upstream:remoteref) refs/heads/master refs/remotes/master [1ms]
2026-05-17 05:40:40.170 [info] > git status -z -uall [16ms]
2026-05-17 05:40:40.170 [info] > git for-each-ref --sort -committerdate --format %(refname)%00%(objectname)%00%(*objectname) [1ms]
2026-05-17 05:40:48.937 [info] [Git][getRemotes] No remotes found in the git config file
2026-05-17 05:40:48.937 [info] > git config --get commit.template [15ms]
2026-05-17 05:40:48.938 [info] > git for-each-ref --format=%(refname)%00%(upstream:short)%00%(objectname)%00%(upstream:track)%00%(upstream:remotename)%00%(upstream:remoteref) refs/heads/master refs/remotes/master [1ms]
2026-05-17 05:40:48.967 [info] > git status -z -uall [15ms]
2026-05-17 05:40:48.968 [info] > git for-each-ref --sort -committerdate --format %(refname)%00%(objectname)%00%(*objectname) [1ms]
2026-05-17 05:40:57.769 [info] [Git][getRemotes] No remotes found in the git config file
2026-05-17 05:40:57.769 [info] > git config --get commit.template [16ms]
2026-05-17 05:40:57.770 [info] > git for-each-ref --format=%(refname)%00%(upstream:short)%00%(objectname)%00%(upstream:track)%00%(upstream:remotename)%00%(upstream:remoteref) refs/heads/master refs/remotes/master [1ms]
2026-05-17 05:40:57.802 [info] > git status -z -uall [18ms]
2026-05-17 05:40:57.803 [info] > git for-each-ref --sort -committerdate --format %(refname)%00%(objectname)%00%(*objectname) [1ms]
2026-05-17 05:41:02.839 [info] [Git][getRemotes] No remotes found in the git config file
2026-05-17 05:41:02.840 [info] > git config --get commit.template [16ms]
2026-05-17 05:41:02.840 [info] > git for-each-ref --format=%(refname)%00%(upstream:short)%00%(objectname)%00%(upstream:track)%00%(upstream:remotename)%00%(upstream:remoteref) refs/heads/master refs/remotes/master [1ms]
2026-05-17 05:41:02.871 [info] > git status -z -uall [15ms]
2026-05-17 05:41:02.872 [info] > git for-each-ref --sort -committerdate --format %(refname)%00%(objectname)%00%(*objectname) [1ms]
2026-05-17 05:41:07.905 [info] [Git][getRemotes] No remotes found in the git config file
2026-05-17 05:41:07.906 [info] > git config --get commit.template [16ms]
2026-05-17 05:41:07.907 [info] > git for-each-ref --format=%(refname)%00%(upstream:short)%00%(objectname)%00%(upstream:track)%00%(upstream:remotename)%00%(upstream:remoteref) refs/heads/master refs/remotes/master [1ms]
2026-05-17 05:41:07.937 [info] > git status -z -uall [16ms]
2026-05-17 05:41:07.938 [info] > git for-each-ref --sort -committerdate --format %(refname)%00%(objectname)%00%(*objectname) [1ms]
2026-05-17 05:41:27.941 [info] [Git][getRemotes] No remotes found in the git config file
2026-05-17 05:41:27.942 [info] > git config --get commit.template [15ms]
2026-05-17 05:41:27.942 [info] > git for-each-ref --format=%(refname)%00%(upstream:short)%00%(objectname)%00%(upstream:track)%00%(upstream:remotename)%00%(upstream:remoteref) refs/heads/master refs/remotes/master [1ms]
2026-05-17 05:41:27.971 [info] > git status -z -uall [14ms]
2026-05-17 05:41:27.972 [info] > git for-each-ref --sort -committerdate --format %(refname)%00%(objectname)%00%(*objectname) [1ms]
2026-05-17 05:41:41.775 [info] [Git][getRemotes] No remotes found in the git config file
2026-05-17 05:41:41.775 [info] > git config --get commit.template [16ms]
2026-05-17 05:41:41.776 [info] > git for-each-ref --format=%(refname)%00%(upstream:short)%00%(objectname)%00%(upstream:track)%00%(upstream:remotename)%00%(upstream:remoteref) refs/heads/master refs/remotes/master [1ms]
2026-05-17 05:41:41.807 [info] > git status -z -uall [15ms]
2026-05-17 05:41:41.808 [info] > git for-each-ref --sort -committerdate --format %(refname)%00%(objectname)%00%(*objectname) [1ms]
2026-05-17 05:41:46.840 [info] [Git][getRemotes] No remotes found in the git config file
2026-05-17 05:41:46.841 [info] > git config --get commit.template [15ms]
2026-05-17 05:41:46.841 [info] > git for-each-ref --format=%(refname)%00%(upstream:short)%00%(objectname)%00%(upstream:track)%00%(upstream:remotename)%00%(upstream:remoteref) refs/heads/master refs/remotes/master [1ms]
2026-05-17 05:41:46.871 [info] > git status -z -uall [15ms]
2026-05-17 05:41:46.872 [info] > git for-each-ref --sort -committerdate --format %(refname)%00%(objectname)%00%(*objectname) [2ms]
2026-05-17 05:41:51.890 [info] [Git][getRemotes] No remotes found in the git config file
2026-05-17 05:41:51.904 [info] > git config --get commit.template [14ms]
2026-05-17 05:41:51.905 [info] > git for-each-ref --format=%(refname)%00%(upstream:short)%00%(objectname)%00%(upstream:track)%00%(upstream:remotename)%00%(upstream:remoteref) refs/heads/master refs/remotes/master [1ms]
2026-05-17 05:41:51.936 [info] > git status -z -uall [16ms]
2026-05-17 05:41:51.936 [info] > git for-each-ref --sort -committerdate --format %(refname)%00%(objectname)%00%(*objectname) [1ms]
2026-05-17 05:41:56.970 [info] [Git][getRemotes] No remotes found in the git config file
2026-05-17 05:41:56.971 [info] > git config --get commit.template [16ms]
2026-05-17 05:41:56.972 [info] > git for-each-ref --format=%(refname)%00%(upstream:short)%00%(objectname)%00%(upstream:track)%00%(upstream:remotename)%00%(upstream:remoteref) refs/heads/master refs/remotes/master [2ms]
2026-05-17 05:41:57.001 [info] > git status -z -uall [15ms]
2026-05-17 05:41:57.002 [info] > git for-each-ref --sort -committerdate --format %(refname)%00%(objectname)%00%(*objectname) [1ms]
2026-05-17 05:42:02.035 [info] [Git][getRemotes] No remotes found in the git config file
2026-05-17 05:42:02.035 [info] > git config --get commit.template [15ms]
2026-05-17 05:42:02.035 [info] > git for-each-ref --format=%(refname)%00%(upstream:short)%00%(objectname)%00%(upstream:track)%00%(upstream:remotename)%00%(upstream:remoteref) refs/heads/master refs/remotes/master [1ms]
2026-05-17 05:42:02.065 [info] > git status -z -uall [16ms]
2026-05-17 05:42:02.066 [info] > git for-each-ref --sort -committerdate --format %(refname)%00%(objectname)%00%(*objectname) [2ms]
2026-05-17 05:42:07.098 [info] [Git][getRemotes] No remotes found in the git config file
2026-05-17 05:42:07.098 [info] > git config --get commit.template [15ms]
2026-05-17 05:42:07.098 [info] > git for-each-ref --format=%(refname)%00%(upstream:short)%00%(objectname)%00%(upstream:track)%00%(upstream:remotename)%00%(upstream:remoteref) refs/heads/master refs/remotes/master [1ms]
2026-05-17 05:42:07.125 [info] > git status -z -uall [12ms]
2026-05-17 05:42:07.126 [info] > git for-each-ref --sort -committerdate --format %(refname)%00%(objectname)%00%(*objectname) [2ms]
2026-05-17 05:42:12.157 [info] [Git][getRemotes] No remotes found in the git config file
2026-05-17 05:42:12.157 [info] > git config --get commit.template [14ms]
2026-05-17 05:42:12.157 [info] > git for-each-ref --format=%(refname)%00%(upstream:short)%00%(objectname)%00%(upstream:track)%00%(upstream:remotename)%00%(upstream:remoteref) refs/heads/master refs/remotes/master [1ms]
2026-05-17 05:42:12.187 [info] > git status -z -uall [16ms]
2026-05-17 05:42:12.188 [info] > git for-each-ref --sort -committerdate --format %(refname)%00%(objectname)%00%(*objectname) [2ms]
2026-05-17 05:42:17.220 [info] [Git][getRemotes] No remotes found in the git config file
2026-05-17 05:42:17.221 [info] > git config --get commit.template [16ms]
2026-05-17 05:42:17.221 [info] > git for-each-ref --format=%(refname)%00%(upstream:short)%00%(objectname)%00%(upstream:track)%00%(upstream:remotename)%00%(upstream:remoteref) refs/heads/master refs/remotes/master [1ms]
2026-05-17 05:42:17.250 [info] > git status -z -uall [15ms]
2026-05-17 05:42:17.251 [info] > git for-each-ref --sort -committerdate --format %(refname)%00%(objectname)%00%(*objectname) [2ms]
2026-05-17 05:42:22.274 [info] > git config --get commit.template [4ms]
2026-05-17 05:42:22.274 [info] [Git][getRemotes] No remotes found in the git config file
2026-05-17 05:42:22.290 [info] > git for-each-ref --format=%(refname)%00%(upstream:short)%00%(objectname)%00%(upstream:track)%00%(upstream:remotename)%00%(upstream:remoteref) refs/heads/master refs/remotes/master [1ms]
2026-05-17 05:42:22.319 [info] > git status -z -uall [14ms]
2026-05-17 05:42:22.320 [info] > git for-each-ref --sort -committerdate --format %(refname)%00%(objectname)%00%(*objectname) [1ms]
2026-05-17 05:42:27.341 [info] > git config --get commit.template [2ms]
2026-05-17 05:42:27.355 [info] [Git][getRemotes] No remotes found in the git config file
2026-05-17 05:42:27.356 [info] > git for-each-ref --format=%(refname)%00%(upstream:short)%00%(objectname)%00%(upstream:track)%00%(upstream:remotename)%00%(upstream:remoteref) refs/heads/master refs/remotes/master [1ms]
2026-05-17 05:42:27.385 [info] > git status -z -uall [15ms]
2026-05-17 05:42:27.386 [info] > git for-each-ref --sort -committerdate --format %(refname)%00%(objectname)%00%(*objectname) [2ms]
2026-05-17 05:42:32.406 [info] > git config --get commit.template [1ms]
2026-05-17 05:42:32.419 [info] [Git][getRemotes] No remotes found in the git config file
2026-05-17 05:42:32.420 [info] > git for-each-ref --format=%(refname)%00%(upstream:short)%00%(objectname)%00%(upstream:track)%00%(upstream:remotename)%00%(upstream:remoteref) refs/heads/master refs/remotes/master [1ms]
2026-05-17 05:42:32.449 [info] > git status -z -uall [15ms]
2026-05-17 05:42:32.450 [info] > git for-each-ref --sort -committerdate --format %(refname)%00%(objectname)%00%(*objectname) [2ms]
2026-05-17 05:42:37.483 [info] [Git][getRemotes] No remotes found in the git config file
2026-05-17 05:42:37.483 [info] > git config --get commit.template [15ms]
2026-05-17 05:42:37.484 [info] > git for-each-ref --format=%(refname)%00%(upstream:short)%00%(objectname)%00%(upstream:track)%00%(upstream:remotename)%00%(upstream:remoteref) refs/heads/master refs/remotes/master [2ms]
2026-05-17 05:42:37.514 [info] > git status -z -uall [16ms]
2026-05-17 05:42:37.515 [info] > git for-each-ref --sort -committerdate --format %(refname)%00%(objectname)%00%(*objectname) [2ms]
2026-05-17 05:42:42.762 [info] > git config --get commit.template [2ms]
2026-05-17 05:42:42.776 [info] [Git][getRemotes] No remotes found in the git config file
2026-05-17 05:42:42.777 [info] > git for-each-ref --format=%(refname)%00%(upstream:short)%00%(objectname)%00%(upstream:track)%00%(upstream:remotename)%00%(upstream:remoteref) refs/heads/master refs/remotes/master [1ms]
2026-05-17 05:42:42.808 [info] > git status -z -uall [16ms]
2026-05-17 05:42:42.808 [info] > git for-each-ref --sort -committerdate --format %(refname)%00%(objectname)%00%(*objectname) [1ms]
2026-05-17 05:42:45.434 [info] > git fetch [14ms]
2026-05-17 05:42:45.463 [info] [Git][getRemotes] No remotes found in the git config file
2026-05-17 05:42:45.463 [info] > git config --get commit.template [14ms]
2026-05-17 05:42:45.464 [info] > git for-each-ref --format=%(refname)%00%(upstream:short)%00%(objectname)%00%(upstream:track)%00%(upstream:remotename)%00%(upstream:remoteref) refs/heads/feat/h-factor-os refs/remotes/feat/h-factor-os [1ms]
2026-05-17 05:42:45.494 [info] > git for-each-ref --sort -committerdate --format %(refname)%00%(objectname)%00%(*objectname) [2ms]
2026-05-17 05:42:47.374 [info] > git status -z -uall [1897ms] (cancelled)
2026-05-17 05:43:16.938 [info] [Git][getRemotes] No remotes found in the git config file
2026-05-17 05:43:16.938 [info] > git config --get commit.template [14ms]
2026-05-17 05:43:16.939 [info] > git for-each-ref --format=%(refname)%00%(upstream:short)%00%(objectname)%00%(upstream:track)%00%(upstream:remotename)%00%(upstream:remoteref) refs/heads/master refs/remotes/master [1ms]
2026-05-17 05:43:16.967 [info] > git status -z -uall [14ms]
2026-05-17 05:43:16.967 [info] > git for-each-ref --sort -committerdate --format %(refname)%00%(objectname)%00%(*objectname) [1ms]
2026-05-17 05:43:20.207 [info] > git fetch [4ms]
2026-05-17 05:43:20.237 [info] [Git][getRemotes] No remotes found in the git config file
2026-05-17 05:43:20.237 [info] > git config --get commit.template [14ms]
2026-05-17 05:43:20.237 [info] > git for-each-ref --format=%(refname)%00%(upstream:short)%00%(objectname)%00%(upstream:track)%00%(upstream:remotename)%00%(upstream:remoteref) refs/heads/master refs/remotes/master [1ms]
2026-05-17 05:43:20.266 [info] > git status -z -uall [15ms]
2026-05-17 05:43:20.267 [info] > git for-each-ref --sort -committerdate --format %(refname)%00%(objectname)%00%(*objectname) [2ms]
2026-05-17 05:43:21.998 [info] [Git][getRemotes] No remotes found in the git config file
2026-05-17 05:43:21.999 [info] > git config --get commit.template [15ms]
2026-05-17 05:43:21.999 [info] > git for-each-ref --format=%(refname)%00%(upstream:short)%00%(objectname)%00%(upstream:track)%00%(upstream:remotename)%00%(upstream:remoteref) refs/heads/master refs/remotes/master [1ms]
2026-05-17 05:43:22.027 [info] > git status -z -uall [14ms]
2026-05-17 05:43:22.028 [info] > git for-each-ref --sort -committerdate --format %(refname)%00%(objectname)%00%(*objectname) [2ms]
2026-05-17 05:43:48.939 [info] [Git][getRemotes] No remotes found in the git config file
2026-05-17 05:43:48.940 [info] > git config --get commit.template [16ms]
2026-05-17 05:43:48.940 [info] > git for-each-ref --format=%(refname)%00%(upstream:short)%00%(objectname)%00%(upstream:track)%00%(upstream:remotename)%00%(upstream:remoteref) refs/heads/master refs/remotes/master [1ms]
2026-05-17 05:43:48.970 [info] > git status -z -uall [15ms]
2026-05-17 05:43:48.971 [info] > git for-each-ref --sort -committerdate --format %(refname)%00%(objectname)%00%(*objectname) [2ms]
2026-05-17 05:44:16.937 [info] [Git][getRemotes] No remotes found in the git config file
2026-05-17 05:44:16.938 [info] > git config --get commit.template [16ms]
2026-05-17 05:44:16.938 [info] > git for-each-ref --format=%(refname)%00%(upstream:short)%00%(objectname)%00%(upstream:track)%00%(upstream:remotename)%00%(upstream:remoteref) refs/heads/master refs/remotes/master [1ms]
2026-05-17 05:44:16.967 [info] > git status -z -uall [15ms]
2026-05-17 05:44:16.968 [info] > git for-each-ref --sort -committerdate --format %(refname)%00%(objectname)%00%(*objectname) [2ms]
2026-05-17 05:44:48.681 [info] [Git][getRemotes] No remotes found in the git config file
2026-05-17 05:44:48.682 [info] > git config --get commit.template [15ms]
2026-05-17 05:44:48.682 [info] > git for-each-ref --format=%(refname)%00%(upstream:short)%00%(objectname)%00%(upstream:track)%00%(upstream:remotename)%00%(upstream:remoteref) refs/heads/master refs/remotes/master [1ms]
2026-05-17 05:44:48.711 [info] > git status -z -uall [15ms]
2026-05-17 05:44:48.712 [info] > git for-each-ref --sort -committerdate --format %(refname)%00%(objectname)%00%(*objectname) [1ms]
2026-05-17 05:45:16.993 [info] [Git][getRemotes] No remotes found in the git config file
2026-05-17 05:45:16.994 [info] > git config --get commit.template [16ms]
2026-05-17 05:45:16.994 [info] > git for-each-ref --format=%(refname)%00%(upstream:short)%00%(objectname)%00%(upstream:track)%00%(upstream:remotename)%00%(upstream:remoteref) refs/heads/master refs/remotes/master [1ms]
2026-05-17 05:45:17.023 [info] > git status -z -uall [16ms]
2026-05-17 05:45:17.024 [info] > git for-each-ref --sort -committerdate --format %(refname)%00%(objectname)%00%(*objectname) [1ms]
2026-05-17 05:45:22.055 [info] [Git][getRemotes] No remotes found in the git config file
2026-05-17 05:45:22.056 [info] > git config --get commit.template [15ms]
2026-05-17 05:45:22.056 [info] > git for-each-ref --format=%(refname)%00%(upstream:short)%00%(objectname)%00%(upstream:track)%00%(upstream:remotename)%00%(upstream:remoteref) refs/heads/master refs/remotes/master [1ms]
2026-05-17 05:45:22.085 [info] > git status -z -uall [15ms]
2026-05-17 05:45:22.086 [info] > git for-each-ref --sort -committerdate --format %(refname)%00%(objectname)%00%(*objectname) [2ms]
2026-05-17 05:45:46.717 [info] > git fetch [15ms]
2026-05-17 05:45:46.747 [info] [Git][getRemotes] No remotes found in the git config file
2026-05-17 05:45:46.747 [info] > git config --get commit.template [14ms]
2026-05-17 05:45:46.748 [info] > git for-each-ref --format=%(refname)%00%(upstream:short)%00%(objectname)%00%(upstream:track)%00%(upstream:remotename)%00%(upstream:remoteref) refs/heads/feat/h-factor-os refs/remotes/feat/h-factor-os [1ms]
2026-05-17 05:45:46.780 [info] > git for-each-ref --sort -committerdate --format %(refname)%00%(objectname)%00%(*objectname) [2ms]
2026-05-17 05:45:48.690 [info] > git status -z -uall [1929ms] (cancelled)
2026-05-17 05:46:16.938 [info] [Git][getRemotes] No remotes found in the git config file
2026-05-17 05:46:16.938 [info] > git config --get commit.template [15ms]
2026-05-17 05:46:16.939 [info] > git for-each-ref --format=%(refname)%00%(upstream:short)%00%(objectname)%00%(upstream:track)%00%(upstream:remotename)%00%(upstream:remoteref) refs/heads/master refs/remotes/master [1ms]
2026-05-17 05:46:16.968 [info] > git status -z -uall [16ms]
2026-05-17 05:46:16.969 [info] > git for-each-ref --sort -committerdate --format %(refname)%00%(objectname)%00%(*objectname) [1ms]
2026-05-17 05:46:20.289 [info] > git fetch [5ms]
2026-05-17 05:46:20.319 [info] [Git][getRemotes] No remotes found in the git config file
2026-05-17 05:46:20.320 [info] > git config --get commit.template [17ms]
2026-05-17 05:46:20.320 [info] > git for-each-ref --format=%(refname)%00%(upstream:short)%00%(objectname)%00%(upstream:track)%00%(upstream:remotename)%00%(upstream:remoteref) refs/heads/master refs/remotes/master [1ms]
2026-05-17 05:46:20.349 [info] > git status -z -uall [15ms]
2026-05-17 05:46:20.350 [info] > git for-each-ref --sort -committerdate --format %(refname)%00%(objectname)%00%(*objectname) [1ms]
2026-05-17 05:46:22.003 [info] [Git][getRemotes] No remotes found in the git config file
2026-05-17 05:46:22.004 [info] > git config --get commit.template [16ms]
2026-05-17 05:46:22.005 [info] > git for-each-ref --format=%(refname)%00%(upstream:short)%00%(objectname)%00%(upstream:track)%00%(upstream:remotename)%00%(upstream:remoteref) refs/heads/master refs/remotes/master [1ms]
2026-05-17 05:46:22.036 [info] > git status -z -uall [17ms]
2026-05-17 05:46:22.037 [info] > git for-each-ref --sort -committerdate --format %(refname)%00%(objectname)%00%(*objectname) [2ms]
2026-05-17 05:46:48.940 [info] [Git][getRemotes] No remotes found in the git config file
2026-05-17 05:46:48.941 [info] > git config --get commit.template [17ms]
2026-05-17 05:46:48.941 [info] > git for-each-ref --format=%(refname)%00%(upstream:short)%00%(objectname)%00%(upstream:track)%00%(upstream:remotename)%00%(upstream:remoteref) refs/heads/master refs/remotes/master [1ms]
2026-05-17 05:46:48.972 [info] > git status -z -uall [16ms]
2026-05-17 05:46:48.973 [info] > git for-each-ref --sort -committerdate --format %(refname)%00%(objectname)%00%(*objectname) [1ms]
2026-05-17 05:47:16.937 [info] [Git][getRemotes] No remotes found in the git config file
2026-05-17 05:47:16.939 [info] > git for-each-ref --format=%(refname)%00%(upstream:short)%00%(objectname)%00%(upstream:track)%00%(upstream:remotename)%00%(upstream:remoteref) refs/heads/master refs/remotes/master [2ms]
2026-05-17 05:47:16.939 [info] > git config --get commit.template [17ms]
2026-05-17 05:47:16.969 [info] > git status -z -uall [15ms]
2026-05-17 05:47:16.969 [info] > git for-each-ref --sort -committerdate --format %(refname)%00%(objectname)%00%(*objectname) [1ms]
2026-05-17 05:47:48.631 [info] [Git][getRemotes] No remotes found in the git config file
2026-05-17 05:47:48.632 [info] > git config --get commit.template [16ms]
2026-05-17 05:47:48.632 [info] > git for-each-ref --format=%(refname)%00%(upstream:short)%00%(objectname)%00%(upstream:track)%00%(upstream:remotename)%00%(upstream:remoteref) refs/heads/master refs/remotes/master [1ms]
2026-05-17 05:47:48.662 [info] > git status -z -uall [16ms]
2026-05-17 05:47:48.663 [info] > git for-each-ref --sort -committerdate --format %(refname)%00%(objectname)%00%(*objectname) [1ms]
2026-05-17 05:48:08.586 [info] [Git][getRemotes] No remotes found in the git config file
2026-05-17 05:48:08.587 [info] > git config --get commit.template [14ms]
2026-05-17 05:48:08.588 [info] > git for-each-ref --format=%(refname)%00%(upstream:short)%00%(objectname)%00%(upstream:track)%00%(upstream:remotename)%00%(upstream:remoteref) refs/heads/master refs/remotes/master [2ms]
2026-05-17 05:48:08.611 [info] > git status -z -uall [14ms]
2026-05-17 05:48:08.612 [info] > git for-each-ref --sort -committerdate --format %(refname)%00%(objectname)%00%(*objectname) [1ms]
2026-05-17 05:48:13.631 [info] [Git][getRemotes] No remotes found in the git config file
2026-05-17 05:48:13.645 [info] > git config --get commit.template [14ms]
2026-05-17 05:48:13.646 [info] > git for-each-ref --format=%(refname)%00%(upstream:short)%00%(objectname)%00%(upstream:track)%00%(upstream:remotename)%00%(upstream:remoteref) refs/heads/master refs/remotes/master [1ms]
2026-05-17 05:48:13.675 [info] > git status -z -uall [16ms]
2026-05-17 05:48:13.676 [info] > git for-each-ref --sort -committerdate --format %(refname)%00%(objectname)%00%(*objectname) [2ms]
2026-05-17 05:48:18.708 [info] [Git][getRemotes] No remotes found in the git config file
2026-05-17 05:48:18.708 [info] > git config --get commit.template [14ms]
2026-05-17 05:48:18.709 [info] > git for-each-ref --format=%(refname)%00%(upstream:short)%00%(objectname)%00%(upstream:track)%00%(upstream:remotename)%00%(upstream:remoteref) refs/heads/master refs/remotes/master [2ms]
2026-05-17 05:48:18.737 [info] > git status -z -uall [15ms]
2026-05-17 05:48:18.738 [info] > git for-each-ref --sort -committerdate --format %(refname)%00%(objectname)%00%(*objectname) [2ms]
2026-05-17 05:48:23.773 [info] [Git][getRemotes] No remotes found in the git config file
2026-05-17 05:48:23.774 [info] > git config --get commit.template [16ms]
2026-05-17 05:48:23.774 [info] > git for-each-ref --format=%(refname)%00%(upstream:short)%00%(objectname)%00%(upstream:track)%00%(upstream:remotename)%00%(upstream:remoteref) refs/heads/master refs/remotes/master [1ms]
2026-05-17 05:48:23.805 [info] > git status -z -uall [16ms]
2026-05-17 05:48:23.806 [info] > git for-each-ref --sort -committerdate --format %(refname)%00%(objectname)%00%(*objectname) [2ms]
2026-05-17 05:48:28.828 [info] > git config --get commit.template [1ms]
2026-05-17 05:48:28.845 [info] [Git][getRemotes] No remotes found in the git config file
2026-05-17 05:48:28.846 [info] > git for-each-ref --format=%(refname)%00%(upstream:short)%00%(objectname)%00%(upstream:track)%00%(upstream:remotename)%00%(upstream:remoteref) refs/heads/master refs/remotes/master [1ms]
2026-05-17 05:48:28.878 [info] > git status -z -uall [15ms]
2026-05-17 05:48:28.879 [info] > git for-each-ref --sort -committerdate --format %(refname)%00%(objectname)%00%(*objectname) [1ms]
2026-05-17 05:48:33.911 [info] [Git][getRemotes] No remotes found in the git config file
2026-05-17 05:48:33.911 [info] > git config --get commit.template [14ms]
2026-05-17 05:48:33.912 [info] > git for-each-ref --format=%(refname)%00%(upstream:short)%00%(objectname)%00%(upstream:track)%00%(upstream:remotename)%00%(upstream:remoteref) refs/heads/master refs/remotes/master [2ms]
2026-05-17 05:48:33.940 [info] > git status -z -uall [15ms]
2026-05-17 05:48:33.940 [info] > git for-each-ref --sort -committerdate --format %(refname)%00%(objectname)%00%(*objectname) [1ms]
2026-05-17 05:48:39.740 [info] > git config --get commit.template [2ms]
2026-05-17 05:48:39.754 [info] [Git][getRemotes] No remotes found in the git config file
2026-05-17 05:48:39.755 [info] > git for-each-ref --format=%(refname)%00%(upstream:short)%00%(objectname)%00%(upstream:track)%00%(upstream:remotename)%00%(upstream:remoteref) refs/heads/master refs/remotes/master [1ms]
2026-05-17 05:48:39.784 [info] > git status -z -uall [15ms]
2026-05-17 05:48:39.785 [info] > git for-each-ref --sort -committerdate --format %(refname)%00%(objectname)%00%(*objectname) [2ms]
2026-05-17 05:48:44.805 [info] > git config --get commit.template [2ms]
2026-05-17 05:48:44.820 [info] > git for-each-ref --format=%(refname)%00%(upstream:short)%00%(objectname)%00%(upstream:track)%00%(upstream:remotename)%00%(upstream:remoteref) refs/heads/master refs/remotes/master [2ms]
2026-05-17 05:48:44.843 [info] > git status -z -uall [12ms]
2026-05-17 05:48:44.844 [info] > git for-each-ref --sort -committerdate --format %(refname)%00%(objectname)%00%(*objectname) [3ms]
2026-05-17 05:48:48.002 [info] > git fetch [13ms]
2026-05-17 05:48:48.032 [info] [Git][getRemotes] No remotes found in the git config file
2026-05-17 05:48:48.033 [info] > git config --get commit.template [14ms]
2026-05-17 05:48:48.033 [info] > git for-each-ref --format=%(refname)%00%(upstream:short)%00%(objectname)%00%(upstream:track)%00%(upstream:remotename)%00%(upstream:remoteref) refs/heads/feat/h-factor-os refs/remotes/feat/h-factor-os [1ms]
2026-05-17 05:48:48.064 [info] > git for-each-ref --sort -committerdate --format %(refname)%00%(objectname)%00%(*objectname) [2ms]
2026-05-17 05:48:50.060 [info] > git status -z -uall [2013ms] (cancelled)
2026-05-17 05:48:50.093 [info] > git config --get commit.template [15ms]
2026-05-17 05:48:50.094 [info] > git for-each-ref --format=%(refname)%00%(upstream:short)%00%(objectname)%00%(upstream:track)%00%(upstream:remotename)%00%(upstream:remoteref) refs/heads/master refs/remotes/master [2ms]
2026-05-17 05:48:50.122 [info] > git status -z -uall [14ms]
2026-05-17 05:48:50.123 [info] > git for-each-ref --sort -committerdate --format %(refname)%00%(objectname)%00%(*objectname) [1ms]
2026-05-17 05:48:55.165 [info] > git config --get commit.template [20ms]
2026-05-17 05:48:55.165 [info] > git for-each-ref --format=%(refname)%00%(upstream:short)%00%(objectname)%00%(upstream:track)%00%(upstream:remotename)%00%(upstream:remoteref) refs/heads/master refs/remotes/master [1ms]
2026-05-17 05:48:55.212 [info] > git status -z -uall [24ms]
2026-05-17 05:48:55.213 [info] > git for-each-ref --sort -committerdate --format %(refname)%00%(objectname)%00%(*objectname) [2ms]
2026-05-17 05:49:16.949 [info] > git config --get commit.template [19ms]
2026-05-17 05:49:16.950 [info] > git for-each-ref --format=%(refname)%00%(upstream:short)%00%(objectname)%00%(upstream:track)%00%(upstream:remotename)%00%(upstream:remoteref) refs/heads/master refs/remotes/master [1ms]
2026-05-17 05:49:16.986 [info] > git status -z -uall [19ms]
2026-05-17 05:49:16.986 [info] > git for-each-ref --sort -committerdate --format %(refname)%00%(objectname)%00%(*objectname) [1ms]
2026-05-17 05:49:21.099 [info] > git fetch [731ms]
2026-05-17 05:49:21.129 [info] > git config --get commit.template [14ms]
2026-05-17 05:49:21.129 [info] > git for-each-ref --format=%(refname)%00%(upstream:short)%00%(objectname)%00%(upstream:track)%00%(upstream:remotename)%00%(upstream:remoteref) refs/heads/master refs/remotes/master [1ms]
2026-05-17 05:49:21.159 [info] > git status -z -uall [15ms]
2026-05-17 05:49:21.160 [info] > git for-each-ref --sort -committerdate --format %(refname)%00%(objectname)%00%(*objectname) [1ms]
2026-05-17 05:49:25.761 [info] > git config --get commit.template [15ms]
2026-05-17 05:49:25.761 [info] > git for-each-ref --format=%(refname)%00%(upstream:short)%00%(objectname)%00%(upstream:track)%00%(upstream:remotename)%00%(upstream:remoteref) refs/heads/master refs/remotes/master [1ms]
2026-05-17 05:49:25.792 [info] > git status -z -uall [16ms]
2026-05-17 05:49:25.793 [info] > git for-each-ref --sort -committerdate --format %(refname)%00%(objectname)%00%(*objectname) [1ms]
2026-05-17 05:49:30.826 [info] > git config --get commit.template [15ms]
2026-05-17 05:49:30.827 [info] > git for-each-ref --format=%(refname)%00%(upstream:short)%00%(objectname)%00%(upstream:track)%00%(upstream:remotename)%00%(upstream:remoteref) refs/heads/master refs/remotes/master [1ms]
2026-05-17 05:49:30.858 [info] > git status -z -uall [14ms]
2026-05-17 05:49:30.859 [info] > git for-each-ref --sort -committerdate --format %(refname)%00%(objectname)%00%(*objectname) [1ms]
2026-05-17 05:49:35.892 [info] > git config --get commit.template [15ms]
2026-05-17 05:49:35.892 [info] > git for-each-ref --format=%(refname)%00%(upstream:short)%00%(objectname)%00%(upstream:track)%00%(upstream:remotename)%00%(upstream:remoteref) refs/heads/master refs/remotes/master [1ms]
2026-05-17 05:49:35.921 [info] > git status -z -uall [15ms]
2026-05-17 05:49:35.922 [info] > git for-each-ref --sort -committerdate --format %(refname)%00%(objectname)%00%(*objectname) [2ms]
2026-05-17 05:49:40.942 [info] > git config --get commit.template [1ms]
2026-05-17 05:49:40.959 [info] > git for-each-ref --format=%(refname)%00%(upstream:short)%00%(objectname)%00%(upstream:track)%00%(upstream:remotename)%00%(upstream:remoteref) refs/heads/master refs/remotes/master [2ms]
2026-05-17 05:49:40.989 [info] > git status -z -uall [16ms]
2026-05-17 05:49:40.990 [info] > git for-each-ref --sort -committerdate --format %(refname)%00%(objectname)%00%(*objectname) [1ms]
2026-05-17 05:49:46.024 [info] > git config --get commit.template [14ms]
2026-05-17 05:49:46.025 [info] > git for-each-ref --format=%(refname)%00%(upstream:short)%00%(objectname)%00%(upstream:track)%00%(upstream:remotename)%00%(upstream:remoteref) refs/heads/master refs/remotes/master [1ms]
2026-05-17 05:49:46.054 [info] > git status -z -uall [15ms]
2026-05-17 05:49:46.055 [info] > git for-each-ref --sort -committerdate --format %(refname)%00%(objectname)%00%(*objectname) [1ms]
2026-05-17 05:49:51.088 [info] > git config --get commit.template [15ms]
2026-05-17 05:49:51.088 [info] > git for-each-ref --format=%(refname)%00%(upstream:short)%00%(objectname)%00%(upstream:track)%00%(upstream:remotename)%00%(upstream:remoteref) refs/heads/master refs/remotes/master [1ms]
2026-05-17 05:49:51.117 [info] > git status -z -uall [15ms]
2026-05-17 05:49:51.118 [info] > git for-each-ref --sort -committerdate --format %(refname)%00%(objectname)%00%(*objectname) [1ms]
2026-05-17 05:49:56.154 [info] > git config --get commit.template [16ms]
2026-05-17 05:49:56.155 [info] > git for-each-ref --format=%(refname)%00%(upstream:short)%00%(objectname)%00%(upstream:track)%00%(upstream:remotename)%00%(upstream:remoteref) refs/heads/master refs/remotes/master [2ms]
2026-05-17 05:49:56.185 [info] > git status -z -uall [16ms]
2026-05-17 05:49:56.186 [info] > git for-each-ref --sort -committerdate --format %(refname)%00%(objectname)%00%(*objectname) [2ms]
2026-05-17 05:50:16.942 [info] > git config --get commit.template [16ms]
2026-05-17 05:50:16.943 [info] > git for-each-ref --format=%(refname)%00%(upstream:short)%00%(objectname)%00%(upstream:track)%00%(upstream:remotename)%00%(upstream:remoteref) refs/heads/master refs/remotes/master [1ms]
2026-05-17 05:50:16.973 [info] > git status -z -uall [15ms]
2026-05-17 05:50:16.974 [info] > git for-each-ref --sort -committerdate --format %(refname)%00%(objectname)%00%(*objectname) [2ms]
2026-05-17 05:50:22.972 [info] > git config --get commit.template [16ms]
2026-05-17 05:50:22.973 [info] > git for-each-ref --format=%(refname)%00%(upstream:short)%00%(objectname)%00%(upstream:track)%00%(upstream:remotename)%00%(upstream:remoteref) refs/heads/master refs/remotes/master [2ms]
2026-05-17 05:50:23.003 [info] > git status -z -uall [16ms]
2026-05-17 05:50:23.004 [info] > git for-each-ref --sort -committerdate --format %(refname)%00%(objectname)%00%(*objectname) [2ms]
2026-05-17 05:50:35.444 [info] > git config --get commit.template [15ms]
2026-05-17 05:50:35.445 [info] > git for-each-ref --format=%(refname)%00%(upstream:short)%00%(objectname)%00%(upstream:track)%00%(upstream:remotename)%00%(upstream:remoteref) refs/heads/master refs/remotes/master [1ms]
2026-05-17 05:50:35.475 [info] > git status -z -uall [15ms]
2026-05-17 05:50:35.476 [info] > git for-each-ref --sort -committerdate --format %(refname)%00%(objectname)%00%(*objectname) [1ms]
2026-05-17 05:50:40.502 [info] > git config --get commit.template [12ms]
2026-05-17 05:50:40.502 [info] > git for-each-ref --format=%(refname)%00%(upstream:short)%00%(objectname)%00%(upstream:track)%00%(upstream:remotename)%00%(upstream:remoteref) refs/heads/clean-master refs/remotes/clean-master [1ms]
2026-05-17 05:50:40.503 [warning] [Git][getBranch] No such branch: clean-master
2026-05-17 05:50:40.533 [info] > git status -z -uall [13ms]
2026-05-17 05:50:40.535 [info] > git for-each-ref --sort -committerdate --format %(refname)%00%(objectname)%00%(*objectname) [3ms]
2026-05-17 05:50:40.554 [info] > git for-each-ref --format=%(refname)%00%(upstream:short)%00%(objectname)%00%(upstream:track)%00%(upstream:remotename)%00%(upstream:remoteref) refs/heads/clean-master refs/remotes/clean-master [2ms]
2026-05-17 05:50:40.555 [warning] [Git][getBranch] No such branch: clean-master
2026-05-17 05:50:40.555 [error] [GitHistoryProvider][resolveHEADMergeBase] Failed to resolve merge base for clean-master: Error: No such branch: clean-master.
2026-05-17 05:50:45.585 [info] > git config --get commit.template [15ms]
2026-05-17 05:50:45.586 [info] > git for-each-ref --format=%(refname)%00%(upstream:short)%00%(objectname)%00%(upstream:track)%00%(upstream:remotename)%00%(upstream:remoteref) refs/heads/clean-master refs/remotes/clean-master [1ms]
2026-05-17 05:50:45.586 [warning] [Git][getBranch] No such branch: clean-master
2026-05-17 05:50:45.615 [info] > git status -z -uall [16ms]
2026-05-17 05:50:45.617 [info] > git for-each-ref --sort -committerdate --format %(refname)%00%(objectname)%00%(*objectname) [3ms]
2026-05-17 05:50:50.654 [info] > git config --get commit.template [14ms]
2026-05-17 05:50:50.655 [info] > git for-each-ref --format=%(refname)%00%(upstream:short)%00%(objectname)%00%(upstream:track)%00%(upstream:remotename)%00%(upstream:remoteref) refs/heads/clean-master refs/remotes/clean-master [1ms]
2026-05-17 05:50:50.655 [warning] [Git][getBranch] No such branch: clean-master
2026-05-17 05:50:50.683 [info] > git status -z -uall [15ms]
2026-05-17 05:50:50.686 [info] > git for-each-ref --sort -committerdate --format %(refname)%00%(objectname)%00%(*objectname) [3ms]
2026-05-17 05:50:55.724 [info] > git config --get commit.template [15ms]
2026-05-17 05:50:55.725 [info] > git for-each-ref --format=%(refname)%00%(upstream:short)%00%(objectname)%00%(upstream:track)%00%(upstream:remotename)%00%(upstream:remoteref) refs/heads/clean-master refs/remotes/clean-master [2ms]
2026-05-17 05:50:55.757 [info] > git status -z -uall [16ms]
2026-05-17 05:50:55.758 [info] > git for-each-ref --sort -committerdate --format %(refname)%00%(objectname)%00%(*objectname) [1ms]
2026-05-17 05:51:00.794 [info] > git config --get commit.template [15ms]
2026-05-17 05:51:00.795 [info] > git for-each-ref --format=%(refname)%00%(upstream:short)%00%(objectname)%00%(upstream:track)%00%(upstream:remotename)%00%(upstream:remoteref) refs/heads/clean-master refs/remotes/clean-master [2ms]
2026-05-17 05:51:00.825 [info] > git status -z -uall [15ms]
2026-05-17 05:51:00.826 [info] > git for-each-ref --sort -committerdate --format %(refname)%00%(objectname)%00%(*objectname) [1ms]
2026-05-17 05:51:05.860 [info] > git config --get commit.template [15ms]
2026-05-17 05:51:05.863 [info] > git for-each-ref --format=%(refname)%00%(upstream:short)%00%(objectname)%00%(upstream:track)%00%(upstream:remotename)%00%(upstream:remoteref) refs/heads/master refs/remotes/master [4ms]
2026-05-17 05:51:05.896 [info] > git status -z -uall [16ms]
2026-05-17 05:51:05.896 [info] > git for-each-ref --sort -committerdate --format %(refname)%00%(objectname)%00%(*objectname) [1ms]
2026-05-17 05:51:05.916 [info] > git for-each-ref --format=%(refname)%00%(upstream:short)%00%(objectname)%00%(upstream:track)%00%(upstream:remotename)%00%(upstream:remoteref) refs/heads/master refs/remotes/master [1ms]
2026-05-17 05:51:05.930 [info] > git config --get --local branch.master.vscode-merge-base [2ms]
2026-05-17 05:51:05.930 [warning] [Git][config] git config failed: Failed to execute git
2026-05-17 05:51:05.943 [info] > git reflog master --grep-reflog=branch: Created from *. [2ms]
2026-05-17 05:51:05.957 [info] > git symbolic-ref --short refs/remotes/origin/HEAD [1ms]
2026-05-17 05:51:05.957 [info] fatal: ref refs/remotes/origin/HEAD is not a symbolic ref
2026-05-17 05:51:05.957 [warning] [Repository][getDefaultBranch] Failed to get default branch details: Failed to execute git.
2026-05-17 05:51:05.970 [info] > git merge-base refs/heads/master refs/remotes/origin/master [1ms]
2026-05-17 05:51:05.984 [info] > git diff --name-status -z --diff-filter=ADMR --find-renames=50% 3df875d846cba0fa24b893d69435df3f1ff41535...refs/remotes/origin/master -- [1ms]
2026-05-17 05:51:10.948 [info] > git config --get commit.template [15ms]
2026-05-17 05:51:10.948 [info] > git for-each-ref --format=%(refname)%00%(upstream:short)%00%(objectname)%00%(upstream:track)%00%(upstream:remotename)%00%(upstream:remoteref) refs/heads/master refs/remotes/master [1ms]
2026-05-17 05:51:10.978 [info] > git status -z -uall [15ms]
2026-05-17 05:51:10.979 [info] > git for-each-ref --sort -committerdate --format %(refname)%00%(objectname)%00%(*objectname) [1ms]
2026-05-17 05:51:16.012 [info] > git config --get commit.template [15ms]
2026-05-17 05:51:16.013 [info] > git for-each-ref --format=%(refname)%00%(upstream:short)%00%(objectname)%00%(upstream:track)%00%(upstream:remotename)%00%(upstream:remoteref) refs/heads/master refs/remotes/master [2ms]
2026-05-17 05:51:16.042 [info] > git status -z -uall [15ms]
2026-05-17 05:51:16.043 [info] > git for-each-ref --sort -committerdate --format %(refname)%00%(objectname)%00%(*objectname) [1ms]
2026-05-17 05:51:21.078 [info] > git config --get commit.template [15ms]
2026-05-17 05:51:21.079 [info] > git for-each-ref --format=%(refname)%00%(upstream:short)%00%(objectname)%00%(upstream:track)%00%(upstream:remotename)%00%(upstream:remoteref) refs/heads/master refs/remotes/master [1ms]
2026-05-17 05:51:21.108 [info] > git status -z -uall [15ms]
2026-05-17 05:51:21.109 [info] > git for-each-ref --sort -committerdate --format %(refname)%00%(objectname)%00%(*objectname) [1ms]
2026-05-17 05:51:49.309 [info] > git fetch [14ms]
2026-05-17 05:51:49.325 [info] [Git][getRemotes] No remotes found in the git config file
2026-05-17 05:51:49.340 [info] > git config --get commit.template [16ms]
2026-05-17 05:51:49.340 [info] > git for-each-ref --format=%(refname)%00%(upstream:short)%00%(objectname)%00%(upstream:track)%00%(upstream:remotename)%00%(upstream:remoteref) refs/heads/feat/h-factor-os refs/remotes/feat/h-factor-os [2ms]
2026-05-17 05:51:49.372 [info] > git for-each-ref --sort -committerdate --format %(refname)%00%(objectname)%00%(*objectname) [2ms]
2026-05-17 05:51:51.324 [info] > git status -z -uall [1970ms] (cancelled)
2026-05-17 05:52:16.942 [info] > git config --get commit.template [16ms]
2026-05-17 05:52:16.943 [info] > git for-each-ref --format=%(refname)%00%(upstream:short)%00%(objectname)%00%(upstream:track)%00%(upstream:remotename)%00%(upstream:remoteref) refs/heads/master refs/remotes/master [1ms]
2026-05-17 05:52:16.975 [info] > git status -z -uall [18ms]
2026-05-17 05:52:16.975 [info] > git for-each-ref --sort -committerdate --format %(refname)%00%(objectname)%00%(*objectname) [3ms]
2026-05-17 05:52:21.917 [info] > git fetch [739ms]
2026-05-17 05:52:21.947 [info] > git config --get commit.template [15ms]
2026-05-17 05:52:21.947 [info] > git for-each-ref --format=%(refname)%00%(upstream:short)%00%(objectname)%00%(upstream:track)%00%(upstream:remotename)%00%(upstream:remoteref) refs/heads/master refs/remotes/master [1ms]
2026-05-17 05:52:21.981 [info] > git status -z -uall [17ms]
2026-05-17 05:52:21.982 [info] > git for-each-ref --sort -committerdate --format %(refname)%00%(objectname)%00%(*objectname) [3ms]
2026-05-17 05:52:23.140 [info] > git config --get commit.template [15ms]
2026-05-17 05:52:23.140 [info] > git for-each-ref --format=%(refname)%00%(upstream:short)%00%(objectname)%00%(upstream:track)%00%(upstream:remotename)%00%(upstream:remoteref) refs/heads/master refs/remotes/master [1ms]
2026-05-17 05:52:23.170 [info] > git status -z -uall [15ms]
2026-05-17 05:52:23.170 [info] > git for-each-ref --sort -committerdate --format %(refname)%00%(objectname)%00%(*objectname) [1ms]
2026-05-17 05:52:48.942 [info] > git config --get commit.template [15ms]
2026-05-17 05:52:48.942 [info] > git for-each-ref --format=%(refname)%00%(upstream:short)%00%(objectname)%00%(upstream:track)%00%(upstream:remotename)%00%(upstream:remoteref) refs/heads/master refs/remotes/master [1ms]
2026-05-17 05:52:48.972 [info] > git status -z -uall [15ms]
2026-05-17 05:52:48.973 [info] > git for-each-ref --sort -committerdate --format %(refname)%00%(objectname)%00%(*objectname) [1ms]
2026-05-17 05:53:14.329 [info] > git config --get commit.template [14ms]
2026-05-17 05:53:14.330 [info] > git for-each-ref --format=%(refname)%00%(upstream:short)%00%(objectname)%00%(upstream:track)%00%(upstream:remotename)%00%(upstream:remoteref) refs/heads/master refs/remotes/master [1ms]
2026-05-17 05:53:14.361 [info] > git status -z -uall [17ms]
2026-05-17 05:53:14.362 [info] > git for-each-ref --sort -committerdate --format %(refname)%00%(objectname)%00%(*objectname) [2ms]
2026-05-17 05:53:19.397 [info] > git config --get commit.template [15ms]
2026-05-17 05:53:19.398 [info] > git for-each-ref --format=%(refname)%00%(upstream:short)%00%(objectname)%00%(upstream:track)%00%(upstream:remotename)%00%(upstream:remoteref) refs/heads/master refs/remotes/master [2ms]
2026-05-17 05:53:19.426 [info] > git status -z -uall [15ms]
2026-05-17 05:53:19.427 [info] > git for-each-ref --sort -committerdate --format %(refname)%00%(objectname)%00%(*objectname) [2ms]
2026-05-17 05:53:24.447 [info] > git config --get commit.template [2ms]
2026-05-17 05:53:24.463 [info] > git for-each-ref --format=%(refname)%00%(upstream:short)%00%(objectname)%00%(upstream:track)%00%(upstream:remotename)%00%(upstream:remoteref) refs/heads/master refs/remotes/master [2ms]
2026-05-17 05:53:24.496 [info] > git status -z -uall [19ms]
2026-05-17 05:53:24.496 [info] > git for-each-ref --sort -committerdate --format %(refname)%00%(objectname)%00%(*objectname) [5ms]
2026-05-17 05:53:50.280 [info] > git config --get commit.template [15ms]
2026-05-17 05:53:50.280 [info] > git for-each-ref --format=%(refname)%00%(upstream:short)%00%(objectname)%00%(upstream:track)%00%(upstream:remotename)%00%(upstream:remoteref) refs/heads/master refs/remotes/master [1ms]
2026-05-17 05:53:50.310 [info] > git status -z -uall [15ms]
2026-05-17 05:53:50.311 [info] > git for-each-ref --sort -committerdate --format %(refname)%00%(objectname)%00%(*objectname) [1ms]
2026-05-17 05:54:16.943 [info] > git config --get commit.template [16ms]
2026-05-17 05:54:16.944 [info] > git for-each-ref --format=%(refname)%00%(upstream:short)%00%(objectname)%00%(upstream:track)%00%(upstream:remotename)%00%(upstream:remoteref) refs/heads/master refs/remotes/master [2ms]
2026-05-17 05:54:16.976 [info] > git status -z -uall [17ms]
2026-05-17 05:54:16.977 [info] > git for-each-ref --sort -committerdate --format %(refname)%00%(objectname)%00%(*objectname) [1ms]
2026-05-17 05:54:22.014 [info] > git config --get commit.template [16ms]
2026-05-17 05:54:22.014 [info] > git for-each-ref --format=%(refname)%00%(upstream:short)%00%(objectname)%00%(upstream:track)%00%(upstream:remotename)%00%(upstream:remoteref) refs/heads/master refs/remotes/master [1ms]
2026-05-17 05:54:22.044 [info] > git status -z -uall [15ms]
2026-05-17 05:54:22.045 [info] > git for-each-ref --sort -committerdate --format %(refname)%00%(objectname)%00%(*objectname) [1ms]
2026-05-17 05:54:30.949 [info] > git config --get commit.template [15ms]
2026-05-17 05:54:30.949 [info] > git for-each-ref --format=%(refname)%00%(upstream:short)%00%(objectname)%00%(upstream:track)%00%(upstream:remotename)%00%(upstream:remoteref) refs/heads/master refs/remotes/master [1ms]
2026-05-17 05:54:30.980 [info] > git status -z -uall [15ms]
2026-05-17 05:54:30.981 [info] > git for-each-ref --sort -committerdate --format %(refname)%00%(objectname)%00%(*objectname) [2ms]
2026-05-17 05:54:50.616 [info] > git fetch [14ms]
2026-05-17 05:54:50.641 [info] [Git][getRemotes] No remotes found in the git config file
2026-05-17 05:54:50.642 [info] > git config --get commit.template [13ms]
2026-05-17 05:54:50.642 [info] > git for-each-ref --format=%(refname)%00%(upstream:short)%00%(objectname)%00%(upstream:track)%00%(upstream:remotename)%00%(upstream:remoteref) refs/heads/feat/h-factor-os refs/remotes/feat/h-factor-os [1ms]
2026-05-17 05:54:50.675 [info] > git for-each-ref --sort -committerdate --format %(refname)%00%(objectname)%00%(*objectname) [2ms]
2026-05-17 05:54:52.778 [info] > git status -z -uall [2122ms] (cancelled)
2026-05-17 05:55:16.943 [info] > git config --get commit.template [15ms]
2026-05-17 05:55:16.943 [info] > git for-each-ref --format=%(refname)%00%(upstream:short)%00%(objectname)%00%(upstream:track)%00%(upstream:remotename)%00%(upstream:remoteref) refs/heads/master refs/remotes/master [1ms]
2026-05-17 05:55:16.973 [info] > git status -z -uall [15ms]
2026-05-17 05:55:16.974 [info] > git for-each-ref --sort -committerdate --format %(refname)%00%(objectname)%00%(*objectname) [1ms]
2026-05-17 05:55:22.776 [info] > git fetch [777ms]
2026-05-17 05:55:22.810 [info] > git for-each-ref --format=%(refname)%00%(upstream:short)%00%(objectname)%00%(upstream:track)%00%(upstream:remotename)%00%(upstream:remoteref) refs/heads/master refs/remotes/master [6ms]
2026-05-17 05:55:22.810 [info] > git config --get commit.template [19ms]
2026-05-17 05:55:22.842 [info] > git status -z -uall [16ms]
2026-05-17 05:55:22.842 [info] > git for-each-ref --sort -committerdate --format %(refname)%00%(objectname)%00%(*objectname) [2ms]
2026-05-17 05:55:23.864 [info] > git config --get commit.template [2ms]
2026-05-17 05:55:23.880 [info] > git for-each-ref --format=%(refname)%00%(upstream:short)%00%(objectname)%00%(upstream:track)%00%(upstream:remotename)%00%(upstream:remoteref) refs/heads/master refs/remotes/master [2ms]
2026-05-17 05:55:23.910 [info] > git status -z -uall [16ms]
2026-05-17 05:55:23.910 [info] > git for-each-ref --sort -committerdate --format %(refname)%00%(objectname)%00%(*objectname) [1ms]
2026-05-17 05:55:45.620 [info] > git config --get commit.template [14ms]
2026-05-17 05:55:45.620 [info] > git for-each-ref --format=%(refname)%00%(upstream:short)%00%(objectname)%00%(upstream:track)%00%(upstream:remotename)%00%(upstream:remoteref) refs/heads/master refs/remotes/master [1ms]
2026-05-17 05:55:45.650 [info] > git status -z -uall [16ms]
2026-05-17 05:55:45.651 [info] > git for-each-ref --sort -committerdate --format %(refname)%00%(objectname)%00%(*objectname) [2ms]
2026-05-17 05:55:50.685 [info] > git config --get commit.template [16ms]
2026-05-17 05:55:50.685 [info] > git for-each-ref --format=%(refname)%00%(upstream:short)%00%(objectname)%00%(upstream:track)%00%(upstream:remotename)%00%(upstream:remoteref) refs/heads/master refs/remotes/master [1ms]
2026-05-17 05:55:50.717 [info] > git status -z -uall [17ms]
2026-05-17 05:55:50.717 [info] > git for-each-ref --sort -committerdate --format %(refname)%00%(objectname)%00%(*objectname) [2ms]
2026-05-17 05:56:17.341 [info] > git config --get commit.template [1ms]
2026-05-17 05:56:17.356 [info] > git for-each-ref --format=%(refname)%00%(upstream:short)%00%(objectname)%00%(upstream:track)%00%(upstream:remotename)%00%(upstream:remoteref) refs/heads/master refs/remotes/master [1ms]
2026-05-17 05:56:17.385 [info] > git status -z -uall [15ms]
2026-05-17 05:56:17.386 [info] > git for-each-ref --sort -committerdate --format %(refname)%00%(objectname)%00%(*objectname) [2ms]
2026-05-17 05:56:48.607 [info] > git config --get commit.template [2ms]
2026-05-17 05:56:48.624 [info] > git for-each-ref --format=%(refname)%00%(upstream:short)%00%(objectname)%00%(upstream:track)%00%(upstream:remotename)%00%(upstream:remoteref) refs/heads/master refs/remotes/master [1ms]
2026-05-17 05:56:48.654 [info] > git status -z -uall [15ms]
2026-05-17 05:56:48.655 [info] > git for-each-ref --sort -committerdate --format %(refname)%00%(objectname)%00%(*objectname) [2ms]
2026-05-17 05:56:53.689 [info] > git config --get commit.template [16ms]
2026-05-17 05:56:53.690 [info] > git for-each-ref --format=%(refname)%00%(upstream:short)%00%(objectname)%00%(upstream:track)%00%(upstream:remotename)%00%(upstream:remoteref) refs/heads/master refs/remotes/master [1ms]
2026-05-17 05:56:53.722 [info] > git status -z -uall [18ms]
2026-05-17 05:56:53.723 [info] > git for-each-ref --sort -committerdate --format %(refname)%00%(objectname)%00%(*objectname) [5ms]
2026-05-17 05:57:16.939 [info] > git config --get commit.template [15ms]
2026-05-17 05:57:16.940 [info] > git for-each-ref --format=%(refname)%00%(upstream:short)%00%(objectname)%00%(upstream:track)%00%(upstream:remotename)%00%(upstream:remoteref) refs/heads/master refs/remotes/master [2ms]
2026-05-17 05:57:16.967 [info] > git status -z -uall [16ms]
2026-05-17 05:57:16.967 [info] > git for-each-ref --sort -committerdate --format %(refname)%00%(objectname)%00%(*objectname) [2ms]
2026-05-17 05:57:21.988 [info] > git config --get commit.template [2ms]
2026-05-17 05:57:22.004 [info] > git for-each-ref --format=%(refname)%00%(upstream:short)%00%(objectname)%00%(upstream:track)%00%(upstream:remotename)%00%(upstream:remoteref) refs/heads/master refs/remotes/master [2ms]
2026-05-17 05:57:22.034 [info] > git status -z -uall [16ms]
2026-05-17 05:57:22.035 [info] > git for-each-ref --sort -committerdate --format %(refname)%00%(objectname)%00%(*objectname) [2ms]
2026-05-17 05:57:31.092 [info] > git config --get commit.template [2ms]
2026-05-17 05:57:31.112 [info] > git for-each-ref --format=%(refname)%00%(upstream:short)%00%(objectname)%00%(upstream:track)%00%(upstream:remotename)%00%(upstream:remoteref) refs/heads/master refs/remotes/master [2ms]
2026-05-17 05:57:31.137 [info] > git status -z -uall [13ms]
2026-05-17 05:57:31.138 [info] > git for-each-ref --sort -committerdate --format %(refname)%00%(objectname)%00%(*objectname) [1ms]
2026-05-17 05:57:36.173 [info] > git config --get commit.template [17ms]
2026-05-17 05:57:36.173 [info] > git for-each-ref --format=%(refname)%00%(upstream:short)%00%(objectname)%00%(upstream:track)%00%(upstream:remotename)%00%(upstream:remoteref) refs/heads/master refs/remotes/master [1ms]
2026-05-17 05:57:36.204 [info] > git status -z -uall [16ms]
2026-05-17 05:57:36.205 [info] > git for-each-ref --sort -committerdate --format %(refname)%00%(objectname)%00%(*objectname) [2ms]
2026-05-17 05:57:51.947 [info] > git fetch [15ms]
2026-05-17 05:57:51.977 [info] [Git][getRemotes] No remotes found in the git config file
2026-05-17 05:57:51.977 [info] > git config --get commit.template [15ms]
2026-05-17 05:57:51.978 [info] > git for-each-ref --format=%(refname)%00%(upstream:short)%00%(objectname)%00%(upstream:track)%00%(upstream:remotename)%00%(upstream:remoteref) refs/heads/feat/h-factor-os refs/remotes/feat/h-factor-os [2ms]
2026-05-17 05:57:52.010 [info] > git for-each-ref --sort -committerdate --format %(refname)%00%(objectname)%00%(*objectname) [2ms]
2026-05-17 05:57:53.976 [info] > git status -z -uall [1984ms] (cancelled)
2026-05-17 05:58:10.684 [info] > git config --get commit.template [16ms]
2026-05-17 05:58:10.685 [info] > git for-each-ref --format=%(refname)%00%(upstream:short)%00%(objectname)%00%(upstream:track)%00%(upstream:remotename)%00%(upstream:remoteref) refs/heads/master refs/remotes/master [2ms]
2026-05-17 05:58:10.714 [info] > git status -z -uall [15ms]
2026-05-17 05:58:10.715 [info] > git for-each-ref --sort -committerdate --format %(refname)%00%(objectname)%00%(*objectname) [2ms]
2026-05-17 05:58:15.748 [info] > git config --get commit.template [15ms]
2026-05-17 05:58:15.748 [info] > git for-each-ref --format=%(refname)%00%(upstream:short)%00%(objectname)%00%(upstream:track)%00%(upstream:remotename)%00%(upstream:remoteref) refs/heads/master refs/remotes/master [1ms]
2026-05-17 05:58:15.777 [info] > git status -z -uall [15ms]
2026-05-17 05:58:15.777 [info] > git for-each-ref --sort -committerdate --format %(refname)%00%(objectname)%00%(*objectname) [1ms]
2026-05-17 05:58:20.811 [info] > git config --get commit.template [15ms]
2026-05-17 05:58:20.812 [info] > git for-each-ref --format=%(refname)%00%(upstream:short)%00%(objectname)%00%(upstream:track)%00%(upstream:remotename)%00%(upstream:remoteref) refs/heads/master refs/remotes/master [1ms]
2026-05-17 05:58:20.841 [info] > git status -z -uall [15ms]
2026-05-17 05:58:20.842 [info] > git for-each-ref --sort -committerdate --format %(refname)%00%(objectname)%00%(*objectname) [1ms]
2026-05-17 05:58:20.864 [info] > git merge-base refs/heads/master refs/remotes/origin/master [3ms]
2026-05-17 05:58:20.879 [info] > git diff --name-status -z --diff-filter=ADMR --find-renames=50% 3df875d846cba0fa24b893d69435df3f1ff41535...refs/remotes/origin/master -- [1ms]
2026-05-17 05:58:23.645 [info] > git fetch [786ms]
2026-05-17 05:58:23.675 [info] > git config --get commit.template [15ms]
2026-05-17 05:58:23.676 [info] > git for-each-ref --format=%(refname)%00%(upstream:short)%00%(objectname)%00%(upstream:track)%00%(upstream:remotename)%00%(upstream:remoteref) refs/heads/master refs/remotes/master [2ms]
2026-05-17 05:58:23.706 [info] > git status -z -uall [15ms]
2026-05-17 05:58:23.707 [info] > git for-each-ref --sort -committerdate --format %(refname)%00%(objectname)%00%(*objectname) [2ms]
2026-05-17 05:58:23.729 [info] > git merge-base refs/heads/master refs/remotes/origin/master [3ms]
2026-05-17 05:58:23.745 [info] > git diff --name-status -z --diff-filter=ADMR --find-renames=50% 3df875d846cba0fa24b893d69435df3f1ff41535...refs/remotes/origin/master -- [1ms]
2026-05-17 05:58:25.885 [info] > git config --get commit.template [11ms]
2026-05-17 05:58:25.886 [info] > git for-each-ref --format=%(refname)%00%(upstream:short)%00%(objectname)%00%(upstream:track)%00%(upstream:remotename)%00%(upstream:remoteref) refs/heads/master refs/remotes/master [2ms]
2026-05-17 05:58:25.915 [info] > git status -z -uall [16ms]
2026-05-17 05:58:25.916 [info] > git for-each-ref --sort -committerdate --format %(refname)%00%(objectname)%00%(*objectname) [1ms]
2026-05-17 05:58:25.936 [info] > git merge-base refs/heads/master refs/remotes/origin/master [2ms]
2026-05-17 05:58:25.954 [info] > git diff --name-status -z --diff-filter=ADMR --find-renames=50% c8fc7d8d7ed64b88366e1d710903a43468662472...refs/remotes/origin/master -- [2ms]
2026-05-17 05:58:30.961 [info] > git config --get commit.template [10ms]
2026-05-17 05:58:30.962 [info] > git for-each-ref --format=%(refname)%00%(upstream:short)%00%(objectname)%00%(upstream:track)%00%(upstream:remotename)%00%(upstream:remoteref) refs/heads/master refs/remotes/master [2ms]
2026-05-17 05:58:30.990 [info] > git status -z -uall [15ms]
2026-05-17 05:58:30.991 [info] > git for-each-ref --sort -committerdate --format %(refname)%00%(objectname)%00%(*objectname) [2ms]
2026-05-17 05:58:48.940 [info] > git config --get commit.template [15ms]
2026-05-17 05:58:48.941 [info] > git for-each-ref --format=%(refname)%00%(upstream:short)%00%(objectname)%00%(upstream:track)%00%(upstream:remotename)%00%(upstream:remoteref) refs/heads/master refs/remotes/master [2ms]
2026-05-17 05:58:48.970 [info] > git status -z -uall [15ms]
2026-05-17 05:58:48.971 [info] > git for-each-ref --sort -committerdate --format %(refname)%00%(objectname)%00%(*objectname) [2ms]
2026-05-17 05:59:16.945 [info] > git config --get commit.template [16ms]
2026-05-17 05:59:16.946 [info] > git for-each-ref --format=%(refname)%00%(upstream:short)%00%(objectname)%00%(upstream:track)%00%(upstream:remotename)%00%(upstream:remoteref) refs/heads/master refs/remotes/master [2ms]
2026-05-17 05:59:16.975 [info] > git status -z -uall [15ms]
2026-05-17 05:59:16.976 [info] > git for-each-ref --sort -committerdate --format %(refname)%00%(objectname)%00%(*objectname) [1ms]
2026-05-17 05:59:51.996 [info] > git config --get commit.template [15ms]
2026-05-17 05:59:51.998 [info] > git for-each-ref --format=%(refname)%00%(upstream:short)%00%(objectname)%00%(upstream:track)%00%(upstream:remotename)%00%(upstream:remoteref) refs/heads/master refs/remotes/master [2ms]
2026-05-17 05:59:52.028 [info] > git status -z -uall [15ms]
2026-05-17 05:59:52.029 [info] > git for-each-ref --sort -committerdate --format %(refname)%00%(objectname)%00%(*objectname) [2ms]
2026-05-17 06:00:16.942 [info] > git config --get commit.template [16ms]
2026-05-17 06:00:16.943 [info] > git for-each-ref --format=%(refname)%00%(upstream:short)%00%(objectname)%00%(upstream:track)%00%(upstream:remotename)%00%(upstream:remoteref) refs/heads/master refs/remotes/master [2ms]
2026-05-17 06:00:16.969 [info] > git status -z -uall [13ms]
2026-05-17 06:00:16.970 [info] > git for-each-ref --sort -committerdate --format %(refname)%00%(objectname)%00%(*objectname) [1ms]
2026-05-17 06:00:22.007 [info] > git config --get commit.template [16ms]
2026-05-17 06:00:22.008 [info] > git for-each-ref --format=%(refname)%00%(upstream:short)%00%(objectname)%00%(upstream:track)%00%(upstream:remotename)%00%(upstream:remoteref) refs/heads/master refs/remotes/master [2ms]
2026-05-17 06:00:22.039 [info] > git status -z -uall [16ms]
2026-05-17 06:00:22.039 [info] > git for-each-ref --sort -committerdate --format %(refname)%00%(objectname)%00%(*objectname) [2ms]
2026-05-17 06:00:53.289 [info] > git fetch [13ms]
2026-05-17 06:00:53.320 [info] [Git][getRemotes] No remotes found in the git config file
2026-05-17 06:00:53.320 [info] > git config --get commit.template [15ms]
2026-05-17 06:00:53.321 [info] > git for-each-ref --format=%(refname)%00%(upstream:short)%00%(objectname)%00%(upstream:track)%00%(upstream:remotename)%00%(upstream:remoteref) refs/heads/feat/h-factor-os refs/remotes/feat/h-factor-os [1ms]
2026-05-17 06:00:53.355 [info] > git for-each-ref --sort -committerdate --format %(refname)%00%(objectname)%00%(*objectname) [2ms]
2026-05-17 06:00:55.264 [info] > git status -z -uall [1928ms] (cancelled)
2026-05-17 06:01:16.941 [info] > git config --get commit.template [14ms]
2026-05-17 06:01:16.942 [info] > git for-each-ref --format=%(refname)%00%(upstream:short)%00%(objectname)%00%(upstream:track)%00%(upstream:remotename)%00%(upstream:remoteref) refs/heads/master refs/remotes/master [1ms]
2026-05-17 06:01:16.970 [info] > git status -z -uall [14ms]
2026-05-17 06:01:16.971 [info] > git for-each-ref --sort -committerdate --format %(refname)%00%(objectname)%00%(*objectname) [1ms]
2026-05-17 06:01:24.535 [info] > git fetch [791ms]
2026-05-17 06:01:24.564 [info] > git config --get commit.template [15ms]
2026-05-17 06:01:24.565 [info] > git for-each-ref --format=%(refname)%00%(upstream:short)%00%(objectname)%00%(upstream:track)%00%(upstream:remotename)%00%(upstream:remoteref) refs/heads/master refs/remotes/master [2ms]
2026-05-17 06:01:24.597 [info] > git status -z -uall [17ms]
2026-05-17 06:01:24.598 [info] > git for-each-ref --sort -committerdate --format %(refname)%00%(objectname)%00%(*objectname) [2ms]
2026-05-17 06:01:25.635 [info] > git config --get commit.template [15ms]
2026-05-17 06:01:25.636 [info] > git for-each-ref --format=%(refname)%00%(upstream:short)%00%(objectname)%00%(upstream:track)%00%(upstream:remotename)%00%(upstream:remoteref) refs/heads/master refs/remotes/master [1ms]
2026-05-17 06:01:25.666 [info] > git status -z -uall [15ms]
2026-05-17 06:01:25.667 [info] > git for-each-ref --sort -committerdate --format %(refname)%00%(objectname)%00%(*objectname) [2ms]
2026-05-17 06:01:48.943 [info] > git config --get commit.template [15ms]
2026-05-17 06:01:48.944 [info] > git for-each-ref --format=%(refname)%00%(upstream:short)%00%(objectname)%00%(upstream:track)%00%(upstream:remotename)%00%(upstream:remoteref) refs/heads/master refs/remotes/master [2ms]
2026-05-17 06:01:48.973 [info] > git status -z -uall [15ms]
2026-05-17 06:01:48.974 [info] > git for-each-ref --sort -committerdate --format %(refname)%00%(objectname)%00%(*objectname) [1ms]
2026-05-17 06:02:16.942 [info] > git config --get commit.template [15ms]
2026-05-17 06:02:16.943 [info] > git for-each-ref --format=%(refname)%00%(upstream:short)%00%(objectname)%00%(upstream:track)%00%(upstream:remotename)%00%(upstream:remoteref) refs/heads/master refs/remotes/master [1ms]
2026-05-17 06:02:16.972 [info] > git status -z -uall [15ms]
2026-05-17 06:02:16.973 [info] > git for-each-ref --sort -committerdate --format %(refname)%00%(objectname)%00%(*objectname) [1ms]
2026-05-17 06:02:52.837 [info] > git config --get commit.template [15ms]
2026-05-17 06:02:52.837 [info] > git for-each-ref --format=%(refname)%00%(upstream:short)%00%(objectname)%00%(upstream:track)%00%(upstream:remotename)%00%(upstream:remoteref) refs/heads/master refs/remotes/master [1ms]
2026-05-17 06:02:52.868 [info] > git status -z -uall [15ms]
2026-05-17 06:02:52.869 [info] > git for-each-ref --sort -committerdate --format %(refname)%00%(objectname)%00%(*objectname) [1ms]
2026-05-17 06:03:16.941 [info] > git config --get commit.template [15ms]
2026-05-17 06:03:16.941 [info] > git for-each-ref --format=%(refname)%00%(upstream:short)%00%(objectname)%00%(upstream:track)%00%(upstream:remotename)%00%(upstream:remoteref) refs/heads/master refs/remotes/master [1ms]
2026-05-17 06:03:16.971 [info] > git status -z -uall [15ms]
2026-05-17 06:03:16.972 [info] > git for-each-ref --sort -committerdate --format %(refname)%00%(objectname)%00%(*objectname) [2ms]
2026-05-17 06:03:22.007 [info] > git config --get commit.template [16ms]
2026-05-17 06:03:22.007 [info] > git for-each-ref --format=%(refname)%00%(upstream:short)%00%(objectname)%00%(upstream:track)%00%(upstream:remotename)%00%(upstream:remoteref) refs/heads/master refs/remotes/master [1ms]
2026-05-17 06:03:22.049 [info] > git status -z -uall [25ms]
2026-05-17 06:03:22.049 [info] > git for-each-ref --sort -committerdate --format %(refname)%00%(objectname)%00%(*objectname) [10ms]
2026-05-17 06:03:54.602 [info] > git fetch [14ms]
2026-05-17 06:03:54.626 [info] [Git][getRemotes] No remotes found in the git config file
2026-05-17 06:03:54.626 [info] > git config --get commit.template [12ms]
2026-05-17 06:03:54.627 [info] > git for-each-ref --format=%(refname)%00%(upstream:short)%00%(objectname)%00%(upstream:track)%00%(upstream:remotename)%00%(upstream:remoteref) refs/heads/feat/h-factor-os refs/remotes/feat/h-factor-os [1ms]
2026-05-17 06:03:54.652 [info] > git for-each-ref --sort -committerdate --format %(refname)%00%(objectname)%00%(*objectname) [2ms]
2026-05-17 06:03:56.449 [info] > git status -z -uall [1811ms] (cancelled)
2026-05-17 06:04:00.394 [info] > git config --get commit.template [13ms]
2026-05-17 06:04:00.395 [info] > git for-each-ref --format=%(refname)%00%(upstream:short)%00%(objectname)%00%(upstream:track)%00%(upstream:remotename)%00%(upstream:remoteref) refs/heads/master refs/remotes/master [1ms]
2026-05-17 06:04:00.421 [info] > git status -z -uall [16ms]
2026-05-17 06:04:00.422 [info] > git for-each-ref --sort -committerdate --format %(refname)%00%(objectname)%00%(*objectname) [1ms]
2026-05-17 06:04:05.454 [info] > git config --get commit.template [15ms]
2026-05-17 06:04:05.455 [info] > git for-each-ref --format=%(refname)%00%(upstream:short)%00%(objectname)%00%(upstream:track)%00%(upstream:remotename)%00%(upstream:remoteref) refs/heads/master refs/remotes/master [2ms]
2026-05-17 06:04:05.483 [info] > git status -z -uall [14ms]
2026-05-17 06:04:05.483 [info] > git for-each-ref --sort -committerdate --format %(refname)%00%(objectname)%00%(*objectname) [1ms]
2026-05-17 06:04:16.943 [info] > git config --get commit.template [16ms]
2026-05-17 06:04:16.944 [info] > git for-each-ref --format=%(refname)%00%(upstream:short)%00%(objectname)%00%(upstream:track)%00%(upstream:remotename)%00%(upstream:remoteref) refs/heads/master refs/remotes/master [2ms]
2026-05-17 06:04:16.974 [info] > git status -z -uall [15ms]
2026-05-17 06:04:16.975 [info] > git for-each-ref --sort -committerdate --format %(refname)%00%(objectname)%00%(*objectname) [2ms]
2026-05-17 06:04:17.805 [info] > git check-ignore -v -z --stdin [12ms]
2026-05-17 06:04:25.389 [info] > git fetch [775ms]
2026-05-17 06:04:25.424 [info] > git check-ignore -v -z --stdin [38ms]
2026-05-17 06:04:25.425 [info] > git config --get commit.template [1ms]
2026-05-17 06:04:25.443 [info] > git for-each-ref --format=%(refname)%00%(upstream:short)%00%(objectname)%00%(upstream:track)%00%(upstream:remotename)%00%(upstream:remoteref) refs/heads/master refs/remotes/master [2ms]
2026-05-17 06:04:25.496 [info] > git status -z -uall [17ms]
2026-05-17 06:04:25.496 [info] > git for-each-ref --sort -committerdate --format %(refname)%00%(objectname)%00%(*objectname) [3ms]
2026-05-17 06:04:25.553 [info] > git show --textconv :Documents/Dev/project-gemini/chat.md [12ms]
2026-05-17 06:04:25.554 [warning] [GitFileSystemProvider][readFile] File not found - git:/home/dev/Documents/Dev/project-gemini/chat.md.git?%7B%22path%22%3A%22%2Fhome%2Fdev%2FDocuments%2FDev%2Fproject-gemini%2Fchat.md%22%2C%22ref%22%3A%22%22%7D
2026-05-17 06:04:25.564 [info] > git ls-files --stage -- Documents/Dev/project-gemini/chat.md [11ms]
2026-05-17 06:04:25.565 [warning] [GitFileSystemProvider][stat] File not found - git:/home/dev/Documents/Dev/project-gemini/chat.md.git?%7B%22path%22%3A%22%2Fhome%2Fdev%2FDocuments%2FDev%2Fproject-gemini%2Fchat.md%22%2C%22ref%22%3A%22%22%7D
2026-05-17 06:04:25.826 [info] > git check-ignore -v -z --stdin [13ms]
2026-05-17 06:04:26.531 [info] > git check-ignore -v -z --stdin [12ms]
2026-05-17 06:04:26.601 [info] > git config --get commit.template [15ms]
2026-05-17 06:04:26.602 [info] > git for-each-ref --format=%(refname)%00%(upstream:short)%00%(objectname)%00%(upstream:track)%00%(upstream:remotename)%00%(upstream:remoteref) refs/heads/master refs/remotes/master [2ms]
2026-05-17 06:04:26.632 [info] > git status -z -uall [16ms]
2026-05-17 06:04:26.633 [info] > git for-each-ref --sort -committerdate --format %(refname)%00%(objectname)%00%(*objectname) [2ms]
2026-05-17 06:04:28.536 [info] > git check-ignore -v -z --stdin [30ms]
2026-05-17 06:04:28.550 [info] > git check-ignore -v -z --stdin [15ms]
2026-05-17 06:04:28.716 [info] > git show --textconv :Documents/Dev/project-gemini/chat.md [15ms]
2026-05-17 06:04:28.717 [warning] [GitFileSystemProvider][readFile] File not found - git:/home/dev/Documents/Dev/project-gemini/chat.md.git?%7B%22path%22%3A%22%2Fhome%2Fdev%2FDocuments%2FDev%2Fproject-gemini%2Fchat.md%22%2C%22ref%22%3A%22%22%7D
2026-05-17 06:04:28.726 [info] > git ls-files --stage -- Documents/Dev/project-gemini/chat.md [10ms]
2026-05-17 06:04:28.726 [warning] [GitFileSystemProvider][stat] File not found - git:/home/dev/Documents/Dev/project-gemini/chat.md.git?%7B%22path%22%3A%22%2Fhome%2Fdev%2FDocuments%2FDev%2Fproject-gemini%2Fchat.md%22%2C%22ref%22%3A%22%22%7D
2026-05-17 06:04:30.185 [info] > git blame --root --incremental 486b66517c3d2a56ca066da1f683e04cbc82727a -- Documents/Dev/project-gemini/chat.md [3ms]
2026-05-17 06:04:30.185 [info] fatal: no such path Documents/Dev/project-gemini/chat.md in 486b66517c3d2a56ca066da1f683e04cbc82727a
2026-05-17 06:04:44.995 [info] > git config --get commit.template [16ms]
2026-05-17 06:04:44.996 [info] > git for-each-ref --format=%(refname)%00%(upstream:short)%00%(objectname)%00%(upstream:track)%00%(upstream:remotename)%00%(upstream:remoteref) refs/heads/master refs/remotes/master [1ms]
2026-05-17 06:04:45.027 [info] > git status -z -uall [16ms]
2026-05-17 06:04:45.028 [info] > git for-each-ref --sort -committerdate --format %(refname)%00%(objectname)%00%(*objectname) [1ms]
2026-05-17 06:04:50.058 [info] > git config --get commit.template [12ms]
2026-05-17 06:04:50.059 [info] > git for-each-ref --format=%(refname)%00%(upstream:short)%00%(objectname)%00%(upstream:track)%00%(upstream:remotename)%00%(upstream:remoteref) refs/heads/master refs/remotes/master [2ms]
2026-05-17 06:04:50.082 [info] > git status -z -uall [12ms]
2026-05-17 06:04:50.083 [info] > git for-each-ref --sort -committerdate --format %(refname)%00%(objectname)%00%(*objectname) [1ms]
