2026-05-17 04:20:29.872 [info] [main] Log level: Info
2026-05-17 04:20:29.872 [info] [main] Validating found git in: "git"
2026-05-17 04:20:29.872 [info] [main] Using git "2.53.0" from "git"
2026-05-17 04:20:29.872 [info] [Model][doInitialScan] Initial repository scan started
2026-05-17 04:20:29.872 [info] [Model][doInitialScan] Initial repository scan completed - repositories (0), closed repositories (0), parent repositories (0), unsafe repositories (0)
2026-05-17 04:20:44.522 [info] [main] Log level: Info
2026-05-17 04:20:44.522 [info] [main] Validating found git in: "git"
2026-05-17 04:20:44.522 [info] [main] Using git "2.53.0" from "git"
2026-05-17 04:20:44.522 [info] [Model][doInitialScan] Initial repository scan started
2026-05-17 04:20:44.522 [info] > git rev-parse --show-toplevel [11ms]
2026-05-17 04:20:44.578 [info] > git rev-parse --git-dir --git-common-dir --show-superproject-working-tree [50ms]
2026-05-17 04:20:44.592 [info] [Model][openRepository] Opened repository (path): /home/dev/AI_Workflow
2026-05-17 04:20:44.592 [info] [Model][openRepository] Opened repository (real path): /home/dev/AI_Workflow
2026-05-17 04:20:44.592 [info] [Model][openRepository] Opened repository (kind): repository
2026-05-17 04:20:44.608 [info] > git fetch [16ms]
2026-05-17 04:20:44.642 [info] > git config --get commit.template [34ms]
2026-05-17 04:20:44.653 [info] > git config --get commit.template [12ms]
2026-05-17 04:20:44.941 [info] [Git][getRemotes] No remotes found in the git config file
2026-05-17 04:20:44.985 [info] [Git][getRemotes] No remotes found in the git config file
2026-05-17 04:20:44.985 [info] > git for-each-ref --format=%(refname)%00%(upstream:short)%00%(objectname)%00%(upstream:track)%00%(upstream:remotename)%00%(upstream:remoteref) refs/heads/master refs/remotes/master [44ms]
2026-05-17 04:20:45.003 [info] > git for-each-ref --format=%(refname)%00%(upstream:short)%00%(objectname)%00%(upstream:track)%00%(upstream:remotename)%00%(upstream:remoteref) refs/heads/master refs/remotes/master [10ms]
2026-05-17 04:20:45.009 [info] > git for-each-ref --format=%(refname)%00%(upstream:short)%00%(objectname)%00%(upstream:track)%00%(upstream:remotename)%00%(upstream:remoteref) refs/heads/master refs/remotes/master [25ms]
2026-05-17 04:20:45.183 [info] > git config --get --local branch.master.vscode-merge-base [174ms]
2026-05-17 04:20:45.183 [warning] [Git][config] git config failed: Failed to execute git
2026-05-17 04:20:45.188 [info] > git config --get commit.template [185ms]
2026-05-17 04:20:45.268 [info] > git reflog master --grep-reflog=branch: Created from *. [80ms]
2026-05-17 04:20:45.269 [info] > git rev-parse --show-toplevel [87ms]
2026-05-17 04:20:45.281 [info] [Git][getRemotes] No remotes found in the git config file
2026-05-17 04:20:45.286 [info] > git for-each-ref --format=%(refname)%00%(upstream:short)%00%(objectname)%00%(upstream:track)%00%(upstream:remotename)%00%(upstream:remoteref) refs/heads/master refs/remotes/master [5ms]
2026-05-17 04:20:45.301 [info] > git rev-parse --show-toplevel [16ms]
2026-05-17 04:20:45.301 [info] > git for-each-ref --sort -committerdate --format %(refname)%00%(objectname)%00%(*objectname) [1ms]
2026-05-17 04:20:45.308 [info] > git rev-parse --show-toplevel [1ms]
2026-05-17 04:20:45.323 [info] > git rev-parse --show-toplevel [1ms]
2026-05-17 04:20:45.337 [info] > git status -z -uall [44ms]
2026-05-17 04:20:45.343 [info] > git rev-parse --show-toplevel [7ms]
2026-05-17 04:20:45.350 [info] > git rev-parse --show-toplevel [2ms]
2026-05-17 04:20:45.358 [info] > git rev-parse --show-toplevel [3ms]
2026-05-17 04:20:45.364 [info] > git rev-parse --show-toplevel [1ms]
2026-05-17 04:20:45.374 [info] > git rev-parse --show-toplevel [5ms]
2026-05-17 04:20:45.382 [info] > git rev-parse --show-toplevel [2ms]
2026-05-17 04:20:45.383 [info] [Model][doInitialScan] Initial repository scan completed - repositories (1), closed repositories (0), parent repositories (0), unsafe repositories (0)
2026-05-17 04:20:55.213 [info] > git check-ignore -v -z --stdin [3ms]
2026-05-17 04:20:59.284 [info] > git check-ignore -v -z --stdin [6ms]
2026-05-17 04:21:08.519 [info] [Git][getRemotes] No remotes found in the git config file
2026-05-17 04:21:08.520 [info] > git config --get commit.template [12ms]
2026-05-17 04:21:08.521 [info] > git for-each-ref --format=%(refname)%00%(upstream:short)%00%(objectname)%00%(upstream:track)%00%(upstream:remotename)%00%(upstream:remoteref) refs/heads/master refs/remotes/master [2ms]
2026-05-17 04:21:08.544 [info] > git for-each-ref --sort -committerdate --format %(refname)%00%(objectname)%00%(*objectname) [1ms]
2026-05-17 04:21:08.571 [info] > git status -z -uall [40ms]
2026-05-17 04:21:21.289 [info] [Git][getRemotes] No remotes found in the git config file
2026-05-17 04:21:21.290 [info] > git config --get commit.template [11ms]
2026-05-17 04:21:21.290 [info] > git for-each-ref --format=%(refname)%00%(upstream:short)%00%(objectname)%00%(upstream:track)%00%(upstream:remotename)%00%(upstream:remoteref) refs/heads/master refs/remotes/master [2ms]
2026-05-17 04:21:21.311 [info] > git for-each-ref --sort -committerdate --format %(refname)%00%(objectname)%00%(*objectname) [2ms]
2026-05-17 04:21:21.340 [info] > git status -z -uall [40ms]
2026-05-17 04:21:26.365 [info] [Git][getRemotes] No remotes found in the git config file
2026-05-17 04:21:26.366 [info] > git config --get commit.template [11ms]
2026-05-17 04:21:26.366 [info] > git for-each-ref --format=%(refname)%00%(upstream:short)%00%(objectname)%00%(upstream:track)%00%(upstream:remotename)%00%(upstream:remoteref) refs/heads/master refs/remotes/master [1ms]
2026-05-17 04:21:26.386 [info] > git for-each-ref --sort -committerdate --format %(refname)%00%(objectname)%00%(*objectname) [1ms]
2026-05-17 04:21:26.417 [info] > git status -z -uall [41ms]
2026-05-17 04:21:31.441 [info] [Git][getRemotes] No remotes found in the git config file
2026-05-17 04:21:31.442 [info] > git config --get commit.template [11ms]
2026-05-17 04:21:31.442 [info] > git for-each-ref --format=%(refname)%00%(upstream:short)%00%(objectname)%00%(upstream:track)%00%(upstream:remotename)%00%(upstream:remoteref) refs/heads/master refs/remotes/master [1ms]
2026-05-17 04:21:31.462 [info] > git for-each-ref --sort -committerdate --format %(refname)%00%(objectname)%00%(*objectname) [1ms]
2026-05-17 04:21:31.492 [info] > git status -z -uall [41ms]
2026-05-17 04:21:36.508 [info] > git config --get commit.template [1ms]
2026-05-17 04:21:36.518 [info] [Git][getRemotes] No remotes found in the git config file
2026-05-17 04:21:36.519 [info] > git for-each-ref --format=%(refname)%00%(upstream:short)%00%(objectname)%00%(upstream:track)%00%(upstream:remotename)%00%(upstream:remoteref) refs/heads/master refs/remotes/master [1ms]
2026-05-17 04:21:36.540 [info] > git for-each-ref --sort -committerdate --format %(refname)%00%(objectname)%00%(*objectname) [1ms]
2026-05-17 04:21:36.570 [info] > git status -z -uall [41ms]
2026-05-17 04:21:41.594 [info] [Git][getRemotes] No remotes found in the git config file
2026-05-17 04:21:41.595 [info] > git config --get commit.template [11ms]
2026-05-17 04:21:41.596 [info] > git for-each-ref --format=%(refname)%00%(upstream:short)%00%(objectname)%00%(upstream:track)%00%(upstream:remotename)%00%(upstream:remoteref) refs/heads/master refs/remotes/master [2ms]
2026-05-17 04:21:41.619 [info] > git for-each-ref --sort -committerdate --format %(refname)%00%(objectname)%00%(*objectname) [1ms]
2026-05-17 04:21:41.647 [info] > git status -z -uall [39ms]
2026-05-17 04:21:46.663 [info] > git config --get commit.template [1ms]
2026-05-17 04:21:46.672 [info] [Git][getRemotes] No remotes found in the git config file
2026-05-17 04:21:46.673 [info] > git for-each-ref --format=%(refname)%00%(upstream:short)%00%(objectname)%00%(upstream:track)%00%(upstream:remotename)%00%(upstream:remoteref) refs/heads/master refs/remotes/master [1ms]
2026-05-17 04:21:46.693 [info] > git for-each-ref --sort -committerdate --format %(refname)%00%(objectname)%00%(*objectname) [1ms]
2026-05-17 04:21:46.722 [info] > git status -z -uall [39ms]
2026-05-17 04:21:55.246 [info] > git config --get commit.template [3ms]
2026-05-17 04:21:55.255 [info] [Git][getRemotes] No remotes found in the git config file
2026-05-17 04:21:55.256 [info] > git for-each-ref --format=%(refname)%00%(upstream:short)%00%(objectname)%00%(upstream:track)%00%(upstream:remotename)%00%(upstream:remoteref) refs/heads/master refs/remotes/master [1ms]
2026-05-17 04:21:55.277 [info] > git for-each-ref --sort -committerdate --format %(refname)%00%(objectname)%00%(*objectname) [2ms]
2026-05-17 04:21:55.305 [info] > git status -z -uall [40ms]
2026-05-17 04:22:00.478 [info] [Git][getRemotes] No remotes found in the git config file
2026-05-17 04:22:00.478 [info] > git config --get commit.template [11ms]
2026-05-17 04:22:00.479 [info] > git for-each-ref --format=%(refname)%00%(upstream:short)%00%(objectname)%00%(upstream:track)%00%(upstream:remotename)%00%(upstream:remoteref) refs/heads/master refs/remotes/master [2ms]
2026-05-17 04:22:00.499 [info] > git for-each-ref --sort -committerdate --format %(refname)%00%(objectname)%00%(*objectname) [1ms]
2026-05-17 04:22:00.528 [info] > git status -z -uall [40ms]
2026-05-17 04:22:06.736 [info] > git config --get commit.template [1ms]
2026-05-17 04:22:06.746 [info] [Git][getRemotes] No remotes found in the git config file
2026-05-17 04:22:06.747 [info] > git for-each-ref --format=%(refname)%00%(upstream:short)%00%(objectname)%00%(upstream:track)%00%(upstream:remotename)%00%(upstream:remoteref) refs/heads/master refs/remotes/master [1ms]
2026-05-17 04:22:06.768 [info] > git for-each-ref --sort -committerdate --format %(refname)%00%(objectname)%00%(*objectname) [2ms]
2026-05-17 04:22:06.797 [info] > git status -z -uall [40ms]
2026-05-17 04:22:18.441 [info] [Git][getRemotes] No remotes found in the git config file
2026-05-17 04:22:18.441 [info] > git config --get commit.template [10ms]
2026-05-17 04:22:18.442 [info] > git for-each-ref --format=%(refname)%00%(upstream:short)%00%(objectname)%00%(upstream:track)%00%(upstream:remotename)%00%(upstream:remoteref) refs/heads/master refs/remotes/master [2ms]
2026-05-17 04:22:18.461 [info] > git for-each-ref --sort -committerdate --format %(refname)%00%(objectname)%00%(*objectname) [1ms]
2026-05-17 04:22:18.490 [info] > git status -z -uall [39ms]
2026-05-17 04:22:33.055 [info] > git config --get commit.template [1ms]
2026-05-17 04:22:33.065 [info] [Git][getRemotes] No remotes found in the git config file
2026-05-17 04:22:33.067 [info] > git for-each-ref --format=%(refname)%00%(upstream:short)%00%(objectname)%00%(upstream:track)%00%(upstream:remotename)%00%(upstream:remoteref) refs/heads/master refs/remotes/master [1ms]
2026-05-17 04:22:33.087 [info] > git for-each-ref --sort -committerdate --format %(refname)%00%(objectname)%00%(*objectname) [1ms]
2026-05-17 04:22:33.116 [info] > git status -z -uall [39ms]
2026-05-17 04:22:39.666 [info] > git check-ignore -v -z --stdin [74ms]
2026-05-17 04:22:39.667 [info] > git config --get commit.template [44ms]
2026-05-17 04:22:39.676 [info] [Git][getRemotes] No remotes found in the git config file
2026-05-17 04:22:39.679 [info] > git for-each-ref --format=%(refname)%00%(upstream:short)%00%(objectname)%00%(upstream:track)%00%(upstream:remotename)%00%(upstream:remoteref) refs/heads/master refs/remotes/master [3ms]
2026-05-17 04:22:39.703 [info] > git for-each-ref --sort -committerdate --format %(refname)%00%(objectname)%00%(*objectname) [7ms]
2026-05-17 04:22:39.730 [info] > git status -z -uall [43ms]
2026-05-17 04:22:39.930 [info] > git show --textconv :workflow.md [14ms]
2026-05-17 04:22:39.939 [info] > git ls-files --stage -- workflow.md [13ms]
2026-05-17 04:22:39.974 [info] > git cat-file -s 93ce50e78a3536d26424ebc8244e08726ef5a5ab [26ms]
2026-05-17 04:22:40.987 [info] > git check-ignore -v -z --stdin [3ms]
2026-05-17 04:22:44.755 [info] [Git][getRemotes] No remotes found in the git config file
2026-05-17 04:22:44.755 [info] > git config --get commit.template [9ms]
2026-05-17 04:22:44.756 [info] > git for-each-ref --format=%(refname)%00%(upstream:short)%00%(objectname)%00%(upstream:track)%00%(upstream:remotename)%00%(upstream:remoteref) refs/heads/master refs/remotes/master [1ms]
2026-05-17 04:22:44.774 [info] > git for-each-ref --sort -committerdate --format %(refname)%00%(objectname)%00%(*objectname) [2ms]
2026-05-17 04:22:44.801 [info] > git status -z -uall [37ms]
2026-05-17 04:22:51.003 [info] > git check-ignore -v -z --stdin [16ms]
2026-05-17 04:22:51.081 [info] > git check-ignore -v -z --stdin [18ms]
2026-05-17 04:22:51.185 [info] > git show --textconv :walkthrough.md [12ms]
2026-05-17 04:22:51.188 [info] > git ls-files --stage -- walkthrough.md [3ms]
2026-05-17 04:22:51.200 [info] > git cat-file -s e5d1a683a3f0b88d4253e8830bc4d45c94616146 [2ms]
2026-05-17 04:22:59.782 [info] > git check-ignore -v -z --stdin [17ms]
2026-05-17 04:22:59.873 [info] > git check-ignore -v -z --stdin [16ms]
2026-05-17 04:22:59.960 [info] > git show --textconv :user.md [11ms]
2026-05-17 04:22:59.962 [info] > git ls-files --stage -- user.md [3ms]
2026-05-17 04:22:59.972 [info] > git cat-file -s 11ded7cdcb8dc317d053279477a045f4819219e7 [1ms]
2026-05-17 04:23:45.029 [info] > git fetch [6ms]
2026-05-17 04:23:45.052 [info] [Git][getRemotes] No remotes found in the git config file
2026-05-17 04:23:45.053 [info] > git config --get commit.template [12ms]
2026-05-17 04:23:45.054 [info] > git for-each-ref --format=%(refname)%00%(upstream:short)%00%(objectname)%00%(upstream:track)%00%(upstream:remotename)%00%(upstream:remoteref) refs/heads/master refs/remotes/master [2ms]
2026-05-17 04:23:45.076 [info] > git for-each-ref --sort -committerdate --format %(refname)%00%(objectname)%00%(*objectname) [1ms]
2026-05-17 04:23:45.103 [info] > git status -z -uall [39ms]
2026-05-17 04:24:08.528 [info] [Git][getRemotes] No remotes found in the git config file
2026-05-17 04:24:08.529 [info] > git config --get commit.template [13ms]
2026-05-17 04:24:08.529 [info] > git for-each-ref --format=%(refname)%00%(upstream:short)%00%(objectname)%00%(upstream:track)%00%(upstream:remotename)%00%(upstream:remoteref) refs/heads/master refs/remotes/master [1ms]
2026-05-17 04:24:08.554 [info] > git for-each-ref --sort -committerdate --format %(refname)%00%(objectname)%00%(*objectname) [1ms]
2026-05-17 04:24:08.584 [info] > git status -z -uall [42ms]
2026-05-17 04:24:13.783 [info] [Git][getRemotes] No remotes found in the git config file
2026-05-17 04:24:13.784 [info] > git config --get commit.template [12ms]
2026-05-17 04:24:13.784 [info] > git for-each-ref --format=%(refname)%00%(upstream:short)%00%(objectname)%00%(upstream:track)%00%(upstream:remotename)%00%(upstream:remoteref) refs/heads/master refs/remotes/master [1ms]
2026-05-17 04:24:13.808 [info] > git for-each-ref --sort -committerdate --format %(refname)%00%(objectname)%00%(*objectname) [1ms]
2026-05-17 04:24:13.836 [info] > git status -z -uall [40ms]
2026-05-17 04:24:18.861 [info] [Git][getRemotes] No remotes found in the git config file
2026-05-17 04:24:18.862 [info] > git config --get commit.template [12ms]
2026-05-17 04:24:18.862 [info] > git for-each-ref --format=%(refname)%00%(upstream:short)%00%(objectname)%00%(upstream:track)%00%(upstream:remotename)%00%(upstream:remoteref) refs/heads/master refs/remotes/master [1ms]
2026-05-17 04:24:18.886 [info] > git for-each-ref --sort -committerdate --format %(refname)%00%(objectname)%00%(*objectname) [2ms]
2026-05-17 04:24:18.912 [info] > git status -z -uall [39ms]
2026-05-17 04:24:23.940 [info] [Git][getRemotes] No remotes found in the git config file
2026-05-17 04:24:23.940 [info] > git config --get commit.template [12ms]
2026-05-17 04:24:23.941 [info] > git for-each-ref --format=%(refname)%00%(upstream:short)%00%(objectname)%00%(upstream:track)%00%(upstream:remotename)%00%(upstream:remoteref) refs/heads/master refs/remotes/master [2ms]
2026-05-17 04:24:23.963 [info] > git for-each-ref --sort -committerdate --format %(refname)%00%(objectname)%00%(*objectname) [1ms]
2026-05-17 04:24:23.991 [info] > git status -z -uall [40ms]
2026-05-17 04:24:31.090 [info] [Git][getRemotes] No remotes found in the git config file
2026-05-17 04:24:31.090 [info] > git config --get commit.template [12ms]
2026-05-17 04:24:31.091 [info] > git for-each-ref --format=%(refname)%00%(upstream:short)%00%(objectname)%00%(upstream:track)%00%(upstream:remotename)%00%(upstream:remoteref) refs/heads/master refs/remotes/master [1ms]
2026-05-17 04:24:31.114 [info] > git for-each-ref --sort -committerdate --format %(refname)%00%(objectname)%00%(*objectname) [2ms]
2026-05-17 04:24:31.142 [info] > git status -z -uall [40ms]
2026-05-17 04:24:36.168 [info] [Git][getRemotes] No remotes found in the git config file
2026-05-17 04:24:36.169 [info] > git config --get commit.template [11ms]
2026-05-17 04:24:36.169 [info] > git for-each-ref --format=%(refname)%00%(upstream:short)%00%(objectname)%00%(upstream:track)%00%(upstream:remotename)%00%(upstream:remoteref) refs/heads/master refs/remotes/master [1ms]
2026-05-17 04:24:36.193 [info] > git for-each-ref --sort -committerdate --format %(refname)%00%(objectname)%00%(*objectname) [1ms]
2026-05-17 04:24:36.223 [info] > git status -z -uall [42ms]
2026-05-17 04:24:41.249 [info] [Git][getRemotes] No remotes found in the git config file
2026-05-17 04:24:41.250 [info] > git config --get commit.template [12ms]
2026-05-17 04:24:41.251 [info] > git for-each-ref --format=%(refname)%00%(upstream:short)%00%(objectname)%00%(upstream:track)%00%(upstream:remotename)%00%(upstream:remoteref) refs/heads/master refs/remotes/master [2ms]
2026-05-17 04:24:41.276 [info] > git for-each-ref --sort -committerdate --format %(refname)%00%(objectname)%00%(*objectname) [2ms]
2026-05-17 04:24:41.302 [info] > git status -z -uall [39ms]
2026-05-17 04:24:50.920 [info] [Git][getRemotes] No remotes found in the git config file
2026-05-17 04:24:50.921 [info] > git config --get commit.template [12ms]
2026-05-17 04:24:50.921 [info] > git for-each-ref --format=%(refname)%00%(upstream:short)%00%(objectname)%00%(upstream:track)%00%(upstream:remotename)%00%(upstream:remoteref) refs/heads/master refs/remotes/master [1ms]
2026-05-17 04:24:50.943 [info] > git for-each-ref --sort -committerdate --format %(refname)%00%(objectname)%00%(*objectname) [1ms]
2026-05-17 04:24:50.972 [info] > git status -z -uall [41ms]
2026-05-17 04:24:56.000 [info] [Git][getRemotes] No remotes found in the git config file
2026-05-17 04:24:56.000 [info] > git config --get commit.template [13ms]
2026-05-17 04:24:56.001 [info] > git for-each-ref --format=%(refname)%00%(upstream:short)%00%(objectname)%00%(upstream:track)%00%(upstream:remotename)%00%(upstream:remoteref) refs/heads/master refs/remotes/master [1ms]
2026-05-17 04:24:56.027 [info] > git for-each-ref --sort -committerdate --format %(refname)%00%(objectname)%00%(*objectname) [3ms]
2026-05-17 04:24:56.052 [info] > git status -z -uall [40ms]
2026-05-17 04:25:01.518 [info] [Git][getRemotes] No remotes found in the git config file
2026-05-17 04:25:01.519 [info] > git config --get commit.template [14ms]
2026-05-17 04:25:01.519 [info] > git for-each-ref --format=%(refname)%00%(upstream:short)%00%(objectname)%00%(upstream:track)%00%(upstream:remotename)%00%(upstream:remoteref) refs/heads/master refs/remotes/master [1ms]
2026-05-17 04:25:01.542 [info] > git for-each-ref --sort -committerdate --format %(refname)%00%(objectname)%00%(*objectname) [1ms]
2026-05-17 04:25:01.570 [info] > git status -z -uall [39ms]
2026-05-17 04:25:06.597 [info] [Git][getRemotes] No remotes found in the git config file
2026-05-17 04:25:06.598 [info] > git config --get commit.template [12ms]
2026-05-17 04:25:06.598 [info] > git for-each-ref --format=%(refname)%00%(upstream:short)%00%(objectname)%00%(upstream:track)%00%(upstream:remotename)%00%(upstream:remoteref) refs/heads/master refs/remotes/master [1ms]
2026-05-17 04:25:06.621 [info] > git for-each-ref --sort -committerdate --format %(refname)%00%(objectname)%00%(*objectname) [2ms]
2026-05-17 04:25:06.646 [info] > git status -z -uall [38ms]
2026-05-17 04:25:11.669 [info] [Git][getRemotes] No remotes found in the git config file
2026-05-17 04:25:11.670 [info] > git config --get commit.template [11ms]
2026-05-17 04:25:11.670 [info] > git for-each-ref --format=%(refname)%00%(upstream:short)%00%(objectname)%00%(upstream:track)%00%(upstream:remotename)%00%(upstream:remoteref) refs/heads/master refs/remotes/master [1ms]
2026-05-17 04:25:11.691 [info] > git for-each-ref --sort -committerdate --format %(refname)%00%(objectname)%00%(*objectname) [1ms]
2026-05-17 04:25:11.720 [info] > git status -z -uall [40ms]
2026-05-17 04:25:16.748 [info] [Git][getRemotes] No remotes found in the git config file
2026-05-17 04:25:16.748 [info] > git config --get commit.template [12ms]
2026-05-17 04:25:16.749 [info] > git for-each-ref --format=%(refname)%00%(upstream:short)%00%(objectname)%00%(upstream:track)%00%(upstream:remotename)%00%(upstream:remoteref) refs/heads/master refs/remotes/master [1ms]
2026-05-17 04:25:16.771 [info] > git for-each-ref --sort -committerdate --format %(refname)%00%(objectname)%00%(*objectname) [1ms]
2026-05-17 04:25:16.799 [info] > git status -z -uall [39ms]
2026-05-17 04:25:21.826 [info] [Git][getRemotes] No remotes found in the git config file
2026-05-17 04:25:21.826 [info] > git config --get commit.template [12ms]
2026-05-17 04:25:21.827 [info] > git for-each-ref --format=%(refname)%00%(upstream:short)%00%(objectname)%00%(upstream:track)%00%(upstream:remotename)%00%(upstream:remoteref) refs/heads/master refs/remotes/master [1ms]
2026-05-17 04:25:21.850 [info] > git for-each-ref --sort -committerdate --format %(refname)%00%(objectname)%00%(*objectname) [2ms]
2026-05-17 04:25:21.876 [info] > git status -z -uall [39ms]
2026-05-17 04:25:26.903 [info] [Git][getRemotes] No remotes found in the git config file
2026-05-17 04:25:26.903 [info] > git config --get commit.template [12ms]
2026-05-17 04:25:26.904 [info] > git for-each-ref --format=%(refname)%00%(upstream:short)%00%(objectname)%00%(upstream:track)%00%(upstream:remotename)%00%(upstream:remoteref) refs/heads/master refs/remotes/master [2ms]
2026-05-17 04:25:26.926 [info] > git for-each-ref --sort -committerdate --format %(refname)%00%(objectname)%00%(*objectname) [2ms]
2026-05-17 04:25:26.953 [info] > git status -z -uall [39ms]
2026-05-17 04:25:37.833 [info] > git config --get commit.template [2ms]
2026-05-17 04:25:37.843 [info] [Git][getRemotes] No remotes found in the git config file
2026-05-17 04:25:37.844 [info] > git for-each-ref --format=%(refname)%00%(upstream:short)%00%(objectname)%00%(upstream:track)%00%(upstream:remotename)%00%(upstream:remoteref) refs/heads/master refs/remotes/master [1ms]
2026-05-17 04:25:37.866 [info] > git for-each-ref --sort -committerdate --format %(refname)%00%(objectname)%00%(*objectname) [2ms]
2026-05-17 04:25:37.895 [info] > git status -z -uall [40ms]
2026-05-17 04:25:42.923 [info] [Git][getRemotes] No remotes found in the git config file
2026-05-17 04:25:42.924 [info] > git config --get commit.template [12ms]
2026-05-17 04:25:42.924 [info] > git for-each-ref --format=%(refname)%00%(upstream:short)%00%(objectname)%00%(upstream:track)%00%(upstream:remotename)%00%(upstream:remoteref) refs/heads/master refs/remotes/master [1ms]
2026-05-17 04:25:42.946 [info] > git for-each-ref --sort -committerdate --format %(refname)%00%(objectname)%00%(*objectname) [1ms]
2026-05-17 04:25:42.974 [info] > git status -z -uall [40ms]
2026-05-17 04:25:49.436 [info] [Git][getRemotes] No remotes found in the git config file
2026-05-17 04:25:49.437 [info] > git config --get commit.template [12ms]
2026-05-17 04:25:49.437 [info] > git for-each-ref --format=%(refname)%00%(upstream:short)%00%(objectname)%00%(upstream:track)%00%(upstream:remotename)%00%(upstream:remoteref) refs/heads/master refs/remotes/master [1ms]
2026-05-17 04:25:49.461 [info] > git for-each-ref --sort -committerdate --format %(refname)%00%(objectname)%00%(*objectname) [3ms]
2026-05-17 04:25:49.486 [info] > git status -z -uall [39ms]
2026-05-17 04:25:54.509 [info] [Git][getRemotes] No remotes found in the git config file
2026-05-17 04:25:54.510 [info] > git config --get commit.template [11ms]
2026-05-17 04:25:54.510 [info] > git for-each-ref --format=%(refname)%00%(upstream:short)%00%(objectname)%00%(upstream:track)%00%(upstream:remotename)%00%(upstream:remoteref) refs/heads/master refs/remotes/master [1ms]
2026-05-17 04:25:54.532 [info] > git for-each-ref --sort -committerdate --format %(refname)%00%(objectname)%00%(*objectname) [1ms]
2026-05-17 04:25:54.560 [info] > git status -z -uall [39ms]
2026-05-17 04:25:59.586 [info] [Git][getRemotes] No remotes found in the git config file
2026-05-17 04:25:59.588 [info] > git for-each-ref --format=%(refname)%00%(upstream:short)%00%(objectname)%00%(upstream:track)%00%(upstream:remotename)%00%(upstream:remoteref) refs/heads/master refs/remotes/master [3ms]
2026-05-17 04:25:59.588 [info] > git config --get commit.template [13ms]
2026-05-17 04:25:59.609 [info] > git for-each-ref --sort -committerdate --format %(refname)%00%(objectname)%00%(*objectname) [1ms]
2026-05-17 04:25:59.637 [info] > git status -z -uall [40ms]
2026-05-17 04:26:05.533 [info] [Git][getRemotes] No remotes found in the git config file
2026-05-17 04:26:05.533 [info] > git config --get commit.template [11ms]
2026-05-17 04:26:05.534 [info] > git for-each-ref --format=%(refname)%00%(upstream:short)%00%(objectname)%00%(upstream:track)%00%(upstream:remotename)%00%(upstream:remoteref) refs/heads/master refs/remotes/master [2ms]
2026-05-17 04:26:05.555 [info] > git for-each-ref --sort -committerdate --format %(refname)%00%(objectname)%00%(*objectname) [1ms]
2026-05-17 04:26:05.583 [info] > git status -z -uall [39ms]
2026-05-17 04:26:10.608 [info] [Git][getRemotes] No remotes found in the git config file
2026-05-17 04:26:10.608 [info] > git config --get commit.template [10ms]
2026-05-17 04:26:10.609 [info] > git for-each-ref --format=%(refname)%00%(upstream:short)%00%(objectname)%00%(upstream:track)%00%(upstream:remotename)%00%(upstream:remoteref) refs/heads/master refs/remotes/master [1ms]
2026-05-17 04:26:10.630 [info] > git for-each-ref --sort -committerdate --format %(refname)%00%(objectname)%00%(*objectname) [1ms]
2026-05-17 04:26:10.659 [info] > git status -z -uall [40ms]
2026-05-17 04:26:26.309 [info] > git config --get commit.template [1ms]
2026-05-17 04:26:26.316 [info] [Git][getRemotes] No remotes found in the git config file
2026-05-17 04:26:26.317 [info] > git for-each-ref --format=%(refname)%00%(upstream:short)%00%(objectname)%00%(upstream:track)%00%(upstream:remotename)%00%(upstream:remoteref) refs/heads/master refs/remotes/master [1ms]
2026-05-17 04:26:26.334 [info] > git for-each-ref --sort -committerdate --format %(refname)%00%(objectname)%00%(*objectname) [1ms]
2026-05-17 04:26:26.365 [info] > git status -z -uall [40ms]
2026-05-17 04:26:31.389 [info] [Git][getRemotes] No remotes found in the git config file
2026-05-17 04:26:31.390 [info] > git config --get commit.template [11ms]
2026-05-17 04:26:31.390 [info] > git for-each-ref --format=%(refname)%00%(upstream:short)%00%(objectname)%00%(upstream:track)%00%(upstream:remotename)%00%(upstream:remoteref) refs/heads/master refs/remotes/master [1ms]
2026-05-17 04:26:31.410 [info] > git for-each-ref --sort -committerdate --format %(refname)%00%(objectname)%00%(*objectname) [1ms]
2026-05-17 04:26:31.441 [info] > git status -z -uall [41ms]
2026-05-17 04:26:36.551 [info] [Git][getRemotes] No remotes found in the git config file
2026-05-17 04:26:36.551 [info] > git config --get commit.template [10ms]
2026-05-17 04:26:36.552 [info] > git for-each-ref --format=%(refname)%00%(upstream:short)%00%(objectname)%00%(upstream:track)%00%(upstream:remotename)%00%(upstream:remoteref) refs/heads/master refs/remotes/master [1ms]
2026-05-17 04:26:36.572 [info] > git for-each-ref --sort -committerdate --format %(refname)%00%(objectname)%00%(*objectname) [1ms]
2026-05-17 04:26:36.603 [info] > git status -z -uall [42ms]
2026-05-17 04:26:41.628 [info] [Git][getRemotes] No remotes found in the git config file
2026-05-17 04:26:41.629 [info] > git config --get commit.template [12ms]
2026-05-17 04:26:41.629 [info] > git for-each-ref --format=%(refname)%00%(upstream:short)%00%(objectname)%00%(upstream:track)%00%(upstream:remotename)%00%(upstream:remoteref) refs/heads/master refs/remotes/master [1ms]
2026-05-17 04:26:41.651 [info] > git for-each-ref --sort -committerdate --format %(refname)%00%(objectname)%00%(*objectname) [2ms]
2026-05-17 04:26:41.678 [info] > git status -z -uall [39ms]
2026-05-17 04:26:45.123 [info] > git fetch [7ms]
2026-05-17 04:26:45.148 [info] [Git][getRemotes] No remotes found in the git config file
2026-05-17 04:26:45.149 [info] > git config --get commit.template [14ms]
2026-05-17 04:26:45.149 [info] > git for-each-ref --format=%(refname)%00%(upstream:short)%00%(objectname)%00%(upstream:track)%00%(upstream:remotename)%00%(upstream:remoteref) refs/heads/master refs/remotes/master [2ms]
2026-05-17 04:26:45.174 [info] > git for-each-ref --sort -committerdate --format %(refname)%00%(objectname)%00%(*objectname) [1ms]
2026-05-17 04:26:45.201 [info] > git status -z -uall [39ms]
2026-05-17 04:26:46.694 [info] > git config --get commit.template [1ms]
2026-05-17 04:26:46.704 [info] [Git][getRemotes] No remotes found in the git config file
2026-05-17 04:26:46.705 [info] > git for-each-ref --format=%(refname)%00%(upstream:short)%00%(objectname)%00%(upstream:track)%00%(upstream:remotename)%00%(upstream:remoteref) refs/heads/master refs/remotes/master [1ms]
2026-05-17 04:26:46.726 [info] > git for-each-ref --sort -committerdate --format %(refname)%00%(objectname)%00%(*objectname) [2ms]
2026-05-17 04:26:46.754 [info] > git status -z -uall [40ms]
2026-05-17 04:27:05.802 [info] [Git][getRemotes] No remotes found in the git config file
2026-05-17 04:27:05.803 [info] > git config --get commit.template [12ms]
2026-05-17 04:27:05.803 [info] > git for-each-ref --format=%(refname)%00%(upstream:short)%00%(objectname)%00%(upstream:track)%00%(upstream:remotename)%00%(upstream:remoteref) refs/heads/master refs/remotes/master [1ms]
2026-05-17 04:27:05.825 [info] > git for-each-ref --sort -committerdate --format %(refname)%00%(objectname)%00%(*objectname) [1ms]
2026-05-17 04:27:05.852 [info] > git status -z -uall [38ms]
2026-05-17 04:27:10.872 [info] > git config --get commit.template [5ms]
2026-05-17 04:27:10.883 [info] [Git][getRemotes] No remotes found in the git config file
2026-05-17 04:27:10.884 [info] > git for-each-ref --format=%(refname)%00%(upstream:short)%00%(objectname)%00%(upstream:track)%00%(upstream:remotename)%00%(upstream:remoteref) refs/heads/master refs/remotes/master [1ms]
2026-05-17 04:27:10.905 [info] > git for-each-ref --sort -committerdate --format %(refname)%00%(objectname)%00%(*objectname) [1ms]
2026-05-17 04:27:10.936 [info] > git status -z -uall [41ms]
2026-05-17 04:27:15.962 [info] [Git][getRemotes] No remotes found in the git config file
2026-05-17 04:27:15.963 [info] > git config --get commit.template [11ms]
2026-05-17 04:27:15.963 [info] > git for-each-ref --format=%(refname)%00%(upstream:short)%00%(objectname)%00%(upstream:track)%00%(upstream:remotename)%00%(upstream:remoteref) refs/heads/master refs/remotes/master [1ms]
2026-05-17 04:27:15.985 [info] > git for-each-ref --sort -committerdate --format %(refname)%00%(objectname)%00%(*objectname) [1ms]
2026-05-17 04:27:16.012 [info] > git status -z -uall [39ms]
2026-05-17 04:27:28.720 [info] [Git][getRemotes] No remotes found in the git config file
2026-05-17 04:27:28.720 [info] > git config --get commit.template [11ms]
2026-05-17 04:27:28.721 [info] > git for-each-ref --format=%(refname)%00%(upstream:short)%00%(objectname)%00%(upstream:track)%00%(upstream:remotename)%00%(upstream:remoteref) refs/heads/master refs/remotes/master [2ms]
2026-05-17 04:27:28.742 [info] > git for-each-ref --sort -committerdate --format %(refname)%00%(objectname)%00%(*objectname) [2ms]
2026-05-17 04:27:28.770 [info] > git status -z -uall [40ms]
2026-05-17 04:27:34.446 [info] > git config --get commit.template [2ms]
2026-05-17 04:27:34.456 [info] [Git][getRemotes] No remotes found in the git config file
2026-05-17 04:27:34.457 [info] > git for-each-ref --format=%(refname)%00%(upstream:short)%00%(objectname)%00%(upstream:track)%00%(upstream:remotename)%00%(upstream:remoteref) refs/heads/master refs/remotes/master [1ms]
2026-05-17 04:27:34.479 [info] > git for-each-ref --sort -committerdate --format %(refname)%00%(objectname)%00%(*objectname) [1ms]
2026-05-17 04:27:34.507 [info] > git status -z -uall [40ms]
2026-05-17 04:27:39.524 [info] > git config --get commit.template [1ms]
2026-05-17 04:27:39.534 [info] [Git][getRemotes] No remotes found in the git config file
2026-05-17 04:27:39.535 [info] > git for-each-ref --format=%(refname)%00%(upstream:short)%00%(objectname)%00%(upstream:track)%00%(upstream:remotename)%00%(upstream:remoteref) refs/heads/master refs/remotes/master [1ms]
2026-05-17 04:27:39.557 [info] > git for-each-ref --sort -committerdate --format %(refname)%00%(objectname)%00%(*objectname) [1ms]
2026-05-17 04:27:39.585 [info] > git status -z -uall [40ms]
2026-05-17 04:27:44.609 [info] [Git][getRemotes] No remotes found in the git config file
2026-05-17 04:27:44.610 [info] > git config --get commit.template [11ms]
2026-05-17 04:27:44.612 [info] > git for-each-ref --format=%(refname)%00%(upstream:short)%00%(objectname)%00%(upstream:track)%00%(upstream:remotename)%00%(upstream:remoteref) refs/heads/master refs/remotes/master [3ms]
2026-05-17 04:27:44.634 [info] > git for-each-ref --sort -committerdate --format %(refname)%00%(objectname)%00%(*objectname) [2ms]
2026-05-17 04:27:44.663 [info] > git status -z -uall [41ms]
2026-05-17 04:27:49.679 [info] [Git][getRemotes] No remotes found in the git config file
2026-05-17 04:27:49.690 [info] > git config --get commit.template [12ms]
2026-05-17 04:27:49.691 [info] > git for-each-ref --format=%(refname)%00%(upstream:short)%00%(objectname)%00%(upstream:track)%00%(upstream:remotename)%00%(upstream:remoteref) refs/heads/master refs/remotes/master [2ms]
2026-05-17 04:27:49.712 [info] > git for-each-ref --sort -committerdate --format %(refname)%00%(objectname)%00%(*objectname) [1ms]
2026-05-17 04:27:49.740 [info] > git status -z -uall [40ms]
2026-05-17 04:27:54.766 [info] [Git][getRemotes] No remotes found in the git config file
2026-05-17 04:27:54.766 [info] > git config --get commit.template [11ms]
2026-05-17 04:27:54.767 [info] > git for-each-ref --format=%(refname)%00%(upstream:short)%00%(objectname)%00%(upstream:track)%00%(upstream:remotename)%00%(upstream:remoteref) refs/heads/master refs/remotes/master [1ms]
2026-05-17 04:27:54.789 [info] > git for-each-ref --sort -committerdate --format %(refname)%00%(objectname)%00%(*objectname) [2ms]
2026-05-17 04:27:54.816 [info] > git status -z -uall [39ms]
2026-05-17 04:27:59.842 [info] [Git][getRemotes] No remotes found in the git config file
2026-05-17 04:27:59.842 [info] > git config --get commit.template [11ms]
2026-05-17 04:27:59.844 [info] > git for-each-ref --format=%(refname)%00%(upstream:short)%00%(objectname)%00%(upstream:track)%00%(upstream:remotename)%00%(upstream:remoteref) refs/heads/master refs/remotes/master [1ms]
2026-05-17 04:27:59.866 [info] > git for-each-ref --sort -committerdate --format %(refname)%00%(objectname)%00%(*objectname) [2ms]
2026-05-17 04:27:59.894 [info] > git status -z -uall [40ms]
2026-05-17 04:28:04.954 [info] [Git][getRemotes] No remotes found in the git config file
2026-05-17 04:28:04.955 [info] > git config --get commit.template [11ms]
2026-05-17 04:28:04.956 [info] > git for-each-ref --format=%(refname)%00%(upstream:short)%00%(objectname)%00%(upstream:track)%00%(upstream:remotename)%00%(upstream:remoteref) refs/heads/master refs/remotes/master [2ms]
2026-05-17 04:28:04.980 [info] > git for-each-ref --sort -committerdate --format %(refname)%00%(objectname)%00%(*objectname) [2ms]
2026-05-17 04:28:05.009 [info] > git status -z -uall [42ms]
2026-05-17 04:28:10.025 [info] > git config --get commit.template [2ms]
2026-05-17 04:28:10.035 [info] [Git][getRemotes] No remotes found in the git config file
2026-05-17 04:28:10.036 [info] > git for-each-ref --format=%(refname)%00%(upstream:short)%00%(objectname)%00%(upstream:track)%00%(upstream:remotename)%00%(upstream:remoteref) refs/heads/master refs/remotes/master [1ms]
2026-05-17 04:28:10.057 [info] > git for-each-ref --sort -committerdate --format %(refname)%00%(objectname)%00%(*objectname) [1ms]
2026-05-17 04:28:10.085 [info] > git status -z -uall [39ms]
2026-05-17 04:28:17.035 [info] [Git][getRemotes] No remotes found in the git config file
2026-05-17 04:28:17.035 [info] > git config --get commit.template [12ms]
2026-05-17 04:28:17.036 [info] > git for-each-ref --format=%(refname)%00%(upstream:short)%00%(objectname)%00%(upstream:track)%00%(upstream:remotename)%00%(upstream:remoteref) refs/heads/master refs/remotes/master [2ms]
2026-05-17 04:28:17.058 [info] > git for-each-ref --sort -committerdate --format %(refname)%00%(objectname)%00%(*objectname) [2ms]
2026-05-17 04:28:17.086 [info] > git status -z -uall [40ms]
2026-05-17 04:28:22.104 [info] > git config --get commit.template [2ms]
2026-05-17 04:28:22.114 [info] [Git][getRemotes] No remotes found in the git config file
2026-05-17 04:28:22.115 [info] > git for-each-ref --format=%(refname)%00%(upstream:short)%00%(objectname)%00%(upstream:track)%00%(upstream:remotename)%00%(upstream:remoteref) refs/heads/master refs/remotes/master [1ms]
2026-05-17 04:28:22.135 [info] > git for-each-ref --sort -committerdate --format %(refname)%00%(objectname)%00%(*objectname) [1ms]
2026-05-17 04:28:22.163 [info] > git status -z -uall [39ms]
2026-05-17 04:28:27.191 [info] [Git][getRemotes] No remotes found in the git config file
2026-05-17 04:28:27.192 [info] > git config --get commit.template [13ms]
2026-05-17 04:28:27.192 [info] > git for-each-ref --format=%(refname)%00%(upstream:short)%00%(objectname)%00%(upstream:track)%00%(upstream:remotename)%00%(upstream:remoteref) refs/heads/master refs/remotes/master [2ms]
2026-05-17 04:28:27.212 [info] > git for-each-ref --sort -committerdate --format %(refname)%00%(objectname)%00%(*objectname) [2ms]
2026-05-17 04:28:27.242 [info] > git status -z -uall [40ms]
2026-05-17 04:28:32.267 [info] [Git][getRemotes] No remotes found in the git config file
2026-05-17 04:28:32.268 [info] > git config --get commit.template [12ms]
2026-05-17 04:28:32.269 [info] > git for-each-ref --format=%(refname)%00%(upstream:short)%00%(objectname)%00%(upstream:track)%00%(upstream:remotename)%00%(upstream:remoteref) refs/heads/master refs/remotes/master [2ms]
2026-05-17 04:28:32.291 [info] > git for-each-ref --sort -committerdate --format %(refname)%00%(objectname)%00%(*objectname) [2ms]
2026-05-17 04:28:32.318 [info] > git status -z -uall [39ms]
2026-05-17 04:28:37.342 [info] [Git][getRemotes] No remotes found in the git config file
2026-05-17 04:28:37.343 [info] > git config --get commit.template [11ms]
2026-05-17 04:28:37.347 [info] > git for-each-ref --format=%(refname)%00%(upstream:short)%00%(objectname)%00%(upstream:track)%00%(upstream:remotename)%00%(upstream:remoteref) refs/heads/master refs/remotes/master [5ms]
2026-05-17 04:28:37.369 [info] > git for-each-ref --sort -committerdate --format %(refname)%00%(objectname)%00%(*objectname) [2ms]
2026-05-17 04:28:37.395 [info] > git status -z -uall [39ms]
2026-05-17 04:28:42.421 [info] [Git][getRemotes] No remotes found in the git config file
2026-05-17 04:28:42.422 [info] > git config --get commit.template [11ms]
2026-05-17 04:28:42.423 [info] > git for-each-ref --format=%(refname)%00%(upstream:short)%00%(objectname)%00%(upstream:track)%00%(upstream:remotename)%00%(upstream:remoteref) refs/heads/master refs/remotes/master [2ms]
2026-05-17 04:28:42.445 [info] > git for-each-ref --sort -committerdate --format %(refname)%00%(objectname)%00%(*objectname) [1ms]
2026-05-17 04:28:42.474 [info] > git status -z -uall [40ms]
2026-05-17 04:28:47.500 [info] [Git][getRemotes] No remotes found in the git config file
2026-05-17 04:28:47.500 [info] > git config --get commit.template [11ms]
2026-05-17 04:28:47.501 [info] > git for-each-ref --format=%(refname)%00%(upstream:short)%00%(objectname)%00%(upstream:track)%00%(upstream:remotename)%00%(upstream:remoteref) refs/heads/master refs/remotes/master [2ms]
2026-05-17 04:28:47.524 [info] > git for-each-ref --sort -committerdate --format %(refname)%00%(objectname)%00%(*objectname) [1ms]
2026-05-17 04:28:47.552 [info] > git status -z -uall [41ms]
2026-05-17 04:28:52.570 [info] > git config --get commit.template [2ms]
2026-05-17 04:28:52.581 [info] [Git][getRemotes] No remotes found in the git config file
2026-05-17 04:28:52.583 [info] > git for-each-ref --format=%(refname)%00%(upstream:short)%00%(objectname)%00%(upstream:track)%00%(upstream:remotename)%00%(upstream:remoteref) refs/heads/master refs/remotes/master [2ms]
2026-05-17 04:28:52.607 [info] > git for-each-ref --sort -committerdate --format %(refname)%00%(objectname)%00%(*objectname) [3ms]
2026-05-17 04:28:52.633 [info] > git status -z -uall [40ms]
2026-05-17 04:29:07.977 [info] [Git][getRemotes] No remotes found in the git config file
2026-05-17 04:29:07.978 [info] > git config --get commit.template [10ms]
2026-05-17 04:29:07.979 [info] > git for-each-ref --format=%(refname)%00%(upstream:short)%00%(objectname)%00%(upstream:track)%00%(upstream:remotename)%00%(upstream:remoteref) refs/heads/master refs/remotes/master [2ms]
2026-05-17 04:29:07.996 [info] > git for-each-ref --sort -committerdate --format %(refname)%00%(objectname)%00%(*objectname) [1ms]
2026-05-17 04:29:08.025 [info] > git status -z -uall [38ms]
2026-05-17 04:29:27.667 [info] [Git][getRemotes] No remotes found in the git config file
2026-05-17 04:29:27.678 [info] > git config --get commit.template [12ms]
2026-05-17 04:29:27.679 [info] > git for-each-ref --format=%(refname)%00%(upstream:short)%00%(objectname)%00%(upstream:track)%00%(upstream:remotename)%00%(upstream:remoteref) refs/heads/master refs/remotes/master [1ms]
2026-05-17 04:29:27.700 [info] > git for-each-ref --sort -committerdate --format %(refname)%00%(objectname)%00%(*objectname) [1ms]
2026-05-17 04:29:27.729 [info] > git status -z -uall [39ms]
2026-05-17 04:29:32.754 [info] [Git][getRemotes] No remotes found in the git config file
2026-05-17 04:29:32.754 [info] > git config --get commit.template [11ms]
2026-05-17 04:29:32.755 [info] > git for-each-ref --format=%(refname)%00%(upstream:short)%00%(objectname)%00%(upstream:track)%00%(upstream:remotename)%00%(upstream:remoteref) refs/heads/master refs/remotes/master [2ms]
2026-05-17 04:29:32.776 [info] > git for-each-ref --sort -committerdate --format %(refname)%00%(objectname)%00%(*objectname) [1ms]
2026-05-17 04:29:32.806 [info] > git status -z -uall [41ms]
2026-05-17 04:29:37.831 [info] [Git][getRemotes] No remotes found in the git config file
2026-05-17 04:29:37.831 [info] > git config --get commit.template [11ms]
2026-05-17 04:29:37.832 [info] > git for-each-ref --format=%(refname)%00%(upstream:short)%00%(objectname)%00%(upstream:track)%00%(upstream:remotename)%00%(upstream:remoteref) refs/heads/master refs/remotes/master [1ms]
2026-05-17 04:29:37.854 [info] > git for-each-ref --sort -committerdate --format %(refname)%00%(objectname)%00%(*objectname) [2ms]
2026-05-17 04:29:37.881 [info] > git status -z -uall [39ms]
2026-05-17 04:29:45.220 [info] > git fetch [5ms]
2026-05-17 04:29:45.237 [info] [Git][getRemotes] No remotes found in the git config file
2026-05-17 04:29:45.237 [info] > git config --get commit.template [9ms]
2026-05-17 04:29:45.238 [info] > git for-each-ref --format=%(refname)%00%(upstream:short)%00%(objectname)%00%(upstream:track)%00%(upstream:remotename)%00%(upstream:remoteref) refs/heads/master refs/remotes/master [2ms]
2026-05-17 04:29:45.254 [info] > git for-each-ref --sort -committerdate --format %(refname)%00%(objectname)%00%(*objectname) [1ms]
2026-05-17 04:29:45.284 [info] > git status -z -uall [39ms]
2026-05-17 04:29:46.307 [info] [Git][getRemotes] No remotes found in the git config file
2026-05-17 04:29:46.320 [info] > git for-each-ref --format=%(refname)%00%(upstream:short)%00%(objectname)%00%(upstream:track)%00%(upstream:remotename)%00%(upstream:remoteref) refs/heads/master refs/remotes/master [2ms]
2026-05-17 04:29:46.320 [info] > git config --get commit.template [14ms]
2026-05-17 04:29:46.342 [info] > git for-each-ref --sort -committerdate --format %(refname)%00%(objectname)%00%(*objectname) [1ms]
2026-05-17 04:29:46.371 [info] > git status -z -uall [41ms]
2026-05-17 04:30:30.409 [info] > git config --get commit.template [2ms]
2026-05-17 04:30:30.419 [info] [Git][getRemotes] No remotes found in the git config file
2026-05-17 04:30:30.420 [info] > git for-each-ref --format=%(refname)%00%(upstream:short)%00%(objectname)%00%(upstream:track)%00%(upstream:remotename)%00%(upstream:remoteref) refs/heads/master refs/remotes/master [1ms]
2026-05-17 04:30:30.445 [info] > git for-each-ref --sort -committerdate --format %(refname)%00%(objectname)%00%(*objectname) [2ms]
2026-05-17 04:30:30.472 [info] > git status -z -uall [41ms]
2026-05-17 04:30:35.488 [info] > git config --get commit.template [1ms]
2026-05-17 04:30:35.489 [info] [Git][getRemotes] No remotes found in the git config file
2026-05-17 04:30:35.500 [info] > git for-each-ref --format=%(refname)%00%(upstream:short)%00%(objectname)%00%(upstream:track)%00%(upstream:remotename)%00%(upstream:remoteref) refs/heads/master refs/remotes/master [1ms]
2026-05-17 04:30:35.521 [info] > git for-each-ref --sort -committerdate --format %(refname)%00%(objectname)%00%(*objectname) [1ms]
2026-05-17 04:30:35.550 [info] > git status -z -uall [39ms]
2026-05-17 04:30:40.574 [info] [Git][getRemotes] No remotes found in the git config file
2026-05-17 04:30:40.575 [info] > git config --get commit.template [11ms]
2026-05-17 04:30:40.575 [info] > git for-each-ref --format=%(refname)%00%(upstream:short)%00%(objectname)%00%(upstream:track)%00%(upstream:remotename)%00%(upstream:remoteref) refs/heads/master refs/remotes/master [1ms]
2026-05-17 04:30:40.597 [info] > git for-each-ref --sort -committerdate --format %(refname)%00%(objectname)%00%(*objectname) [1ms]
2026-05-17 04:30:40.624 [info] > git status -z -uall [39ms]
2026-05-17 04:30:45.648 [info] [Git][getRemotes] No remotes found in the git config file
2026-05-17 04:30:45.650 [info] > git for-each-ref --format=%(refname)%00%(upstream:short)%00%(objectname)%00%(upstream:track)%00%(upstream:remotename)%00%(upstream:remoteref) refs/heads/master refs/remotes/master [2ms]
2026-05-17 04:30:45.650 [info] > git config --get commit.template [12ms]
2026-05-17 04:30:45.673 [info] > git for-each-ref --sort -committerdate --format %(refname)%00%(objectname)%00%(*objectname) [3ms]
2026-05-17 04:30:45.698 [info] > git status -z -uall [39ms]
2026-05-17 04:30:56.956 [info] > git config --get commit.template [2ms]
2026-05-17 04:30:56.968 [info] [Git][getRemotes] No remotes found in the git config file
2026-05-17 04:30:56.969 [info] > git for-each-ref --format=%(refname)%00%(upstream:short)%00%(objectname)%00%(upstream:track)%00%(upstream:remotename)%00%(upstream:remoteref) refs/heads/master refs/remotes/master [2ms]
2026-05-17 04:30:56.991 [info] > git for-each-ref --sort -committerdate --format %(refname)%00%(objectname)%00%(*objectname) [1ms]
2026-05-17 04:30:57.022 [info] > git status -z -uall [43ms]
2026-05-17 04:31:02.047 [info] [Git][getRemotes] No remotes found in the git config file
2026-05-17 04:31:02.048 [info] > git config --get commit.template [12ms]
2026-05-17 04:31:02.048 [info] > git for-each-ref --format=%(refname)%00%(upstream:short)%00%(objectname)%00%(upstream:track)%00%(upstream:remotename)%00%(upstream:remoteref) refs/heads/master refs/remotes/master [1ms]
2026-05-17 04:31:02.071 [info] > git for-each-ref --sort -committerdate --format %(refname)%00%(objectname)%00%(*objectname) [1ms]
2026-05-17 04:31:02.099 [info] > git status -z -uall [41ms]
2026-05-17 04:31:07.125 [info] [Git][getRemotes] No remotes found in the git config file
2026-05-17 04:31:07.126 [info] > git config --get commit.template [12ms]
2026-05-17 04:31:07.126 [info] > git for-each-ref --format=%(refname)%00%(upstream:short)%00%(objectname)%00%(upstream:track)%00%(upstream:remotename)%00%(upstream:remoteref) refs/heads/master refs/remotes/master [1ms]
2026-05-17 04:31:07.149 [info] > git for-each-ref --sort -committerdate --format %(refname)%00%(objectname)%00%(*objectname) [2ms]
2026-05-17 04:31:07.177 [info] > git status -z -uall [40ms]
2026-05-17 04:31:12.204 [info] [Git][getRemotes] No remotes found in the git config file
2026-05-17 04:31:12.205 [info] > git config --get commit.template [13ms]
2026-05-17 04:31:12.206 [info] > git for-each-ref --format=%(refname)%00%(upstream:short)%00%(objectname)%00%(upstream:track)%00%(upstream:remotename)%00%(upstream:remoteref) refs/heads/master refs/remotes/master [2ms]
2026-05-17 04:31:12.229 [info] > git for-each-ref --sort -committerdate --format %(refname)%00%(objectname)%00%(*objectname) [1ms]
2026-05-17 04:31:12.255 [info] > git status -z -uall [39ms]
2026-05-17 04:31:18.748 [info] [Git][getRemotes] No remotes found in the git config file
2026-05-17 04:31:18.749 [info] > git config --get commit.template [13ms]
2026-05-17 04:31:18.750 [info] > git for-each-ref --format=%(refname)%00%(upstream:short)%00%(objectname)%00%(upstream:track)%00%(upstream:remotename)%00%(upstream:remoteref) refs/heads/master refs/remotes/master [2ms]
2026-05-17 04:31:18.773 [info] > git for-each-ref --sort -committerdate --format %(refname)%00%(objectname)%00%(*objectname) [1ms]
2026-05-17 04:31:18.799 [info] > git status -z -uall [38ms]
2026-05-17 04:31:30.328 [info] [Git][getRemotes] No remotes found in the git config file
2026-05-17 04:31:30.328 [info] > git config --get commit.template [12ms]
2026-05-17 04:31:30.329 [info] > git for-each-ref --format=%(refname)%00%(upstream:short)%00%(objectname)%00%(upstream:track)%00%(upstream:remotename)%00%(upstream:remoteref) refs/heads/master refs/remotes/master [2ms]
2026-05-17 04:31:30.351 [info] > git for-each-ref --sort -committerdate --format %(refname)%00%(objectname)%00%(*objectname) [1ms]
2026-05-17 04:31:30.379 [info] > git status -z -uall [39ms]
2026-05-17 04:31:35.405 [info] [Git][getRemotes] No remotes found in the git config file
2026-05-17 04:31:35.406 [info] > git config --get commit.template [11ms]
2026-05-17 04:31:35.406 [info] > git for-each-ref --format=%(refname)%00%(upstream:short)%00%(objectname)%00%(upstream:track)%00%(upstream:remotename)%00%(upstream:remoteref) refs/heads/master refs/remotes/master [1ms]
2026-05-17 04:31:35.428 [info] > git for-each-ref --sort -committerdate --format %(refname)%00%(objectname)%00%(*objectname) [1ms]
2026-05-17 04:31:35.455 [info] > git status -z -uall [39ms]
2026-05-17 04:31:41.173 [info] [Git][getRemotes] No remotes found in the git config file
2026-05-17 04:31:41.173 [info] > git config --get commit.template [11ms]
2026-05-17 04:31:41.174 [info] > git for-each-ref --format=%(refname)%00%(upstream:short)%00%(objectname)%00%(upstream:track)%00%(upstream:remotename)%00%(upstream:remoteref) refs/heads/master refs/remotes/master [1ms]
2026-05-17 04:31:41.196 [info] > git for-each-ref --sort -committerdate --format %(refname)%00%(objectname)%00%(*objectname) [1ms]
2026-05-17 04:31:41.223 [info] > git status -z -uall [39ms]
2026-05-17 04:31:46.249 [info] [Git][getRemotes] No remotes found in the git config file
2026-05-17 04:31:46.250 [info] > git config --get commit.template [12ms]
2026-05-17 04:31:46.251 [info] > git for-each-ref --format=%(refname)%00%(upstream:short)%00%(objectname)%00%(upstream:track)%00%(upstream:remotename)%00%(upstream:remoteref) refs/heads/master refs/remotes/master [2ms]
2026-05-17 04:31:46.273 [info] > git for-each-ref --sort -committerdate --format %(refname)%00%(objectname)%00%(*objectname) [1ms]
2026-05-17 04:31:46.301 [info] > git status -z -uall [40ms]
2026-05-17 04:31:58.103 [info] [Git][getRemotes] No remotes found in the git config file
2026-05-17 04:31:58.103 [info] > git config --get commit.template [12ms]
2026-05-17 04:31:58.104 [info] > git for-each-ref --format=%(refname)%00%(upstream:short)%00%(objectname)%00%(upstream:track)%00%(upstream:remotename)%00%(upstream:remoteref) refs/heads/master refs/remotes/master [2ms]
2026-05-17 04:31:58.127 [info] > git for-each-ref --sort -committerdate --format %(refname)%00%(objectname)%00%(*objectname) [1ms]
2026-05-17 04:31:58.153 [info] > git status -z -uall [38ms]
2026-05-17 04:32:03.180 [info] [Git][getRemotes] No remotes found in the git config file
2026-05-17 04:32:03.181 [info] > git config --get commit.template [12ms]
2026-05-17 04:32:03.181 [info] > git for-each-ref --format=%(refname)%00%(upstream:short)%00%(objectname)%00%(upstream:track)%00%(upstream:remotename)%00%(upstream:remoteref) refs/heads/master refs/remotes/master [1ms]
2026-05-17 04:32:03.204 [info] > git for-each-ref --sort -committerdate --format %(refname)%00%(objectname)%00%(*objectname) [1ms]
2026-05-17 04:32:03.232 [info] > git status -z -uall [40ms]
2026-05-17 04:32:12.624 [info] [Git][getRemotes] No remotes found in the git config file
2026-05-17 04:32:12.625 [info] > git config --get commit.template [13ms]
2026-05-17 04:32:12.625 [info] > git for-each-ref --format=%(refname)%00%(upstream:short)%00%(objectname)%00%(upstream:track)%00%(upstream:remotename)%00%(upstream:remoteref) refs/heads/master refs/remotes/master [1ms]
2026-05-17 04:32:12.650 [info] > git for-each-ref --sort -committerdate --format %(refname)%00%(objectname)%00%(*objectname) [1ms]
2026-05-17 04:32:12.677 [info] > git status -z -uall [40ms]
2026-05-17 04:32:17.705 [info] [Git][getRemotes] No remotes found in the git config file
2026-05-17 04:32:17.706 [info] > git config --get commit.template [11ms]
2026-05-17 04:32:17.706 [info] > git for-each-ref --format=%(refname)%00%(upstream:short)%00%(objectname)%00%(upstream:track)%00%(upstream:remotename)%00%(upstream:remoteref) refs/heads/master refs/remotes/master [1ms]
2026-05-17 04:32:17.729 [info] > git for-each-ref --sort -committerdate --format %(refname)%00%(objectname)%00%(*objectname) [1ms]
2026-05-17 04:32:17.756 [info] > git status -z -uall [40ms]
2026-05-17 04:32:22.786 [info] [Git][getRemotes] No remotes found in the git config file
2026-05-17 04:32:22.787 [info] > git config --get commit.template [13ms]
2026-05-17 04:32:22.788 [info] > git for-each-ref --format=%(refname)%00%(upstream:short)%00%(objectname)%00%(upstream:track)%00%(upstream:remotename)%00%(upstream:remoteref) refs/heads/master refs/remotes/master [2ms]
2026-05-17 04:32:22.814 [info] > git for-each-ref --sort -committerdate --format %(refname)%00%(objectname)%00%(*objectname) [2ms]
2026-05-17 04:32:22.839 [info] > git status -z -uall [41ms]
2026-05-17 04:32:32.798 [info] [Git][getRemotes] No remotes found in the git config file
2026-05-17 04:32:32.799 [info] > git config --get commit.template [12ms]
2026-05-17 04:32:32.800 [info] > git for-each-ref --format=%(refname)%00%(upstream:short)%00%(objectname)%00%(upstream:track)%00%(upstream:remotename)%00%(upstream:remoteref) refs/heads/master refs/remotes/master [2ms]
2026-05-17 04:32:32.823 [info] > git for-each-ref --sort -committerdate --format %(refname)%00%(objectname)%00%(*objectname) [1ms]
2026-05-17 04:32:32.850 [info] > git status -z -uall [40ms]
2026-05-17 04:32:45.303 [info] > git fetch [6ms]
2026-05-17 04:32:45.323 [info] [Git][getRemotes] No remotes found in the git config file
2026-05-17 04:32:45.323 [info] > git config --get commit.template [9ms]
2026-05-17 04:32:45.324 [info] > git for-each-ref --format=%(refname)%00%(upstream:short)%00%(objectname)%00%(upstream:track)%00%(upstream:remotename)%00%(upstream:remoteref) refs/heads/master refs/remotes/master [2ms]
2026-05-17 04:32:45.342 [info] > git for-each-ref --sort -committerdate --format %(refname)%00%(objectname)%00%(*objectname) [1ms]
2026-05-17 04:32:45.370 [info] > git status -z -uall [38ms]
2026-05-17 04:32:46.448 [info] [Git][getRemotes] No remotes found in the git config file
2026-05-17 04:32:46.449 [info] > git config --get commit.template [12ms]
2026-05-17 04:32:46.449 [info] > git for-each-ref --format=%(refname)%00%(upstream:short)%00%(objectname)%00%(upstream:track)%00%(upstream:remotename)%00%(upstream:remoteref) refs/heads/master refs/remotes/master [1ms]
2026-05-17 04:32:46.472 [info] > git for-each-ref --sort -committerdate --format %(refname)%00%(objectname)%00%(*objectname) [1ms]
2026-05-17 04:32:46.499 [info] > git status -z -uall [39ms]
2026-05-17 04:32:53.293 [info] [Git][getRemotes] No remotes found in the git config file
2026-05-17 04:32:53.293 [info] > git config --get commit.template [12ms]
2026-05-17 04:32:53.294 [info] > git for-each-ref --format=%(refname)%00%(upstream:short)%00%(objectname)%00%(upstream:track)%00%(upstream:remotename)%00%(upstream:remoteref) refs/heads/master refs/remotes/master [2ms]
2026-05-17 04:32:53.317 [info] > git for-each-ref --sort -committerdate --format %(refname)%00%(objectname)%00%(*objectname) [2ms]
2026-05-17 04:32:53.345 [info] > git status -z -uall [41ms]
2026-05-17 04:32:58.372 [info] [Git][getRemotes] No remotes found in the git config file
2026-05-17 04:32:58.373 [info] > git config --get commit.template [12ms]
2026-05-17 04:32:58.373 [info] > git for-each-ref --format=%(refname)%00%(upstream:short)%00%(objectname)%00%(upstream:track)%00%(upstream:remotename)%00%(upstream:remoteref) refs/heads/master refs/remotes/master [1ms]
2026-05-17 04:32:58.397 [info] > git for-each-ref --sort -committerdate --format %(refname)%00%(objectname)%00%(*objectname) [2ms]
2026-05-17 04:32:58.424 [info] > git status -z -uall [40ms]
2026-05-17 04:33:07.984 [info] [Git][getRemotes] No remotes found in the git config file
2026-05-17 04:33:07.995 [info] > git config --get commit.template [12ms]
2026-05-17 04:33:07.996 [info] > git for-each-ref --format=%(refname)%00%(upstream:short)%00%(objectname)%00%(upstream:track)%00%(upstream:remotename)%00%(upstream:remoteref) refs/heads/master refs/remotes/master [2ms]
2026-05-17 04:33:08.018 [info] > git for-each-ref --sort -committerdate --format %(refname)%00%(objectname)%00%(*objectname) [1ms]
2026-05-17 04:33:08.045 [info] > git status -z -uall [39ms]
2026-05-17 04:33:31.925 [info] [Git][getRemotes] No remotes found in the git config file
2026-05-17 04:33:31.926 [info] > git config --get commit.template [12ms]
2026-05-17 04:33:31.926 [info] > git for-each-ref --format=%(refname)%00%(upstream:short)%00%(objectname)%00%(upstream:track)%00%(upstream:remotename)%00%(upstream:remoteref) refs/heads/master refs/remotes/master [1ms]
2026-05-17 04:33:31.948 [info] > git for-each-ref --sort -committerdate --format %(refname)%00%(objectname)%00%(*objectname) [1ms]
2026-05-17 04:33:31.976 [info] > git status -z -uall [40ms]
2026-05-17 04:33:40.840 [info] > git config --get commit.template [2ms]
2026-05-17 04:33:40.848 [info] [Git][getRemotes] No remotes found in the git config file
2026-05-17 04:33:40.849 [info] > git for-each-ref --format=%(refname)%00%(upstream:short)%00%(objectname)%00%(upstream:track)%00%(upstream:remotename)%00%(upstream:remoteref) refs/heads/master refs/remotes/master [1ms]
2026-05-17 04:33:40.868 [info] > git for-each-ref --sort -committerdate --format %(refname)%00%(objectname)%00%(*objectname) [2ms]
2026-05-17 04:33:40.897 [info] > git status -z -uall [40ms]
2026-05-17 04:33:45.920 [info] [Git][getRemotes] No remotes found in the git config file
2026-05-17 04:33:45.921 [info] > git config --get commit.template [9ms]
2026-05-17 04:33:45.922 [info] > git for-each-ref --format=%(refname)%00%(upstream:short)%00%(objectname)%00%(upstream:track)%00%(upstream:remotename)%00%(upstream:remoteref) refs/heads/master refs/remotes/master [2ms]
2026-05-17 04:33:45.940 [info] > git for-each-ref --sort -committerdate --format %(refname)%00%(objectname)%00%(*objectname) [2ms]
2026-05-17 04:33:45.969 [info] > git status -z -uall [39ms]
2026-05-17 04:33:56.987 [info] > git config --get commit.template [1ms]
2026-05-17 04:33:56.995 [info] [Git][getRemotes] No remotes found in the git config file
2026-05-17 04:33:56.996 [info] > git for-each-ref --format=%(refname)%00%(upstream:short)%00%(objectname)%00%(upstream:track)%00%(upstream:remotename)%00%(upstream:remoteref) refs/heads/master refs/remotes/master [1ms]
2026-05-17 04:33:57.014 [info] > git for-each-ref --sort -committerdate --format %(refname)%00%(objectname)%00%(*objectname) [1ms]
2026-05-17 04:33:57.043 [info] > git status -z -uall [40ms]
2026-05-17 04:34:05.114 [info] [Git][getRemotes] No remotes found in the git config file
2026-05-17 04:34:05.114 [info] > git config --get commit.template [10ms]
2026-05-17 04:34:05.115 [info] > git for-each-ref --format=%(refname)%00%(upstream:short)%00%(objectname)%00%(upstream:track)%00%(upstream:remotename)%00%(upstream:remoteref) refs/heads/master refs/remotes/master [1ms]
2026-05-17 04:34:05.136 [info] > git for-each-ref --sort -committerdate --format %(refname)%00%(objectname)%00%(*objectname) [1ms]
2026-05-17 04:34:05.164 [info] > git status -z -uall [40ms]
2026-05-17 04:34:15.033 [info] > git config --get commit.template [2ms]
2026-05-17 04:34:15.044 [info] [Git][getRemotes] No remotes found in the git config file
2026-05-17 04:34:15.045 [info] > git for-each-ref --format=%(refname)%00%(upstream:short)%00%(objectname)%00%(upstream:track)%00%(upstream:remotename)%00%(upstream:remoteref) refs/heads/master refs/remotes/master [1ms]
2026-05-17 04:34:15.066 [info] > git for-each-ref --sort -committerdate --format %(refname)%00%(objectname)%00%(*objectname) [2ms]
2026-05-17 04:34:15.095 [info] > git status -z -uall [41ms]
2026-05-17 04:34:20.122 [info] [Git][getRemotes] No remotes found in the git config file
2026-05-17 04:34:20.123 [info] > git config --get commit.template [11ms]
2026-05-17 04:34:20.123 [info] > git for-each-ref --format=%(refname)%00%(upstream:short)%00%(objectname)%00%(upstream:track)%00%(upstream:remotename)%00%(upstream:remoteref) refs/heads/master refs/remotes/master [1ms]
2026-05-17 04:34:20.146 [info] > git for-each-ref --sort -committerdate --format %(refname)%00%(objectname)%00%(*objectname) [2ms]
2026-05-17 04:34:20.174 [info] > git status -z -uall [41ms]
2026-05-17 04:34:26.246 [info] > git config --get commit.template [2ms]
2026-05-17 04:34:26.262 [info] [Git][getRemotes] No remotes found in the git config file
2026-05-17 04:34:26.263 [info] > git for-each-ref --format=%(refname)%00%(upstream:short)%00%(objectname)%00%(upstream:track)%00%(upstream:remotename)%00%(upstream:remoteref) refs/heads/master refs/remotes/master [2ms]
2026-05-17 04:34:26.291 [info] > git for-each-ref --sort -committerdate --format %(refname)%00%(objectname)%00%(*objectname) [2ms]
2026-05-17 04:34:26.319 [info] > git status -z -uall [43ms]
2026-05-17 04:35:02.349 [info] > git config --get commit.template [1ms]
2026-05-17 04:35:02.357 [info] [Git][getRemotes] No remotes found in the git config file
2026-05-17 04:35:02.358 [info] > git for-each-ref --format=%(refname)%00%(upstream:short)%00%(objectname)%00%(upstream:track)%00%(upstream:remotename)%00%(upstream:remoteref) refs/heads/master refs/remotes/master [1ms]
2026-05-17 04:35:02.376 [info] > git for-each-ref --sort -committerdate --format %(refname)%00%(objectname)%00%(*objectname) [1ms]
2026-05-17 04:35:02.408 [info] > git status -z -uall [42ms]
2026-05-17 04:35:45.390 [info] > git fetch [6ms]
2026-05-17 04:35:45.407 [info] [Git][getRemotes] No remotes found in the git config file
2026-05-17 04:35:45.407 [info] > git config --get commit.template [9ms]
2026-05-17 04:35:45.408 [info] > git for-each-ref --format=%(refname)%00%(upstream:short)%00%(objectname)%00%(upstream:track)%00%(upstream:remotename)%00%(upstream:remoteref) refs/heads/master refs/remotes/master [1ms]
2026-05-17 04:35:45.425 [info] > git for-each-ref --sort -committerdate --format %(refname)%00%(objectname)%00%(*objectname) [1ms]
2026-05-17 04:35:45.455 [info] > git status -z -uall [39ms]
2026-05-17 04:35:46.486 [info] [Git][getRemotes] No remotes found in the git config file
2026-05-17 04:35:46.487 [info] > git config --get commit.template [12ms]
2026-05-17 04:35:46.487 [info] > git for-each-ref --format=%(refname)%00%(upstream:short)%00%(objectname)%00%(upstream:track)%00%(upstream:remotename)%00%(upstream:remoteref) refs/heads/master refs/remotes/master [1ms]
2026-05-17 04:35:46.509 [info] > git for-each-ref --sort -committerdate --format %(refname)%00%(objectname)%00%(*objectname) [1ms]
2026-05-17 04:35:46.537 [info] > git status -z -uall [40ms]
2026-05-17 04:36:02.992 [info] > git config --get commit.template [1ms]
2026-05-17 04:36:03.000 [info] [Git][getRemotes] No remotes found in the git config file
2026-05-17 04:36:03.001 [info] > git for-each-ref --format=%(refname)%00%(upstream:short)%00%(objectname)%00%(upstream:track)%00%(upstream:remotename)%00%(upstream:remoteref) refs/heads/master refs/remotes/master [1ms]
2026-05-17 04:36:03.018 [info] > git for-each-ref --sort -committerdate --format %(refname)%00%(objectname)%00%(*objectname) [1ms]
2026-05-17 04:36:03.048 [info] > git status -z -uall [40ms]
2026-05-17 04:36:18.222 [info] [Git][getRemotes] No remotes found in the git config file
2026-05-17 04:36:18.222 [info] > git config --get commit.template [11ms]
2026-05-17 04:36:18.223 [info] > git for-each-ref --format=%(refname)%00%(upstream:short)%00%(objectname)%00%(upstream:track)%00%(upstream:remotename)%00%(upstream:remoteref) refs/heads/master refs/remotes/master [1ms]
2026-05-17 04:36:18.244 [info] > git for-each-ref --sort -committerdate --format %(refname)%00%(objectname)%00%(*objectname) [2ms]
2026-05-17 04:36:18.273 [info] > git status -z -uall [40ms]
2026-05-17 04:36:23.288 [info] > git config --get commit.template [2ms]
2026-05-17 04:36:23.299 [info] [Git][getRemotes] No remotes found in the git config file
2026-05-17 04:36:23.300 [info] > git for-each-ref --format=%(refname)%00%(upstream:short)%00%(objectname)%00%(upstream:track)%00%(upstream:remotename)%00%(upstream:remoteref) refs/heads/master refs/remotes/master [1ms]
2026-05-17 04:36:23.321 [info] > git for-each-ref --sort -committerdate --format %(refname)%00%(objectname)%00%(*objectname) [1ms]
2026-05-17 04:36:23.350 [info] > git status -z -uall [40ms]
2026-05-17 04:37:09.658 [info] > git config --get commit.template [2ms]
2026-05-17 04:37:09.668 [info] [Git][getRemotes] No remotes found in the git config file
2026-05-17 04:37:09.669 [info] > git for-each-ref --format=%(refname)%00%(upstream:short)%00%(objectname)%00%(upstream:track)%00%(upstream:remotename)%00%(upstream:remoteref) refs/heads/master refs/remotes/master [1ms]
2026-05-17 04:37:09.689 [info] > git for-each-ref --sort -committerdate --format %(refname)%00%(objectname)%00%(*objectname) [1ms]
2026-05-17 04:37:09.719 [info] > git status -z -uall [40ms]
2026-05-17 04:37:18.950 [info] [Git][getRemotes] No remotes found in the git config file
2026-05-17 04:37:18.950 [info] > git config --get commit.template [11ms]
2026-05-17 04:37:18.951 [info] > git for-each-ref --format=%(refname)%00%(upstream:short)%00%(objectname)%00%(upstream:track)%00%(upstream:remotename)%00%(upstream:remoteref) refs/heads/master refs/remotes/master [1ms]
2026-05-17 04:37:18.972 [info] > git for-each-ref --sort -committerdate --format %(refname)%00%(objectname)%00%(*objectname) [2ms]
2026-05-17 04:37:19.002 [info] > git status -z -uall [41ms]
2026-05-17 04:38:11.297 [info] [Git][getRemotes] No remotes found in the git config file
2026-05-17 04:38:11.298 [info] > git config --get commit.template [12ms]
2026-05-17 04:38:11.298 [info] > git for-each-ref --format=%(refname)%00%(upstream:short)%00%(objectname)%00%(upstream:track)%00%(upstream:remotename)%00%(upstream:remoteref) refs/heads/master refs/remotes/master [1ms]
2026-05-17 04:38:11.322 [info] > git for-each-ref --sort -committerdate --format %(refname)%00%(objectname)%00%(*objectname) [1ms]
2026-05-17 04:38:11.350 [info] > git status -z -uall [42ms]
2026-05-17 04:38:16.375 [info] [Git][getRemotes] No remotes found in the git config file
2026-05-17 04:38:16.376 [info] > git config --get commit.template [12ms]
2026-05-17 04:38:16.376 [info] > git for-each-ref --format=%(refname)%00%(upstream:short)%00%(objectname)%00%(upstream:track)%00%(upstream:remotename)%00%(upstream:remoteref) refs/heads/master refs/remotes/master [1ms]
2026-05-17 04:38:16.399 [info] > git for-each-ref --sort -committerdate --format %(refname)%00%(objectname)%00%(*objectname) [2ms]
2026-05-17 04:38:16.427 [info] > git status -z -uall [40ms]
2026-05-17 04:38:21.452 [info] [Git][getRemotes] No remotes found in the git config file
2026-05-17 04:38:21.453 [info] > git config --get commit.template [11ms]
2026-05-17 04:38:21.454 [info] > git for-each-ref --format=%(refname)%00%(upstream:short)%00%(objectname)%00%(upstream:track)%00%(upstream:remotename)%00%(upstream:remoteref) refs/heads/master refs/remotes/master [2ms]
2026-05-17 04:38:21.471 [info] > git for-each-ref --sort -committerdate --format %(refname)%00%(objectname)%00%(*objectname) [1ms]
2026-05-17 04:38:21.501 [info] > git status -z -uall [40ms]
2026-05-17 04:38:31.122 [info] [Git][getRemotes] No remotes found in the git config file
2026-05-17 04:38:31.123 [info] > git config --get commit.template [8ms]
2026-05-17 04:38:31.124 [info] > git for-each-ref --format=%(refname)%00%(upstream:short)%00%(objectname)%00%(upstream:track)%00%(upstream:remotename)%00%(upstream:remoteref) refs/heads/master refs/remotes/master [1ms]
2026-05-17 04:38:31.142 [info] > git for-each-ref --sort -committerdate --format %(refname)%00%(objectname)%00%(*objectname) [1ms]
2026-05-17 04:38:31.171 [info] > git status -z -uall [40ms]
2026-05-17 04:38:44.160 [info] [Git][getRemotes] No remotes found in the git config file
2026-05-17 04:38:44.161 [info] > git config --get commit.template [14ms]
2026-05-17 04:38:44.161 [info] > git for-each-ref --format=%(refname)%00%(upstream:short)%00%(objectname)%00%(upstream:track)%00%(upstream:remotename)%00%(upstream:remoteref) refs/heads/master refs/remotes/master [1ms]
2026-05-17 04:38:44.185 [info] > git for-each-ref --sort -committerdate --format %(refname)%00%(objectname)%00%(*objectname) [1ms]
2026-05-17 04:38:44.211 [info] > git status -z -uall [38ms]
2026-05-17 04:38:45.474 [info] > git fetch [5ms]
2026-05-17 04:38:45.491 [info] [Git][getRemotes] No remotes found in the git config file
2026-05-17 04:38:45.493 [info] > git for-each-ref --format=%(refname)%00%(upstream:short)%00%(objectname)%00%(upstream:track)%00%(upstream:remotename)%00%(upstream:remoteref) refs/heads/master refs/remotes/master [2ms]
2026-05-17 04:38:45.493 [info] > git config --get commit.template [10ms]
2026-05-17 04:38:45.511 [info] > git for-each-ref --sort -committerdate --format %(refname)%00%(objectname)%00%(*objectname) [2ms]
2026-05-17 04:38:45.539 [info] > git status -z -uall [38ms]
2026-05-17 04:38:49.238 [info] [Git][getRemotes] No remotes found in the git config file
2026-05-17 04:38:49.239 [info] > git config --get commit.template [12ms]
2026-05-17 04:38:49.239 [info] > git for-each-ref --format=%(refname)%00%(upstream:short)%00%(objectname)%00%(upstream:track)%00%(upstream:remotename)%00%(upstream:remoteref) refs/heads/master refs/remotes/master [1ms]
2026-05-17 04:38:49.262 [info] > git for-each-ref --sort -committerdate --format %(refname)%00%(objectname)%00%(*objectname) [2ms]
2026-05-17 04:38:49.289 [info] > git status -z -uall [40ms]
2026-05-17 04:38:54.338 [info] [Git][getRemotes] No remotes found in the git config file
2026-05-17 04:38:54.338 [info] > git config --get commit.template [12ms]
2026-05-17 04:38:54.339 [info] > git for-each-ref --format=%(refname)%00%(upstream:short)%00%(objectname)%00%(upstream:track)%00%(upstream:remotename)%00%(upstream:remoteref) refs/heads/master refs/remotes/master [1ms]
2026-05-17 04:38:54.361 [info] > git for-each-ref --sort -committerdate --format %(refname)%00%(objectname)%00%(*objectname) [1ms]
2026-05-17 04:38:54.389 [info] > git status -z -uall [39ms]
2026-05-17 04:38:59.417 [info] [Git][getRemotes] No remotes found in the git config file
2026-05-17 04:38:59.418 [info] > git config --get commit.template [12ms]
2026-05-17 04:38:59.418 [info] > git for-each-ref --format=%(refname)%00%(upstream:short)%00%(objectname)%00%(upstream:track)%00%(upstream:remotename)%00%(upstream:remoteref) refs/heads/master refs/remotes/master [1ms]
2026-05-17 04:38:59.440 [info] > git for-each-ref --sort -committerdate --format %(refname)%00%(objectname)%00%(*objectname) [1ms]
2026-05-17 04:38:59.468 [info] > git status -z -uall [40ms]
2026-05-17 04:39:09.792 [info] [Git][getRemotes] No remotes found in the git config file
2026-05-17 04:39:09.793 [info] > git config --get commit.template [12ms]
2026-05-17 04:39:09.794 [info] > git for-each-ref --format=%(refname)%00%(upstream:short)%00%(objectname)%00%(upstream:track)%00%(upstream:remotename)%00%(upstream:remoteref) refs/heads/master refs/remotes/master [2ms]
2026-05-17 04:39:09.817 [info] > git for-each-ref --sort -committerdate --format %(refname)%00%(objectname)%00%(*objectname) [2ms]
2026-05-17 04:39:09.847 [info] > git status -z -uall [43ms]
2026-05-17 04:39:17.375 [info] [Git][getRemotes] No remotes found in the git config file
2026-05-17 04:39:17.376 [info] > git config --get commit.template [11ms]
2026-05-17 04:39:17.376 [info] > git for-each-ref --format=%(refname)%00%(upstream:short)%00%(objectname)%00%(upstream:track)%00%(upstream:remotename)%00%(upstream:remoteref) refs/heads/master refs/remotes/master [1ms]
2026-05-17 04:39:17.400 [info] > git for-each-ref --sort -committerdate --format %(refname)%00%(objectname)%00%(*objectname) [2ms]
2026-05-17 04:39:17.431 [info] > git status -z -uall [44ms]
2026-05-17 04:39:22.459 [info] [Git][getRemotes] No remotes found in the git config file
2026-05-17 04:39:22.460 [info] > git config --get commit.template [12ms]
2026-05-17 04:39:22.462 [info] > git for-each-ref --format=%(refname)%00%(upstream:short)%00%(objectname)%00%(upstream:track)%00%(upstream:remotename)%00%(upstream:remoteref) refs/heads/master refs/remotes/master [3ms]
2026-05-17 04:39:22.482 [info] > git for-each-ref --sort -committerdate --format %(refname)%00%(objectname)%00%(*objectname) [2ms]
2026-05-17 04:39:22.514 [info] > git status -z -uall [42ms]
2026-05-17 04:39:27.538 [info] [Git][getRemotes] No remotes found in the git config file
2026-05-17 04:39:27.538 [info] > git config --get commit.template [10ms]
2026-05-17 04:39:27.542 [info] > git for-each-ref --format=%(refname)%00%(upstream:short)%00%(objectname)%00%(upstream:track)%00%(upstream:remotename)%00%(upstream:remoteref) refs/heads/master refs/remotes/master [4ms]
2026-05-17 04:39:27.567 [info] > git for-each-ref --sort -committerdate --format %(refname)%00%(objectname)%00%(*objectname) [3ms]
2026-05-17 04:39:27.594 [info] > git status -z -uall [42ms]
2026-05-17 04:39:32.621 [info] [Git][getRemotes] No remotes found in the git config file
2026-05-17 04:39:32.622 [info] > git config --get commit.template [13ms]
2026-05-17 04:39:32.623 [info] > git for-each-ref --format=%(refname)%00%(upstream:short)%00%(objectname)%00%(upstream:track)%00%(upstream:remotename)%00%(upstream:remoteref) refs/heads/master refs/remotes/master [2ms]
2026-05-17 04:39:32.647 [info] > git for-each-ref --sort -committerdate --format %(refname)%00%(objectname)%00%(*objectname) [1ms]
2026-05-17 04:39:32.676 [info] > git status -z -uall [42ms]
2026-05-17 04:39:37.704 [info] [Git][getRemotes] No remotes found in the git config file
2026-05-17 04:39:37.705 [info] > git config --get commit.template [12ms]
2026-05-17 04:39:37.705 [info] > git for-each-ref --format=%(refname)%00%(upstream:short)%00%(objectname)%00%(upstream:track)%00%(upstream:remotename)%00%(upstream:remoteref) refs/heads/master refs/remotes/master [1ms]
2026-05-17 04:39:37.729 [info] > git for-each-ref --sort -committerdate --format %(refname)%00%(objectname)%00%(*objectname) [1ms]
2026-05-17 04:39:37.763 [info] > git status -z -uall [46ms]
2026-05-17 04:39:42.791 [info] [Git][getRemotes] No remotes found in the git config file
2026-05-17 04:39:42.791 [info] > git config --get commit.template [13ms]
2026-05-17 04:39:42.792 [info] > git for-each-ref --format=%(refname)%00%(upstream:short)%00%(objectname)%00%(upstream:track)%00%(upstream:remotename)%00%(upstream:remoteref) refs/heads/master refs/remotes/master [2ms]
2026-05-17 04:39:42.815 [info] > git for-each-ref --sort -committerdate --format %(refname)%00%(objectname)%00%(*objectname) [1ms]
2026-05-17 04:39:42.844 [info] > git status -z -uall [40ms]
2026-05-17 04:39:47.865 [info] [Git][getRemotes] No remotes found in the git config file
2026-05-17 04:39:47.866 [info] > git config --get commit.template [10ms]
2026-05-17 04:39:47.866 [info] > git for-each-ref --format=%(refname)%00%(upstream:short)%00%(objectname)%00%(upstream:track)%00%(upstream:remotename)%00%(upstream:remoteref) refs/heads/master refs/remotes/master [1ms]
2026-05-17 04:39:47.891 [info] > git for-each-ref --sort -committerdate --format %(refname)%00%(objectname)%00%(*objectname) [1ms]
2026-05-17 04:39:47.918 [info] > git status -z -uall [40ms]
2026-05-17 04:39:52.945 [info] [Git][getRemotes] No remotes found in the git config file
2026-05-17 04:39:52.946 [info] > git config --get commit.template [12ms]
2026-05-17 04:39:52.946 [info] > git for-each-ref --format=%(refname)%00%(upstream:short)%00%(objectname)%00%(upstream:track)%00%(upstream:remotename)%00%(upstream:remoteref) refs/heads/master refs/remotes/master [1ms]
2026-05-17 04:39:52.969 [info] > git for-each-ref --sort -committerdate --format %(refname)%00%(objectname)%00%(*objectname) [1ms]
2026-05-17 04:39:52.999 [info] > git status -z -uall [42ms]
2026-05-17 04:39:58.025 [info] [Git][getRemotes] No remotes found in the git config file
2026-05-17 04:39:58.025 [info] > git config --get commit.template [11ms]
2026-05-17 04:39:58.026 [info] > git for-each-ref --format=%(refname)%00%(upstream:short)%00%(objectname)%00%(upstream:track)%00%(upstream:remotename)%00%(upstream:remoteref) refs/heads/master refs/remotes/master [1ms]
2026-05-17 04:39:58.047 [info] > git for-each-ref --sort -committerdate --format %(refname)%00%(objectname)%00%(*objectname) [2ms]
2026-05-17 04:39:58.075 [info] > git status -z -uall [41ms]
2026-05-17 04:40:03.101 [info] [Git][getRemotes] No remotes found in the git config file
2026-05-17 04:40:03.102 [info] > git config --get commit.template [12ms]
2026-05-17 04:40:03.105 [info] > git for-each-ref --format=%(refname)%00%(upstream:short)%00%(objectname)%00%(upstream:track)%00%(upstream:remotename)%00%(upstream:remoteref) refs/heads/master refs/remotes/master [4ms]
2026-05-17 04:40:03.127 [info] > git for-each-ref --sort -committerdate --format %(refname)%00%(objectname)%00%(*objectname) [1ms]
2026-05-17 04:40:03.155 [info] > git status -z -uall [39ms]
2026-05-17 04:40:08.181 [info] [Git][getRemotes] No remotes found in the git config file
2026-05-17 04:40:08.182 [info] > git config --get commit.template [12ms]
2026-05-17 04:40:08.183 [info] > git for-each-ref --format=%(refname)%00%(upstream:short)%00%(objectname)%00%(upstream:track)%00%(upstream:remotename)%00%(upstream:remoteref) refs/heads/master refs/remotes/master [2ms]
2026-05-17 04:40:08.205 [info] > git for-each-ref --sort -committerdate --format %(refname)%00%(objectname)%00%(*objectname) [2ms]
2026-05-17 04:40:08.234 [info] > git status -z -uall [41ms]
2026-05-17 04:40:13.259 [info] [Git][getRemotes] No remotes found in the git config file
2026-05-17 04:40:13.260 [info] > git config --get commit.template [11ms]
2026-05-17 04:40:13.261 [info] > git for-each-ref --format=%(refname)%00%(upstream:short)%00%(objectname)%00%(upstream:track)%00%(upstream:remotename)%00%(upstream:remoteref) refs/heads/master refs/remotes/master [2ms]
2026-05-17 04:40:13.284 [info] > git for-each-ref --sort -committerdate --format %(refname)%00%(objectname)%00%(*objectname) [2ms]
2026-05-17 04:40:13.311 [info] > git status -z -uall [39ms]
2026-05-17 04:40:18.337 [info] [Git][getRemotes] No remotes found in the git config file
2026-05-17 04:40:18.337 [info] > git config --get commit.template [11ms]
2026-05-17 04:40:18.338 [info] > git for-each-ref --format=%(refname)%00%(upstream:short)%00%(objectname)%00%(upstream:track)%00%(upstream:remotename)%00%(upstream:remoteref) refs/heads/master refs/remotes/master [1ms]
2026-05-17 04:40:18.361 [info] > git for-each-ref --sort -committerdate --format %(refname)%00%(objectname)%00%(*objectname) [1ms]
2026-05-17 04:40:18.388 [info] > git status -z -uall [39ms]
2026-05-17 04:40:23.414 [info] [Git][getRemotes] No remotes found in the git config file
2026-05-17 04:40:23.415 [info] > git config --get commit.template [12ms]
2026-05-17 04:40:23.415 [info] > git for-each-ref --format=%(refname)%00%(upstream:short)%00%(objectname)%00%(upstream:track)%00%(upstream:remotename)%00%(upstream:remoteref) refs/heads/master refs/remotes/master [1ms]
2026-05-17 04:40:23.438 [info] > git for-each-ref --sort -committerdate --format %(refname)%00%(objectname)%00%(*objectname) [2ms]
2026-05-17 04:40:23.466 [info] > git status -z -uall [40ms]
2026-05-17 04:41:24.488 [info] [Git][getRemotes] No remotes found in the git config file
2026-05-17 04:41:24.489 [info] > git config --get commit.template [11ms]
2026-05-17 04:41:24.489 [info] > git for-each-ref --format=%(refname)%00%(upstream:short)%00%(objectname)%00%(upstream:track)%00%(upstream:remotename)%00%(upstream:remoteref) refs/heads/master refs/remotes/master [1ms]
2026-05-17 04:41:24.511 [info] > git for-each-ref --sort -committerdate --format %(refname)%00%(objectname)%00%(*objectname) [2ms]
2026-05-17 04:41:24.538 [info] > git status -z -uall [39ms]
2026-05-17 04:41:45.559 [info] > git fetch [6ms]
2026-05-17 04:41:45.580 [info] [Git][getRemotes] No remotes found in the git config file
2026-05-17 04:41:45.581 [info] > git config --get commit.template [11ms]
2026-05-17 04:41:45.581 [info] > git for-each-ref --format=%(refname)%00%(upstream:short)%00%(objectname)%00%(upstream:track)%00%(upstream:remotename)%00%(upstream:remoteref) refs/heads/master refs/remotes/master [1ms]
2026-05-17 04:41:45.604 [info] > git for-each-ref --sort -committerdate --format %(refname)%00%(objectname)%00%(*objectname) [1ms]
2026-05-17 04:41:45.633 [info] > git status -z -uall [40ms]
2026-05-17 04:42:38.772 [info] [Git][getRemotes] No remotes found in the git config file
2026-05-17 04:42:38.783 [info] > git config --get commit.template [11ms]
2026-05-17 04:42:38.784 [info] > git for-each-ref --format=%(refname)%00%(upstream:short)%00%(objectname)%00%(upstream:track)%00%(upstream:remotename)%00%(upstream:remoteref) refs/heads/master refs/remotes/master [1ms]
2026-05-17 04:42:38.807 [info] > git for-each-ref --sort -committerdate --format %(refname)%00%(objectname)%00%(*objectname) [1ms]
2026-05-17 04:42:38.836 [info] > git status -z -uall [41ms]
2026-05-17 04:42:43.862 [info] [Git][getRemotes] No remotes found in the git config file
2026-05-17 04:42:43.863 [info] > git config --get commit.template [12ms]
2026-05-17 04:42:43.863 [info] > git for-each-ref --format=%(refname)%00%(upstream:short)%00%(objectname)%00%(upstream:track)%00%(upstream:remotename)%00%(upstream:remoteref) refs/heads/master refs/remotes/master [1ms]
2026-05-17 04:42:43.886 [info] > git for-each-ref --sort -committerdate --format %(refname)%00%(objectname)%00%(*objectname) [2ms]
2026-05-17 04:42:43.915 [info] > git status -z -uall [41ms]
2026-05-17 04:42:48.942 [info] [Git][getRemotes] No remotes found in the git config file
2026-05-17 04:42:48.942 [info] > git config --get commit.template [12ms]
2026-05-17 04:42:48.943 [info] > git for-each-ref --format=%(refname)%00%(upstream:short)%00%(objectname)%00%(upstream:track)%00%(upstream:remotename)%00%(upstream:remoteref) refs/heads/master refs/remotes/master [2ms]
2026-05-17 04:42:48.966 [info] > git for-each-ref --sort -committerdate --format %(refname)%00%(objectname)%00%(*objectname) [1ms]
2026-05-17 04:42:48.997 [info] > git status -z -uall [42ms]
2026-05-17 04:42:54.023 [info] [Git][getRemotes] No remotes found in the git config file
2026-05-17 04:42:54.024 [info] > git config --get commit.template [13ms]
2026-05-17 04:42:54.024 [info] > git for-each-ref --format=%(refname)%00%(upstream:short)%00%(objectname)%00%(upstream:track)%00%(upstream:remotename)%00%(upstream:remoteref) refs/heads/master refs/remotes/master [1ms]
2026-05-17 04:42:54.047 [info] > git for-each-ref --sort -committerdate --format %(refname)%00%(objectname)%00%(*objectname) [1ms]
2026-05-17 04:42:54.074 [info] > git status -z -uall [39ms]
2026-05-17 04:42:59.090 [info] [Git][getRemotes] No remotes found in the git config file
2026-05-17 04:42:59.101 [info] > git config --get commit.template [12ms]
2026-05-17 04:42:59.101 [info] > git for-each-ref --format=%(refname)%00%(upstream:short)%00%(objectname)%00%(upstream:track)%00%(upstream:remotename)%00%(upstream:remoteref) refs/heads/master refs/remotes/master [1ms]
2026-05-17 04:42:59.123 [info] > git for-each-ref --sort -committerdate --format %(refname)%00%(objectname)%00%(*objectname) [1ms]
2026-05-17 04:42:59.150 [info] > git status -z -uall [39ms]
2026-05-17 04:43:04.179 [info] [Git][getRemotes] No remotes found in the git config file
2026-05-17 04:43:04.180 [info] > git config --get commit.template [12ms]
2026-05-17 04:43:04.180 [info] > git for-each-ref --format=%(refname)%00%(upstream:short)%00%(objectname)%00%(upstream:track)%00%(upstream:remotename)%00%(upstream:remoteref) refs/heads/master refs/remotes/master [1ms]
2026-05-17 04:43:04.205 [info] > git for-each-ref --sort -committerdate --format %(refname)%00%(objectname)%00%(*objectname) [2ms]
2026-05-17 04:43:04.231 [info] > git status -z -uall [39ms]
2026-05-17 04:43:17.678 [info] > git config --get commit.template [2ms]
2026-05-17 04:43:17.688 [info] [Git][getRemotes] No remotes found in the git config file
2026-05-17 04:43:17.689 [info] > git for-each-ref --format=%(refname)%00%(upstream:short)%00%(objectname)%00%(upstream:track)%00%(upstream:remotename)%00%(upstream:remoteref) refs/heads/master refs/remotes/master [1ms]
2026-05-17 04:43:17.712 [info] > git for-each-ref --sort -committerdate --format %(refname)%00%(objectname)%00%(*objectname) [1ms]
2026-05-17 04:43:17.739 [info] > git status -z -uall [40ms]
2026-05-17 04:43:22.765 [info] [Git][getRemotes] No remotes found in the git config file
2026-05-17 04:43:22.766 [info] > git config --get commit.template [11ms]
2026-05-17 04:43:22.766 [info] > git for-each-ref --format=%(refname)%00%(upstream:short)%00%(objectname)%00%(upstream:track)%00%(upstream:remotename)%00%(upstream:remoteref) refs/heads/master refs/remotes/master [1ms]
2026-05-17 04:43:22.788 [info] > git for-each-ref --sort -committerdate --format %(refname)%00%(objectname)%00%(*objectname) [2ms]
2026-05-17 04:43:22.816 [info] > git status -z -uall [40ms]
2026-05-17 04:43:36.909 [info] [Git][getRemotes] No remotes found in the git config file
2026-05-17 04:43:36.909 [info] > git config --get commit.template [11ms]
2026-05-17 04:43:36.910 [info] > git for-each-ref --format=%(refname)%00%(upstream:short)%00%(objectname)%00%(upstream:track)%00%(upstream:remotename)%00%(upstream:remoteref) refs/heads/master refs/remotes/master [2ms]
2026-05-17 04:43:36.933 [info] > git for-each-ref --sort -committerdate --format %(refname)%00%(objectname)%00%(*objectname) [1ms]
2026-05-17 04:43:36.961 [info] > git status -z -uall [41ms]
2026-05-17 04:43:41.986 [info] [Git][getRemotes] No remotes found in the git config file
2026-05-17 04:43:41.987 [info] > git config --get commit.template [11ms]
2026-05-17 04:43:41.987 [info] > git for-each-ref --format=%(refname)%00%(upstream:short)%00%(objectname)%00%(upstream:track)%00%(upstream:remotename)%00%(upstream:remoteref) refs/heads/master refs/remotes/master [1ms]
2026-05-17 04:43:42.009 [info] > git for-each-ref --sort -committerdate --format %(refname)%00%(objectname)%00%(*objectname) [1ms]
2026-05-17 04:43:42.037 [info] > git status -z -uall [39ms]
2026-05-17 04:43:47.061 [info] [Git][getRemotes] No remotes found in the git config file
2026-05-17 04:43:47.061 [info] > git config --get commit.template [9ms]
2026-05-17 04:43:47.062 [info] > git for-each-ref --format=%(refname)%00%(upstream:short)%00%(objectname)%00%(upstream:track)%00%(upstream:remotename)%00%(upstream:remoteref) refs/heads/master refs/remotes/master [1ms]
2026-05-17 04:43:47.082 [info] > git for-each-ref --sort -committerdate --format %(refname)%00%(objectname)%00%(*objectname) [2ms]
2026-05-17 04:43:47.112 [info] > git status -z -uall [41ms]
2026-05-17 04:44:45.655 [info] > git fetch [6ms]
2026-05-17 04:44:45.676 [info] [Git][getRemotes] No remotes found in the git config file
2026-05-17 04:44:45.676 [info] > git config --get commit.template [10ms]
2026-05-17 04:44:45.677 [info] > git for-each-ref --format=%(refname)%00%(upstream:short)%00%(objectname)%00%(upstream:track)%00%(upstream:remotename)%00%(upstream:remoteref) refs/heads/master refs/remotes/master [1ms]
2026-05-17 04:44:45.698 [info] > git for-each-ref --sort -committerdate --format %(refname)%00%(objectname)%00%(*objectname) [1ms]
2026-05-17 04:44:45.726 [info] > git status -z -uall [39ms]
2026-05-17 04:44:46.752 [info] [Git][getRemotes] No remotes found in the git config file
2026-05-17 04:44:46.752 [info] > git config --get commit.template [11ms]
2026-05-17 04:44:46.753 [info] > git for-each-ref --format=%(refname)%00%(upstream:short)%00%(objectname)%00%(upstream:track)%00%(upstream:remotename)%00%(upstream:remoteref) refs/heads/master refs/remotes/master [1ms]
2026-05-17 04:44:46.775 [info] > git for-each-ref --sort -committerdate --format %(refname)%00%(objectname)%00%(*objectname) [1ms]
2026-05-17 04:44:46.803 [info] > git status -z -uall [40ms]
2026-05-17 04:45:44.106 [info] [Git][getRemotes] No remotes found in the git config file
2026-05-17 04:45:44.107 [info] > git config --get commit.template [9ms]
2026-05-17 04:45:44.107 [info] > git for-each-ref --format=%(refname)%00%(upstream:short)%00%(objectname)%00%(upstream:track)%00%(upstream:remotename)%00%(upstream:remoteref) refs/heads/master refs/remotes/master [1ms]
2026-05-17 04:45:44.127 [info] > git for-each-ref --sort -committerdate --format %(refname)%00%(objectname)%00%(*objectname) [1ms]
2026-05-17 04:45:44.156 [info] > git status -z -uall [40ms]
2026-05-17 04:46:19.232 [info] > git config --get commit.template [2ms]
2026-05-17 04:46:19.243 [info] [Git][getRemotes] No remotes found in the git config file
2026-05-17 04:46:19.244 [info] > git for-each-ref --format=%(refname)%00%(upstream:short)%00%(objectname)%00%(upstream:track)%00%(upstream:remotename)%00%(upstream:remoteref) refs/heads/master refs/remotes/master [1ms]
2026-05-17 04:46:19.268 [info] > git for-each-ref --sort -committerdate --format %(refname)%00%(objectname)%00%(*objectname) [2ms]
2026-05-17 04:46:19.294 [info] > git status -z -uall [40ms]
2026-05-17 04:46:26.010 [info] [Git][getRemotes] No remotes found in the git config file
2026-05-17 04:46:26.010 [info] > git config --get commit.template [11ms]
2026-05-17 04:46:26.011 [info] > git for-each-ref --format=%(refname)%00%(upstream:short)%00%(objectname)%00%(upstream:track)%00%(upstream:remotename)%00%(upstream:remoteref) refs/heads/master refs/remotes/master [2ms]
2026-05-17 04:46:26.032 [info] > git for-each-ref --sort -committerdate --format %(refname)%00%(objectname)%00%(*objectname) [1ms]
2026-05-17 04:46:26.062 [info] > git status -z -uall [42ms]
2026-05-17 04:46:31.087 [info] [Git][getRemotes] No remotes found in the git config file
2026-05-17 04:46:31.088 [info] > git config --get commit.template [10ms]
2026-05-17 04:46:31.088 [info] > git for-each-ref --format=%(refname)%00%(upstream:short)%00%(objectname)%00%(upstream:track)%00%(upstream:remotename)%00%(upstream:remoteref) refs/heads/master refs/remotes/master [1ms]
2026-05-17 04:46:31.109 [info] > git for-each-ref --sort -committerdate --format %(refname)%00%(objectname)%00%(*objectname) [1ms]
2026-05-17 04:46:31.137 [info] > git status -z -uall [39ms]
2026-05-17 04:46:53.124 [info] [Git][getRemotes] No remotes found in the git config file
2026-05-17 04:46:53.124 [info] > git config --get commit.template [11ms]
2026-05-17 04:46:53.125 [info] > git for-each-ref --format=%(refname)%00%(upstream:short)%00%(objectname)%00%(upstream:track)%00%(upstream:remotename)%00%(upstream:remoteref) refs/heads/master refs/remotes/master [1ms]
2026-05-17 04:46:53.147 [info] > git for-each-ref --sort -committerdate --format %(refname)%00%(objectname)%00%(*objectname) [1ms]
2026-05-17 04:46:53.176 [info] > git status -z -uall [41ms]
2026-05-17 04:46:58.202 [info] [Git][getRemotes] No remotes found in the git config file
2026-05-17 04:46:58.202 [info] > git config --get commit.template [10ms]
2026-05-17 04:46:58.203 [info] > git for-each-ref --format=%(refname)%00%(upstream:short)%00%(objectname)%00%(upstream:track)%00%(upstream:remotename)%00%(upstream:remoteref) refs/heads/master refs/remotes/master [1ms]
2026-05-17 04:46:58.224 [info] > git for-each-ref --sort -committerdate --format %(refname)%00%(objectname)%00%(*objectname) [1ms]
2026-05-17 04:46:58.253 [info] > git status -z -uall [40ms]
2026-05-17 04:47:03.280 [info] [Git][getRemotes] No remotes found in the git config file
2026-05-17 04:47:03.281 [info] > git config --get commit.template [11ms]
2026-05-17 04:47:03.281 [info] > git for-each-ref --format=%(refname)%00%(upstream:short)%00%(objectname)%00%(upstream:track)%00%(upstream:remotename)%00%(upstream:remoteref) refs/heads/master refs/remotes/master [1ms]
2026-05-17 04:47:03.302 [info] > git for-each-ref --sort -committerdate --format %(refname)%00%(objectname)%00%(*objectname) [1ms]
2026-05-17 04:47:03.331 [info] > git status -z -uall [40ms]
2026-05-17 04:47:24.322 [info] [Git][getRemotes] No remotes found in the git config file
2026-05-17 04:47:24.323 [info] > git config --get commit.template [11ms]
2026-05-17 04:47:24.324 [info] > git for-each-ref --format=%(refname)%00%(upstream:short)%00%(objectname)%00%(upstream:track)%00%(upstream:remotename)%00%(upstream:remoteref) refs/heads/master refs/remotes/master [2ms]
2026-05-17 04:47:24.346 [info] > git for-each-ref --sort -committerdate --format %(refname)%00%(objectname)%00%(*objectname) [2ms]
2026-05-17 04:47:24.374 [info] > git status -z -uall [41ms]
2026-05-17 04:47:29.394 [info] [Git][getRemotes] No remotes found in the git config file
2026-05-17 04:47:29.394 [info] > git config --get commit.template [8ms]
2026-05-17 04:47:29.395 [info] > git for-each-ref --format=%(refname)%00%(upstream:short)%00%(objectname)%00%(upstream:track)%00%(upstream:remotename)%00%(upstream:remoteref) refs/heads/master refs/remotes/master [1ms]
2026-05-17 04:47:29.417 [info] > git for-each-ref --sort -committerdate --format %(refname)%00%(objectname)%00%(*objectname) [2ms]
2026-05-17 04:47:29.446 [info] > git status -z -uall [41ms]
2026-05-17 04:47:34.473 [info] [Git][getRemotes] No remotes found in the git config file
2026-05-17 04:47:34.473 [info] > git config --get commit.template [11ms]
2026-05-17 04:47:34.474 [info] > git for-each-ref --format=%(refname)%00%(upstream:short)%00%(objectname)%00%(upstream:track)%00%(upstream:remotename)%00%(upstream:remoteref) refs/heads/master refs/remotes/master [1ms]
2026-05-17 04:47:34.500 [info] > git for-each-ref --sort -committerdate --format %(refname)%00%(objectname)%00%(*objectname) [2ms]
2026-05-17 04:47:34.526 [info] > git status -z -uall [40ms]
2026-05-17 04:47:45.747 [info] > git fetch [6ms]
2026-05-17 04:47:45.759 [info] > git config --get commit.template [1ms]
2026-05-17 04:47:45.769 [info] [Git][getRemotes] No remotes found in the git config file
2026-05-17 04:47:45.771 [info] > git for-each-ref --format=%(refname)%00%(upstream:short)%00%(objectname)%00%(upstream:track)%00%(upstream:remotename)%00%(upstream:remoteref) refs/heads/master refs/remotes/master [2ms]
2026-05-17 04:47:45.792 [info] > git for-each-ref --sort -committerdate --format %(refname)%00%(objectname)%00%(*objectname) [2ms]
2026-05-17 04:47:45.819 [info] > git status -z -uall [39ms]
2026-05-17 04:47:46.835 [info] > git config --get commit.template [2ms]
2026-05-17 04:47:46.846 [info] [Git][getRemotes] No remotes found in the git config file
2026-05-17 04:47:46.847 [info] > git for-each-ref --format=%(refname)%00%(upstream:short)%00%(objectname)%00%(upstream:track)%00%(upstream:remotename)%00%(upstream:remoteref) refs/heads/master refs/remotes/master [2ms]
2026-05-17 04:47:46.869 [info] > git for-each-ref --sort -committerdate --format %(refname)%00%(objectname)%00%(*objectname) [1ms]
2026-05-17 04:47:46.897 [info] > git status -z -uall [40ms]
2026-05-17 04:47:51.925 [info] [Git][getRemotes] No remotes found in the git config file
2026-05-17 04:47:51.926 [info] > git for-each-ref --format=%(refname)%00%(upstream:short)%00%(objectname)%00%(upstream:track)%00%(upstream:remotename)%00%(upstream:remoteref) refs/heads/master refs/remotes/master [3ms]
2026-05-17 04:47:51.926 [info] > git config --get commit.template [14ms]
2026-05-17 04:47:51.948 [info] > git for-each-ref --sort -committerdate --format %(refname)%00%(objectname)%00%(*objectname) [2ms]
2026-05-17 04:47:51.977 [info] > git status -z -uall [41ms]
2026-05-17 04:47:59.337 [info] > git config --get commit.template [2ms]
2026-05-17 04:47:59.347 [info] [Git][getRemotes] No remotes found in the git config file
2026-05-17 04:47:59.348 [info] > git for-each-ref --format=%(refname)%00%(upstream:short)%00%(objectname)%00%(upstream:track)%00%(upstream:remotename)%00%(upstream:remoteref) refs/heads/master refs/remotes/master [1ms]
2026-05-17 04:47:59.370 [info] > git for-each-ref --sort -committerdate --format %(refname)%00%(objectname)%00%(*objectname) [2ms]
2026-05-17 04:47:59.397 [info] > git status -z -uall [40ms]
2026-05-17 04:48:04.425 [info] [Git][getRemotes] No remotes found in the git config file
2026-05-17 04:48:04.426 [info] > git config --get commit.template [12ms]
2026-05-17 04:48:04.426 [info] > git for-each-ref --format=%(refname)%00%(upstream:short)%00%(objectname)%00%(upstream:track)%00%(upstream:remotename)%00%(upstream:remoteref) refs/heads/master refs/remotes/master [1ms]
2026-05-17 04:48:04.449 [info] > git for-each-ref --sort -committerdate --format %(refname)%00%(objectname)%00%(*objectname) [1ms]
2026-05-17 04:48:04.476 [info] > git status -z -uall [39ms]
2026-05-17 04:48:20.563 [info] [Git][getRemotes] No remotes found in the git config file
2026-05-17 04:48:20.564 [info] > git config --get commit.template [12ms]
2026-05-17 04:48:20.564 [info] > git for-each-ref --format=%(refname)%00%(upstream:short)%00%(objectname)%00%(upstream:track)%00%(upstream:remotename)%00%(upstream:remoteref) refs/heads/master refs/remotes/master [1ms]
2026-05-17 04:48:20.587 [info] > git for-each-ref --sort -committerdate --format %(refname)%00%(objectname)%00%(*objectname) [1ms]
2026-05-17 04:48:20.616 [info] > git status -z -uall [41ms]
2026-05-17 04:48:25.634 [info] [Git][getRemotes] No remotes found in the git config file
2026-05-17 04:48:25.645 [info] > git config --get commit.template [12ms]
2026-05-17 04:48:25.645 [info] > git for-each-ref --format=%(refname)%00%(upstream:short)%00%(objectname)%00%(upstream:track)%00%(upstream:remotename)%00%(upstream:remoteref) refs/heads/master refs/remotes/master [1ms]
2026-05-17 04:48:25.668 [info] > git for-each-ref --sort -committerdate --format %(refname)%00%(objectname)%00%(*objectname) [1ms]
2026-05-17 04:48:25.698 [info] > git status -z -uall [42ms]
2026-05-17 04:48:48.855 [info] [Git][getRemotes] No remotes found in the git config file
2026-05-17 04:48:48.856 [info] > git for-each-ref --format=%(refname)%00%(upstream:short)%00%(objectname)%00%(upstream:track)%00%(upstream:remotename)%00%(upstream:remoteref) refs/heads/master refs/remotes/master [1ms]
2026-05-17 04:48:48.857 [info] > git config --get commit.template [13ms]
2026-05-17 04:48:48.880 [info] > git for-each-ref --sort -committerdate --format %(refname)%00%(objectname)%00%(*objectname) [2ms]
2026-05-17 04:48:48.906 [info] > git status -z -uall [39ms]
2026-05-17 04:49:07.904 [info] [Git][getRemotes] No remotes found in the git config file
2026-05-17 04:49:07.904 [info] > git config --get commit.template [11ms]
2026-05-17 04:49:07.905 [info] > git for-each-ref --format=%(refname)%00%(upstream:short)%00%(objectname)%00%(upstream:track)%00%(upstream:remotename)%00%(upstream:remoteref) refs/heads/master refs/remotes/master [2ms]
2026-05-17 04:49:07.927 [info] > git for-each-ref --sort -committerdate --format %(refname)%00%(objectname)%00%(*objectname) [1ms]
2026-05-17 04:49:07.955 [info] > git status -z -uall [39ms]
2026-05-17 04:49:18.076 [info] [Git][getRemotes] No remotes found in the git config file
2026-05-17 04:49:18.076 [info] > git config --get commit.template [12ms]
2026-05-17 04:49:18.077 [info] > git for-each-ref --format=%(refname)%00%(upstream:short)%00%(objectname)%00%(upstream:track)%00%(upstream:remotename)%00%(upstream:remoteref) refs/heads/master refs/remotes/master [2ms]
2026-05-17 04:49:18.100 [info] > git for-each-ref --sort -committerdate --format %(refname)%00%(objectname)%00%(*objectname) [2ms]
2026-05-17 04:49:18.127 [info] > git status -z -uall [40ms]
2026-05-17 04:49:23.143 [info] [Git][getRemotes] No remotes found in the git config file
2026-05-17 04:49:23.154 [info] > git config --get commit.template [12ms]
2026-05-17 04:49:23.155 [info] > git for-each-ref --format=%(refname)%00%(upstream:short)%00%(objectname)%00%(upstream:track)%00%(upstream:remotename)%00%(upstream:remoteref) refs/heads/master refs/remotes/master [1ms]
2026-05-17 04:49:23.177 [info] > git for-each-ref --sort -committerdate --format %(refname)%00%(objectname)%00%(*objectname) [1ms]
2026-05-17 04:49:23.203 [info] > git status -z -uall [38ms]
2026-05-17 04:49:28.219 [info] [Git][getRemotes] No remotes found in the git config file
2026-05-17 04:49:28.231 [info] > git config --get commit.template [13ms]
2026-05-17 04:49:28.231 [info] > git for-each-ref --format=%(refname)%00%(upstream:short)%00%(objectname)%00%(upstream:track)%00%(upstream:remotename)%00%(upstream:remoteref) refs/heads/master refs/remotes/master [1ms]
2026-05-17 04:49:28.253 [info] > git for-each-ref --sort -committerdate --format %(refname)%00%(objectname)%00%(*objectname) [1ms]
2026-05-17 04:49:28.282 [info] > git status -z -uall [40ms]
2026-05-17 04:49:33.307 [info] [Git][getRemotes] No remotes found in the git config file
2026-05-17 04:49:33.307 [info] > git config --get commit.template [11ms]
2026-05-17 04:49:33.308 [info] > git for-each-ref --format=%(refname)%00%(upstream:short)%00%(objectname)%00%(upstream:track)%00%(upstream:remotename)%00%(upstream:remoteref) refs/heads/master refs/remotes/master [2ms]
2026-05-17 04:49:33.332 [info] > git for-each-ref --sort -committerdate --format %(refname)%00%(objectname)%00%(*objectname) [1ms]
2026-05-17 04:49:33.360 [info] > git status -z -uall [41ms]
2026-05-17 04:49:38.386 [info] [Git][getRemotes] No remotes found in the git config file
2026-05-17 04:49:38.386 [info] > git config --get commit.template [11ms]
2026-05-17 04:49:38.387 [info] > git for-each-ref --format=%(refname)%00%(upstream:short)%00%(objectname)%00%(upstream:track)%00%(upstream:remotename)%00%(upstream:remoteref) refs/heads/master refs/remotes/master [1ms]
2026-05-17 04:49:38.409 [info] > git for-each-ref --sort -committerdate --format %(refname)%00%(objectname)%00%(*objectname) [1ms]
2026-05-17 04:49:38.437 [info] > git status -z -uall [40ms]
2026-05-17 04:49:47.125 [info] [Git][getRemotes] No remotes found in the git config file
2026-05-17 04:49:47.125 [info] > git config --get commit.template [11ms]
2026-05-17 04:49:47.126 [info] > git for-each-ref --format=%(refname)%00%(upstream:short)%00%(objectname)%00%(upstream:track)%00%(upstream:remotename)%00%(upstream:remoteref) refs/heads/master refs/remotes/master [1ms]
2026-05-17 04:49:47.149 [info] > git for-each-ref --sort -committerdate --format %(refname)%00%(objectname)%00%(*objectname) [2ms]
2026-05-17 04:49:47.180 [info] > git status -z -uall [44ms]
2026-05-17 04:49:55.330 [info] [Git][getRemotes] No remotes found in the git config file
2026-05-17 04:49:55.331 [info] > git config --get commit.template [12ms]
2026-05-17 04:49:55.331 [info] > git for-each-ref --format=%(refname)%00%(upstream:short)%00%(objectname)%00%(upstream:track)%00%(upstream:remotename)%00%(upstream:remoteref) refs/heads/master refs/remotes/master [1ms]
2026-05-17 04:49:55.354 [info] > git for-each-ref --sort -committerdate --format %(refname)%00%(objectname)%00%(*objectname) [2ms]
2026-05-17 04:49:55.381 [info] > git status -z -uall [39ms]
2026-05-17 04:50:00.406 [info] [Git][getRemotes] No remotes found in the git config file
2026-05-17 04:50:00.407 [info] > git config --get commit.template [10ms]
2026-05-17 04:50:00.407 [info] > git for-each-ref --format=%(refname)%00%(upstream:short)%00%(objectname)%00%(upstream:track)%00%(upstream:remotename)%00%(upstream:remoteref) refs/heads/master refs/remotes/master [1ms]
2026-05-17 04:50:00.433 [info] > git for-each-ref --sort -committerdate --format %(refname)%00%(objectname)%00%(*objectname) [1ms]
2026-05-17 04:50:00.460 [info] > git status -z -uall [40ms]
2026-05-17 04:50:05.486 [info] [Git][getRemotes] No remotes found in the git config file
2026-05-17 04:50:05.487 [info] > git config --get commit.template [12ms]
2026-05-17 04:50:05.487 [info] > git for-each-ref --format=%(refname)%00%(upstream:short)%00%(objectname)%00%(upstream:track)%00%(upstream:remotename)%00%(upstream:remoteref) refs/heads/master refs/remotes/master [1ms]
2026-05-17 04:50:05.510 [info] > git for-each-ref --sort -committerdate --format %(refname)%00%(objectname)%00%(*objectname) [1ms]
2026-05-17 04:50:05.537 [info] > git status -z -uall [39ms]
2026-05-17 04:50:10.563 [info] [Git][getRemotes] No remotes found in the git config file
2026-05-17 04:50:10.564 [info] > git config --get commit.template [13ms]
2026-05-17 04:50:10.564 [info] > git for-each-ref --format=%(refname)%00%(upstream:short)%00%(objectname)%00%(upstream:track)%00%(upstream:remotename)%00%(upstream:remoteref) refs/heads/master refs/remotes/master [1ms]
2026-05-17 04:50:10.589 [info] > git for-each-ref --sort -committerdate --format %(refname)%00%(objectname)%00%(*objectname) [2ms]
2026-05-17 04:50:10.614 [info] > git status -z -uall [40ms]
2026-05-17 04:50:20.284 [info] [Git][getRemotes] No remotes found in the git config file
2026-05-17 04:50:20.285 [info] > git config --get commit.template [11ms]
2026-05-17 04:50:20.285 [info] > git for-each-ref --format=%(refname)%00%(upstream:short)%00%(objectname)%00%(upstream:track)%00%(upstream:remotename)%00%(upstream:remoteref) refs/heads/master refs/remotes/master [1ms]
2026-05-17 04:50:20.307 [info] > git for-each-ref --sort -committerdate --format %(refname)%00%(objectname)%00%(*objectname) [2ms]
2026-05-17 04:50:20.335 [info] > git status -z -uall [40ms]
2026-05-17 04:50:25.349 [info] [Git][getRemotes] No remotes found in the git config file
2026-05-17 04:50:25.359 [info] > git config --get commit.template [10ms]
2026-05-17 04:50:25.359 [info] > git for-each-ref --format=%(refname)%00%(upstream:short)%00%(objectname)%00%(upstream:track)%00%(upstream:remotename)%00%(upstream:remoteref) refs/heads/master refs/remotes/master [1ms]
2026-05-17 04:50:25.377 [info] > git for-each-ref --sort -committerdate --format %(refname)%00%(objectname)%00%(*objectname) [1ms]
2026-05-17 04:50:25.406 [info] > git status -z -uall [39ms]
2026-05-17 04:50:30.432 [info] [Git][getRemotes] No remotes found in the git config file
2026-05-17 04:50:30.432 [info] > git config --get commit.template [11ms]
2026-05-17 04:50:30.436 [info] > git for-each-ref --format=%(refname)%00%(upstream:short)%00%(objectname)%00%(upstream:track)%00%(upstream:remotename)%00%(upstream:remoteref) refs/heads/master refs/remotes/master [5ms]
2026-05-17 04:50:30.458 [info] > git for-each-ref --sort -committerdate --format %(refname)%00%(objectname)%00%(*objectname) [1ms]
2026-05-17 04:50:30.486 [info] > git status -z -uall [40ms]
2026-05-17 04:50:35.513 [info] [Git][getRemotes] No remotes found in the git config file
2026-05-17 04:50:35.514 [info] > git config --get commit.template [12ms]
2026-05-17 04:50:35.515 [info] > git for-each-ref --format=%(refname)%00%(upstream:short)%00%(objectname)%00%(upstream:track)%00%(upstream:remotename)%00%(upstream:remoteref) refs/heads/master refs/remotes/master [2ms]
2026-05-17 04:50:35.537 [info] > git for-each-ref --sort -committerdate --format %(refname)%00%(objectname)%00%(*objectname) [1ms]
2026-05-17 04:50:35.565 [info] > git status -z -uall [40ms]
2026-05-17 04:50:45.838 [info] > git fetch [6ms]
2026-05-17 04:50:45.859 [info] [Git][getRemotes] No remotes found in the git config file
2026-05-17 04:50:45.860 [info] > git config --get commit.template [11ms]
2026-05-17 04:50:45.860 [info] > git for-each-ref --format=%(refname)%00%(upstream:short)%00%(objectname)%00%(upstream:track)%00%(upstream:remotename)%00%(upstream:remoteref) refs/heads/master refs/remotes/master [1ms]
2026-05-17 04:50:45.883 [info] > git for-each-ref --sort -committerdate --format %(refname)%00%(objectname)%00%(*objectname) [2ms]
2026-05-17 04:50:45.913 [info] > git status -z -uall [42ms]
2026-05-17 04:50:58.600 [info] [Git][getRemotes] No remotes found in the git config file
2026-05-17 04:50:58.600 [info] > git config --get commit.template [11ms]
2026-05-17 04:50:58.601 [info] > git for-each-ref --format=%(refname)%00%(upstream:short)%00%(objectname)%00%(upstream:track)%00%(upstream:remotename)%00%(upstream:remoteref) refs/heads/master refs/remotes/master [1ms]
2026-05-17 04:50:58.623 [info] > git for-each-ref --sort -committerdate --format %(refname)%00%(objectname)%00%(*objectname) [2ms]
2026-05-17 04:50:58.650 [info] > git status -z -uall [39ms]
2026-05-17 04:51:03.679 [info] [Git][getRemotes] No remotes found in the git config file
2026-05-17 04:51:03.679 [info] > git config --get commit.template [11ms]
2026-05-17 04:51:03.680 [info] > git for-each-ref --format=%(refname)%00%(upstream:short)%00%(objectname)%00%(upstream:track)%00%(upstream:remotename)%00%(upstream:remoteref) refs/heads/master refs/remotes/master [1ms]
2026-05-17 04:51:03.702 [info] > git for-each-ref --sort -committerdate --format %(refname)%00%(objectname)%00%(*objectname) [2ms]
2026-05-17 04:51:03.729 [info] > git status -z -uall [39ms]
2026-05-17 04:51:08.755 [info] [Git][getRemotes] No remotes found in the git config file
2026-05-17 04:51:08.756 [info] > git config --get commit.template [11ms]
2026-05-17 04:51:08.756 [info] > git for-each-ref --format=%(refname)%00%(upstream:short)%00%(objectname)%00%(upstream:track)%00%(upstream:remotename)%00%(upstream:remoteref) refs/heads/master refs/remotes/master [1ms]
2026-05-17 04:51:08.778 [info] > git for-each-ref --sort -committerdate --format %(refname)%00%(objectname)%00%(*objectname) [1ms]
2026-05-17 04:51:08.807 [info] > git status -z -uall [40ms]
2026-05-17 04:51:13.834 [info] [Git][getRemotes] No remotes found in the git config file
2026-05-17 04:51:13.835 [info] > git config --get commit.template [11ms]
2026-05-17 04:51:13.835 [info] > git for-each-ref --format=%(refname)%00%(upstream:short)%00%(objectname)%00%(upstream:track)%00%(upstream:remotename)%00%(upstream:remoteref) refs/heads/master refs/remotes/master [1ms]
2026-05-17 04:51:13.857 [info] > git for-each-ref --sort -committerdate --format %(refname)%00%(objectname)%00%(*objectname) [1ms]
2026-05-17 04:51:13.885 [info] > git status -z -uall [39ms]
2026-05-17 04:51:18.912 [info] [Git][getRemotes] No remotes found in the git config file
2026-05-17 04:51:18.913 [info] > git config --get commit.template [12ms]
2026-05-17 04:51:18.913 [info] > git for-each-ref --format=%(refname)%00%(upstream:short)%00%(objectname)%00%(upstream:track)%00%(upstream:remotename)%00%(upstream:remoteref) refs/heads/master refs/remotes/master [1ms]
2026-05-17 04:51:18.936 [info] > git for-each-ref --sort -committerdate --format %(refname)%00%(objectname)%00%(*objectname) [1ms]
2026-05-17 04:51:18.964 [info] > git status -z -uall [41ms]
2026-05-17 04:51:25.494 [info] [Git][getRemotes] No remotes found in the git config file
2026-05-17 04:51:25.495 [info] > git config --get commit.template [12ms]
2026-05-17 04:51:25.495 [info] > git for-each-ref --format=%(refname)%00%(upstream:short)%00%(objectname)%00%(upstream:track)%00%(upstream:remotename)%00%(upstream:remoteref) refs/heads/master refs/remotes/master [1ms]
2026-05-17 04:51:25.519 [info] > git for-each-ref --sort -committerdate --format %(refname)%00%(objectname)%00%(*objectname) [2ms]
2026-05-17 04:51:25.546 [info] > git status -z -uall [40ms]
2026-05-17 04:51:32.656 [info] [Git][getRemotes] No remotes found in the git config file
2026-05-17 04:51:32.657 [info] > git config --get commit.template [11ms]
2026-05-17 04:51:32.657 [info] > git for-each-ref --format=%(refname)%00%(upstream:short)%00%(objectname)%00%(upstream:track)%00%(upstream:remotename)%00%(upstream:remoteref) refs/heads/master refs/remotes/master [1ms]
2026-05-17 04:51:32.678 [info] > git for-each-ref --sort -committerdate --format %(refname)%00%(objectname)%00%(*objectname) [1ms]
2026-05-17 04:51:32.706 [info] > git status -z -uall [39ms]
2026-05-17 04:51:37.720 [info] [Git][getRemotes] No remotes found in the git config file
2026-05-17 04:51:37.731 [info] > git config --get commit.template [11ms]
2026-05-17 04:51:37.731 [info] > git for-each-ref --format=%(refname)%00%(upstream:short)%00%(objectname)%00%(upstream:track)%00%(upstream:remotename)%00%(upstream:remoteref) refs/heads/master refs/remotes/master [1ms]
2026-05-17 04:51:37.753 [info] > git for-each-ref --sort -committerdate --format %(refname)%00%(objectname)%00%(*objectname) [1ms]
2026-05-17 04:51:37.780 [info] > git status -z -uall [39ms]
2026-05-17 04:51:53.981 [info] > git config --get commit.template [2ms]
2026-05-17 04:51:53.992 [info] [Git][getRemotes] No remotes found in the git config file
2026-05-17 04:51:53.993 [info] > git for-each-ref --format=%(refname)%00%(upstream:short)%00%(objectname)%00%(upstream:track)%00%(upstream:remotename)%00%(upstream:remoteref) refs/heads/master refs/remotes/master [1ms]
2026-05-17 04:51:54.020 [info] > git for-each-ref --sort -committerdate --format %(refname)%00%(objectname)%00%(*objectname) [2ms]
2026-05-17 04:51:54.047 [info] > git status -z -uall [43ms]
2026-05-17 04:51:59.075 [info] [Git][getRemotes] No remotes found in the git config file
2026-05-17 04:51:59.076 [info] > git for-each-ref --format=%(refname)%00%(upstream:short)%00%(objectname)%00%(upstream:track)%00%(upstream:remotename)%00%(upstream:remoteref) refs/heads/master refs/remotes/master [1ms]
2026-05-17 04:51:59.076 [info] > git config --get commit.template [12ms]
2026-05-17 04:51:59.098 [info] > git for-each-ref --sort -committerdate --format %(refname)%00%(objectname)%00%(*objectname) [1ms]
2026-05-17 04:51:59.127 [info] > git status -z -uall [41ms]
2026-05-17 04:52:12.965 [info] > git config --get commit.template [1ms]
2026-05-17 04:52:12.977 [info] [Git][getRemotes] No remotes found in the git config file
2026-05-17 04:52:12.978 [info] > git for-each-ref --format=%(refname)%00%(upstream:short)%00%(objectname)%00%(upstream:track)%00%(upstream:remotename)%00%(upstream:remoteref) refs/heads/master refs/remotes/master [1ms]
2026-05-17 04:52:13.000 [info] > git for-each-ref --sort -committerdate --format %(refname)%00%(objectname)%00%(*objectname) [2ms]
2026-05-17 04:52:13.028 [info] > git status -z -uall [40ms]
2026-05-17 04:52:18.044 [info] > git config --get commit.template [2ms]
2026-05-17 04:52:18.055 [info] [Git][getRemotes] No remotes found in the git config file
2026-05-17 04:52:18.056 [info] > git for-each-ref --format=%(refname)%00%(upstream:short)%00%(objectname)%00%(upstream:track)%00%(upstream:remotename)%00%(upstream:remoteref) refs/heads/master refs/remotes/master [1ms]
2026-05-17 04:52:18.076 [info] > git for-each-ref --sort -committerdate --format %(refname)%00%(objectname)%00%(*objectname) [2ms]
2026-05-17 04:52:18.107 [info] > git status -z -uall [42ms]
2026-05-17 04:52:23.124 [info] > git config --get commit.template [2ms]
2026-05-17 04:52:23.135 [info] [Git][getRemotes] No remotes found in the git config file
2026-05-17 04:52:23.136 [info] > git for-each-ref --format=%(refname)%00%(upstream:short)%00%(objectname)%00%(upstream:track)%00%(upstream:remotename)%00%(upstream:remoteref) refs/heads/master refs/remotes/master [1ms]
2026-05-17 04:52:23.158 [info] > git for-each-ref --sort -committerdate --format %(refname)%00%(objectname)%00%(*objectname) [2ms]
2026-05-17 04:52:23.186 [info] > git status -z -uall [40ms]
2026-05-17 04:52:39.000 [info] [Git][getRemotes] No remotes found in the git config file
2026-05-17 04:52:39.000 [info] > git config --get commit.template [11ms]
2026-05-17 04:52:39.001 [info] > git for-each-ref --format=%(refname)%00%(upstream:short)%00%(objectname)%00%(upstream:track)%00%(upstream:remotename)%00%(upstream:remoteref) refs/heads/master refs/remotes/master [2ms]
2026-05-17 04:52:39.026 [info] > git for-each-ref --sort -committerdate --format %(refname)%00%(objectname)%00%(*objectname) [1ms]
2026-05-17 04:52:39.056 [info] > git status -z -uall [43ms]
2026-05-17 04:52:44.084 [info] [Git][getRemotes] No remotes found in the git config file
2026-05-17 04:52:44.085 [info] > git config --get commit.template [12ms]
2026-05-17 04:52:44.085 [info] > git for-each-ref --format=%(refname)%00%(upstream:short)%00%(objectname)%00%(upstream:track)%00%(upstream:remotename)%00%(upstream:remoteref) refs/heads/master refs/remotes/master [1ms]
2026-05-17 04:52:44.107 [info] > git for-each-ref --sort -committerdate --format %(refname)%00%(objectname)%00%(*objectname) [1ms]
2026-05-17 04:52:44.135 [info] > git status -z -uall [39ms]
2026-05-17 04:52:49.161 [info] [Git][getRemotes] No remotes found in the git config file
2026-05-17 04:52:49.162 [info] > git config --get commit.template [10ms]
2026-05-17 04:52:49.162 [info] > git for-each-ref --format=%(refname)%00%(upstream:short)%00%(objectname)%00%(upstream:track)%00%(upstream:remotename)%00%(upstream:remoteref) refs/heads/master refs/remotes/master [1ms]
2026-05-17 04:52:49.184 [info] > git for-each-ref --sort -committerdate --format %(refname)%00%(objectname)%00%(*objectname) [2ms]
2026-05-17 04:52:49.212 [info] > git status -z -uall [40ms]
2026-05-17 04:52:55.444 [info] > git config --get commit.template [1ms]
2026-05-17 04:52:55.452 [info] [Git][getRemotes] No remotes found in the git config file
2026-05-17 04:52:55.454 [info] > git for-each-ref --format=%(refname)%00%(upstream:short)%00%(objectname)%00%(upstream:track)%00%(upstream:remotename)%00%(upstream:remoteref) refs/heads/master refs/remotes/master [2ms]
2026-05-17 04:52:55.473 [info] > git for-each-ref --sort -committerdate --format %(refname)%00%(objectname)%00%(*objectname) [1ms]
2026-05-17 04:52:55.491 [info] > git status -z -uall [29ms]
2026-05-17 04:53:17.603 [info] [Git][getRemotes] No remotes found in the git config file
2026-05-17 04:53:17.604 [info] > git config --get commit.template [10ms]
2026-05-17 04:53:17.604 [info] > git for-each-ref --format=%(refname)%00%(upstream:short)%00%(objectname)%00%(upstream:track)%00%(upstream:remotename)%00%(upstream:remoteref) refs/heads/master refs/remotes/master [1ms]
2026-05-17 04:53:17.625 [info] > git for-each-ref --sort -committerdate --format %(refname)%00%(objectname)%00%(*objectname) [2ms]
2026-05-17 04:53:17.645 [info] > git status -z -uall [32ms]
2026-05-17 04:53:22.680 [info] [Git][getRemotes] No remotes found in the git config file
2026-05-17 04:53:22.680 [info] > git config --get commit.template [12ms]
2026-05-17 04:53:22.681 [info] > git for-each-ref --format=%(refname)%00%(upstream:short)%00%(objectname)%00%(upstream:track)%00%(upstream:remotename)%00%(upstream:remoteref) refs/heads/master refs/remotes/master [2ms]
2026-05-17 04:53:22.703 [info] > git for-each-ref --sort -committerdate --format %(refname)%00%(objectname)%00%(*objectname) [1ms]
2026-05-17 04:53:22.722 [info] > git status -z -uall [31ms]
2026-05-17 04:53:28.748 [info] [Git][getRemotes] No remotes found in the git config file
2026-05-17 04:53:28.759 [info] > git config --get commit.template [11ms]
2026-05-17 04:53:28.759 [info] > git for-each-ref --format=%(refname)%00%(upstream:short)%00%(objectname)%00%(upstream:track)%00%(upstream:remotename)%00%(upstream:remoteref) refs/heads/master refs/remotes/master [1ms]
2026-05-17 04:53:28.782 [info] > git for-each-ref --sort -committerdate --format %(refname)%00%(objectname)%00%(*objectname) [1ms]
2026-05-17 04:53:28.807 [info] > git status -z -uall [37ms]
2026-05-17 04:53:37.107 [info] [Git][getRemotes] No remotes found in the git config file
2026-05-17 04:53:37.107 [info] > git config --get commit.template [12ms]
2026-05-17 04:53:37.108 [info] > git for-each-ref --format=%(refname)%00%(upstream:short)%00%(objectname)%00%(upstream:track)%00%(upstream:remotename)%00%(upstream:remoteref) refs/heads/master refs/remotes/master [2ms]
2026-05-17 04:53:37.131 [info] > git for-each-ref --sort -committerdate --format %(refname)%00%(objectname)%00%(*objectname) [1ms]
2026-05-17 04:53:37.150 [info] > git status -z -uall [31ms]
2026-05-17 04:53:42.183 [info] [Git][getRemotes] No remotes found in the git config file
2026-05-17 04:53:42.184 [info] > git config --get commit.template [13ms]
2026-05-17 04:53:42.184 [info] > git for-each-ref --format=%(refname)%00%(upstream:short)%00%(objectname)%00%(upstream:track)%00%(upstream:remotename)%00%(upstream:remoteref) refs/heads/master refs/remotes/master [1ms]
2026-05-17 04:53:42.211 [info] > git for-each-ref --sort -committerdate --format %(refname)%00%(objectname)%00%(*objectname) [2ms]
2026-05-17 04:53:42.227 [info] > git status -z -uall [31ms]
2026-05-17 04:53:45.938 [info] > git fetch [6ms]
2026-05-17 04:53:45.956 [info] [Git][getRemotes] No remotes found in the git config file
2026-05-17 04:53:45.956 [info] > git config --get commit.template [9ms]
2026-05-17 04:53:45.957 [info] > git for-each-ref --format=%(refname)%00%(upstream:short)%00%(objectname)%00%(upstream:track)%00%(upstream:remotename)%00%(upstream:remoteref) refs/heads/master refs/remotes/master [1ms]
2026-05-17 04:53:45.976 [info] > git for-each-ref --sort -committerdate --format %(refname)%00%(objectname)%00%(*objectname) [1ms]
2026-05-17 04:53:45.995 [info] > git status -z -uall [29ms]
2026-05-17 04:53:47.258 [info] [Git][getRemotes] No remotes found in the git config file
2026-05-17 04:53:47.258 [info] > git config --get commit.template [11ms]
2026-05-17 04:53:47.259 [info] > git for-each-ref --format=%(refname)%00%(upstream:short)%00%(objectname)%00%(upstream:track)%00%(upstream:remotename)%00%(upstream:remoteref) refs/heads/master refs/remotes/master [1ms]
2026-05-17 04:53:47.282 [info] > git for-each-ref --sort -committerdate --format %(refname)%00%(objectname)%00%(*objectname) [2ms]
2026-05-17 04:53:47.300 [info] > git status -z -uall [31ms]
2026-05-17 04:54:16.925 [info] [Git][getRemotes] No remotes found in the git config file
2026-05-17 04:54:16.926 [info] > git config --get commit.template [9ms]
2026-05-17 04:54:16.927 [info] > git for-each-ref --format=%(refname)%00%(upstream:short)%00%(objectname)%00%(upstream:track)%00%(upstream:remotename)%00%(upstream:remoteref) refs/heads/master refs/remotes/master [2ms]
2026-05-17 04:54:16.944 [info] > git for-each-ref --sort -committerdate --format %(refname)%00%(objectname)%00%(*objectname) [2ms]
2026-05-17 04:54:16.965 [info] > git status -z -uall [31ms]
2026-05-17 04:55:16.917 [info] > git config --get commit.template [2ms]
2026-05-17 04:55:16.929 [info] [Git][getRemotes] No remotes found in the git config file
2026-05-17 04:55:16.930 [info] > git for-each-ref --format=%(refname)%00%(upstream:short)%00%(objectname)%00%(upstream:track)%00%(upstream:remotename)%00%(upstream:remoteref) refs/heads/master refs/remotes/master [1ms]
2026-05-17 04:55:16.954 [info] > git for-each-ref --sort -committerdate --format %(refname)%00%(objectname)%00%(*objectname) [2ms]
2026-05-17 04:55:16.972 [info] > git status -z -uall [32ms]
2026-05-17 04:55:22.005 [info] [Git][getRemotes] No remotes found in the git config file
2026-05-17 04:55:22.005 [info] > git config --get commit.template [13ms]
2026-05-17 04:55:22.006 [info] > git for-each-ref --format=%(refname)%00%(upstream:short)%00%(objectname)%00%(upstream:track)%00%(upstream:remotename)%00%(upstream:remoteref) refs/heads/master refs/remotes/master [2ms]
2026-05-17 04:55:22.031 [info] > git for-each-ref --sort -committerdate --format %(refname)%00%(objectname)%00%(*objectname) [1ms]
2026-05-17 04:55:22.052 [info] > git status -z -uall [33ms]
2026-05-17 04:55:27.085 [info] [Git][getRemotes] No remotes found in the git config file
2026-05-17 04:55:27.085 [info] > git config --get commit.template [12ms]
2026-05-17 04:55:27.086 [info] > git for-each-ref --format=%(refname)%00%(upstream:short)%00%(objectname)%00%(upstream:track)%00%(upstream:remotename)%00%(upstream:remoteref) refs/heads/master refs/remotes/master [2ms]
2026-05-17 04:55:27.110 [info] > git for-each-ref --sort -committerdate --format %(refname)%00%(objectname)%00%(*objectname) [1ms]
2026-05-17 04:55:27.129 [info] > git status -z -uall [32ms]
2026-05-17 04:55:37.389 [info] [Git][getRemotes] No remotes found in the git config file
2026-05-17 04:55:37.390 [info] > git config --get commit.template [11ms]
2026-05-17 04:55:37.391 [info] > git for-each-ref --format=%(refname)%00%(upstream:short)%00%(objectname)%00%(upstream:track)%00%(upstream:remotename)%00%(upstream:remoteref) refs/heads/master refs/remotes/master [2ms]
2026-05-17 04:55:37.414 [info] > git for-each-ref --sort -committerdate --format %(refname)%00%(objectname)%00%(*objectname) [2ms]
2026-05-17 04:55:37.432 [info] > git status -z -uall [31ms]
2026-05-17 04:55:44.928 [info] [Git][getRemotes] No remotes found in the git config file
2026-05-17 04:55:44.929 [info] > git config --get commit.template [12ms]
2026-05-17 04:55:44.929 [info] > git for-each-ref --format=%(refname)%00%(upstream:short)%00%(objectname)%00%(upstream:track)%00%(upstream:remotename)%00%(upstream:remoteref) refs/heads/master refs/remotes/master [1ms]
2026-05-17 04:55:44.953 [info] > git for-each-ref --sort -committerdate --format %(refname)%00%(objectname)%00%(*objectname) [1ms]
2026-05-17 04:55:44.971 [info] > git status -z -uall [31ms]
2026-05-17 04:55:50.006 [info] [Git][getRemotes] No remotes found in the git config file
2026-05-17 04:55:50.007 [info] > git config --get commit.template [13ms]
2026-05-17 04:55:50.007 [info] > git for-each-ref --format=%(refname)%00%(upstream:short)%00%(objectname)%00%(upstream:track)%00%(upstream:remotename)%00%(upstream:remoteref) refs/heads/master refs/remotes/master [1ms]
2026-05-17 04:55:50.031 [info] > git for-each-ref --sort -committerdate --format %(refname)%00%(objectname)%00%(*objectname) [2ms]
2026-05-17 04:55:50.053 [info] > git status -z -uall [34ms]
2026-05-17 04:56:05.735 [info] [Git][getRemotes] No remotes found in the git config file
2026-05-17 04:56:05.736 [info] > git config --get commit.template [12ms]
2026-05-17 04:56:05.736 [info] > git for-each-ref --format=%(refname)%00%(upstream:short)%00%(objectname)%00%(upstream:track)%00%(upstream:remotename)%00%(upstream:remoteref) refs/heads/master refs/remotes/master [1ms]
2026-05-17 04:56:05.758 [info] > git for-each-ref --sort -committerdate --format %(refname)%00%(objectname)%00%(*objectname) [1ms]
2026-05-17 04:56:05.777 [info] > git status -z -uall [31ms]
2026-05-17 04:56:10.814 [info] [Git][getRemotes] No remotes found in the git config file
2026-05-17 04:56:10.814 [info] > git config --get commit.template [11ms]
2026-05-17 04:56:10.815 [info] > git for-each-ref --format=%(refname)%00%(upstream:short)%00%(objectname)%00%(upstream:track)%00%(upstream:remotename)%00%(upstream:remoteref) refs/heads/master refs/remotes/master [2ms]
2026-05-17 04:56:10.839 [info] > git for-each-ref --sort -committerdate --format %(refname)%00%(objectname)%00%(*objectname) [2ms]
2026-05-17 04:56:10.856 [info] > git status -z -uall [29ms]
2026-05-17 04:56:15.895 [info] [Git][getRemotes] No remotes found in the git config file
2026-05-17 04:56:15.896 [info] > git config --get commit.template [12ms]
2026-05-17 04:56:15.896 [info] > git for-each-ref --format=%(refname)%00%(upstream:short)%00%(objectname)%00%(upstream:track)%00%(upstream:remotename)%00%(upstream:remoteref) refs/heads/master refs/remotes/master [1ms]
2026-05-17 04:56:15.917 [info] > git for-each-ref --sort -committerdate --format %(refname)%00%(objectname)%00%(*objectname) [1ms]
2026-05-17 04:56:15.938 [info] > git status -z -uall [32ms]
2026-05-17 04:56:36.284 [info] [Git][getRemotes] No remotes found in the git config file
2026-05-17 04:56:36.284 [info] > git config --get commit.template [11ms]
2026-05-17 04:56:36.285 [info] > git for-each-ref --format=%(refname)%00%(upstream:short)%00%(objectname)%00%(upstream:track)%00%(upstream:remotename)%00%(upstream:remoteref) refs/heads/master refs/remotes/master [1ms]
2026-05-17 04:56:36.308 [info] > git for-each-ref --sort -committerdate --format %(refname)%00%(objectname)%00%(*objectname) [1ms]
2026-05-17 04:56:36.329 [info] > git status -z -uall [33ms]
2026-05-17 04:56:46.019 [info] > git fetch [5ms]
2026-05-17 04:56:46.036 [info] [Git][getRemotes] No remotes found in the git config file
2026-05-17 04:56:46.037 [info] > git config --get commit.template [9ms]
2026-05-17 04:56:46.037 [info] > git for-each-ref --format=%(refname)%00%(upstream:short)%00%(objectname)%00%(upstream:track)%00%(upstream:remotename)%00%(upstream:remoteref) refs/heads/master refs/remotes/master [1ms]
2026-05-17 04:56:46.055 [info] > git for-each-ref --sort -committerdate --format %(refname)%00%(objectname)%00%(*objectname) [1ms]
2026-05-17 04:56:46.075 [info] > git status -z -uall [30ms]
2026-05-17 04:56:47.116 [info] [Git][getRemotes] No remotes found in the git config file
2026-05-17 04:56:47.117 [info] > git config --get commit.template [12ms]
2026-05-17 04:56:47.118 [info] > git for-each-ref --format=%(refname)%00%(upstream:short)%00%(objectname)%00%(upstream:track)%00%(upstream:remotename)%00%(upstream:remoteref) refs/heads/master refs/remotes/master [2ms]
2026-05-17 04:56:47.141 [info] > git for-each-ref --sort -committerdate --format %(refname)%00%(objectname)%00%(*objectname) [2ms]
2026-05-17 04:56:47.160 [info] > git status -z -uall [31ms]
2026-05-17 04:57:16.929 [info] [Git][getRemotes] No remotes found in the git config file
2026-05-17 04:57:16.930 [info] > git config --get commit.template [12ms]
2026-05-17 04:57:16.930 [info] > git for-each-ref --format=%(refname)%00%(upstream:short)%00%(objectname)%00%(upstream:track)%00%(upstream:remotename)%00%(upstream:remoteref) refs/heads/master refs/remotes/master [1ms]
2026-05-17 04:57:16.953 [info] > git for-each-ref --sort -committerdate --format %(refname)%00%(objectname)%00%(*objectname) [1ms]
2026-05-17 04:57:16.971 [info] > git status -z -uall [30ms]
2026-05-17 04:57:34.929 [info] [Git][getRemotes] No remotes found in the git config file
2026-05-17 04:57:34.930 [info] > git config --get commit.template [12ms]
2026-05-17 04:57:34.930 [info] > git for-each-ref --format=%(refname)%00%(upstream:short)%00%(objectname)%00%(upstream:track)%00%(upstream:remotename)%00%(upstream:remoteref) refs/heads/master refs/remotes/master [1ms]
2026-05-17 04:57:34.956 [info] > git for-each-ref --sort -committerdate --format %(refname)%00%(objectname)%00%(*objectname) [1ms]
2026-05-17 04:57:34.974 [info] > git status -z -uall [31ms]
2026-05-17 04:57:46.931 [info] [Git][getRemotes] No remotes found in the git config file
2026-05-17 04:57:46.932 [info] > git config --get commit.template [13ms]
2026-05-17 04:57:46.932 [info] > git for-each-ref --format=%(refname)%00%(upstream:short)%00%(objectname)%00%(upstream:track)%00%(upstream:remotename)%00%(upstream:remoteref) refs/heads/master refs/remotes/master [1ms]
2026-05-17 04:57:46.957 [info] > git for-each-ref --sort -committerdate --format %(refname)%00%(objectname)%00%(*objectname) [1ms]
2026-05-17 04:57:46.976 [info] > git status -z -uall [31ms]
2026-05-17 04:58:10.931 [info] [Git][getRemotes] No remotes found in the git config file
2026-05-17 04:58:10.932 [info] > git config --get commit.template [12ms]
2026-05-17 04:58:10.932 [info] > git for-each-ref --format=%(refname)%00%(upstream:short)%00%(objectname)%00%(upstream:track)%00%(upstream:remotename)%00%(upstream:remoteref) refs/heads/master refs/remotes/master [1ms]
2026-05-17 04:58:10.959 [info] > git for-each-ref --sort -committerdate --format %(refname)%00%(objectname)%00%(*objectname) [2ms]
2026-05-17 04:58:10.975 [info] > git status -z -uall [31ms]
2026-05-17 04:58:16.930 [info] [Git][getRemotes] No remotes found in the git config file
2026-05-17 04:58:16.931 [info] > git config --get commit.template [12ms]
2026-05-17 04:58:16.931 [info] > git for-each-ref --format=%(refname)%00%(upstream:short)%00%(objectname)%00%(upstream:track)%00%(upstream:remotename)%00%(upstream:remoteref) refs/heads/master refs/remotes/master [1ms]
2026-05-17 04:58:16.956 [info] > git for-each-ref --sort -committerdate --format %(refname)%00%(objectname)%00%(*objectname) [1ms]
2026-05-17 04:58:16.975 [info] > git status -z -uall [30ms]
2026-05-17 04:58:22.009 [info] [Git][getRemotes] No remotes found in the git config file
2026-05-17 04:58:22.009 [info] > git config --get commit.template [13ms]
2026-05-17 04:58:22.010 [info] > git for-each-ref --format=%(refname)%00%(upstream:short)%00%(objectname)%00%(upstream:track)%00%(upstream:remotename)%00%(upstream:remoteref) refs/heads/master refs/remotes/master [1ms]
2026-05-17 04:58:22.035 [info] > git for-each-ref --sort -committerdate --format %(refname)%00%(objectname)%00%(*objectname) [1ms]
2026-05-17 04:58:22.053 [info] > git status -z -uall [31ms]
2026-05-17 04:58:42.021 [info] [Git][getRemotes] No remotes found in the git config file
2026-05-17 04:58:42.022 [info] > git config --get commit.template [13ms]
2026-05-17 04:58:42.022 [info] > git for-each-ref --format=%(refname)%00%(upstream:short)%00%(objectname)%00%(upstream:track)%00%(upstream:remotename)%00%(upstream:remoteref) refs/heads/master refs/remotes/master [1ms]
2026-05-17 04:58:42.048 [info] > git for-each-ref --sort -committerdate --format %(refname)%00%(objectname)%00%(*objectname) [2ms]
2026-05-17 04:58:42.064 [info] > git status -z -uall [30ms]
2026-05-17 04:58:47.097 [info] [Git][getRemotes] No remotes found in the git config file
2026-05-17 04:58:47.098 [info] > git config --get commit.template [13ms]
2026-05-17 04:58:47.099 [info] > git for-each-ref --format=%(refname)%00%(upstream:short)%00%(objectname)%00%(upstream:track)%00%(upstream:remotename)%00%(upstream:remoteref) refs/heads/master refs/remotes/master [2ms]
2026-05-17 04:58:47.123 [info] > git for-each-ref --sort -committerdate --format %(refname)%00%(objectname)%00%(*objectname) [2ms]
2026-05-17 04:58:47.139 [info] > git status -z -uall [29ms]
2026-05-17 04:59:16.929 [info] [Git][getRemotes] No remotes found in the git config file
2026-05-17 04:59:16.930 [info] > git config --get commit.template [12ms]
2026-05-17 04:59:16.930 [info] > git for-each-ref --format=%(refname)%00%(upstream:short)%00%(objectname)%00%(upstream:track)%00%(upstream:remotename)%00%(upstream:remoteref) refs/heads/master refs/remotes/master [1ms]
2026-05-17 04:59:16.948 [info] > git for-each-ref --sort -committerdate --format %(refname)%00%(objectname)%00%(*objectname) [1ms]
2026-05-17 04:59:16.969 [info] > git status -z -uall [30ms]
2026-05-17 04:59:46.099 [info] > git fetch [5ms]
2026-05-17 04:59:46.122 [info] [Git][getRemotes] No remotes found in the git config file
2026-05-17 04:59:46.122 [info] > git config --get commit.template [11ms]
2026-05-17 04:59:46.123 [info] > git for-each-ref --format=%(refname)%00%(upstream:short)%00%(objectname)%00%(upstream:track)%00%(upstream:remotename)%00%(upstream:remoteref) refs/heads/master refs/remotes/master [1ms]
2026-05-17 04:59:46.145 [info] > git for-each-ref --sort -committerdate --format %(refname)%00%(objectname)%00%(*objectname) [1ms]
2026-05-17 04:59:46.164 [info] > git status -z -uall [31ms]
2026-05-17 04:59:47.200 [info] [Git][getRemotes] No remotes found in the git config file
2026-05-17 04:59:47.200 [info] > git config --get commit.template [13ms]
2026-05-17 04:59:47.201 [info] > git for-each-ref --format=%(refname)%00%(upstream:short)%00%(objectname)%00%(upstream:track)%00%(upstream:remotename)%00%(upstream:remoteref) refs/heads/master refs/remotes/master [2ms]
2026-05-17 04:59:47.224 [info] > git for-each-ref --sort -committerdate --format %(refname)%00%(objectname)%00%(*objectname) [1ms]
2026-05-17 04:59:47.242 [info] > git status -z -uall [30ms]
2026-05-17 05:00:16.929 [info] [Git][getRemotes] No remotes found in the git config file
2026-05-17 05:00:16.930 [info] > git config --get commit.template [12ms]
2026-05-17 05:00:16.930 [info] > git for-each-ref --format=%(refname)%00%(upstream:short)%00%(objectname)%00%(upstream:track)%00%(upstream:remotename)%00%(upstream:remoteref) refs/heads/master refs/remotes/master [1ms]
2026-05-17 05:00:16.954 [info] > git for-each-ref --sort -committerdate --format %(refname)%00%(objectname)%00%(*objectname) [1ms]
2026-05-17 05:00:16.974 [info] > git status -z -uall [31ms]
2026-05-17 05:00:49.055 [info] [Git][getRemotes] No remotes found in the git config file
2026-05-17 05:00:49.056 [info] > git config --get commit.template [12ms]
2026-05-17 05:00:49.056 [info] > git for-each-ref --format=%(refname)%00%(upstream:short)%00%(objectname)%00%(upstream:track)%00%(upstream:remotename)%00%(upstream:remoteref) refs/heads/master refs/remotes/master [1ms]
2026-05-17 05:00:49.079 [info] > git for-each-ref --sort -committerdate --format %(refname)%00%(objectname)%00%(*objectname) [1ms]
2026-05-17 05:00:49.098 [info] > git status -z -uall [31ms]
2026-05-17 05:01:16.932 [info] [Git][getRemotes] No remotes found in the git config file
2026-05-17 05:01:16.933 [info] > git config --get commit.template [15ms]
2026-05-17 05:01:16.933 [info] > git for-each-ref --format=%(refname)%00%(upstream:short)%00%(objectname)%00%(upstream:track)%00%(upstream:remotename)%00%(upstream:remoteref) refs/heads/master refs/remotes/master [1ms]
2026-05-17 05:01:16.957 [info] > git for-each-ref --sort -committerdate --format %(refname)%00%(objectname)%00%(*objectname) [1ms]
2026-05-17 05:01:16.976 [info] > git status -z -uall [32ms]
2026-05-17 05:01:22.009 [info] [Git][getRemotes] No remotes found in the git config file
2026-05-17 05:01:22.010 [info] > git config --get commit.template [14ms]
2026-05-17 05:01:22.010 [info] > git for-each-ref --format=%(refname)%00%(upstream:short)%00%(objectname)%00%(upstream:track)%00%(upstream:remotename)%00%(upstream:remoteref) refs/heads/master refs/remotes/master [1ms]
2026-05-17 05:01:22.035 [info] > git for-each-ref --sort -committerdate --format %(refname)%00%(objectname)%00%(*objectname) [1ms]
2026-05-17 05:01:22.054 [info] > git status -z -uall [31ms]
2026-05-17 05:01:46.929 [info] [Git][getRemotes] No remotes found in the git config file
2026-05-17 05:01:46.929 [info] > git config --get commit.template [13ms]
2026-05-17 05:01:46.930 [info] > git for-each-ref --format=%(refname)%00%(upstream:short)%00%(objectname)%00%(upstream:track)%00%(upstream:remotename)%00%(upstream:remoteref) refs/heads/master refs/remotes/master [2ms]
2026-05-17 05:01:46.953 [info] > git for-each-ref --sort -committerdate --format %(refname)%00%(objectname)%00%(*objectname) [1ms]
2026-05-17 05:01:46.972 [info] > git status -z -uall [31ms]
2026-05-17 05:02:16.930 [info] [Git][getRemotes] No remotes found in the git config file
2026-05-17 05:02:16.931 [info] > git config --get commit.template [12ms]
2026-05-17 05:02:16.931 [info] > git for-each-ref --format=%(refname)%00%(upstream:short)%00%(objectname)%00%(upstream:track)%00%(upstream:remotename)%00%(upstream:remoteref) refs/heads/master refs/remotes/master [1ms]
2026-05-17 05:02:16.955 [info] > git for-each-ref --sort -committerdate --format %(refname)%00%(objectname)%00%(*objectname) [1ms]
2026-05-17 05:02:16.973 [info] > git status -z -uall [30ms]
2026-05-17 05:02:35.776 [info] > git config --get commit.template [2ms]
2026-05-17 05:02:35.786 [info] [Git][getRemotes] No remotes found in the git config file
2026-05-17 05:02:35.788 [info] > git for-each-ref --format=%(refname)%00%(upstream:short)%00%(objectname)%00%(upstream:track)%00%(upstream:remotename)%00%(upstream:remoteref) refs/heads/master refs/remotes/master [2ms]
2026-05-17 05:02:35.811 [info] > git for-each-ref --sort -committerdate --format %(refname)%00%(objectname)%00%(*objectname) [1ms]
2026-05-17 05:02:35.830 [info] > git status -z -uall [32ms]
2026-05-17 05:02:40.932 [info] [Git][getRemotes] No remotes found in the git config file
2026-05-17 05:02:40.933 [info] > git config --get commit.template [13ms]
2026-05-17 05:02:40.933 [info] > git for-each-ref --format=%(refname)%00%(upstream:short)%00%(objectname)%00%(upstream:track)%00%(upstream:remotename)%00%(upstream:remoteref) refs/heads/master refs/remotes/master [1ms]
2026-05-17 05:02:40.958 [info] > git for-each-ref --sort -committerdate --format %(refname)%00%(objectname)%00%(*objectname) [1ms]
2026-05-17 05:02:40.975 [info] > git status -z -uall [30ms]
2026-05-17 05:02:46.188 [info] > git fetch [5ms]
2026-05-17 05:02:46.212 [info] [Git][getRemotes] No remotes found in the git config file
2026-05-17 05:02:46.213 [info] > git config --get commit.template [11ms]
2026-05-17 05:02:46.213 [info] > git for-each-ref --format=%(refname)%00%(upstream:short)%00%(objectname)%00%(upstream:track)%00%(upstream:remotename)%00%(upstream:remoteref) refs/heads/master refs/remotes/master [1ms]
2026-05-17 05:02:46.236 [info] > git for-each-ref --sort -committerdate --format %(refname)%00%(objectname)%00%(*objectname) [1ms]
2026-05-17 05:02:46.255 [info] > git status -z -uall [31ms]
2026-05-17 05:02:47.288 [info] [Git][getRemotes] No remotes found in the git config file
2026-05-17 05:02:47.289 [info] > git config --get commit.template [12ms]
2026-05-17 05:02:47.289 [info] > git for-each-ref --format=%(refname)%00%(upstream:short)%00%(objectname)%00%(upstream:track)%00%(upstream:remotename)%00%(upstream:remoteref) refs/heads/master refs/remotes/master [1ms]
2026-05-17 05:02:47.313 [info] > git for-each-ref --sort -committerdate --format %(refname)%00%(objectname)%00%(*objectname) [1ms]
2026-05-17 05:02:47.332 [info] > git status -z -uall [30ms]
2026-05-17 05:02:54.973 [info] [Git][getRemotes] No remotes found in the git config file
2026-05-17 05:02:54.974 [info] > git config --get commit.template [12ms]
2026-05-17 05:02:54.975 [info] > git for-each-ref --format=%(refname)%00%(upstream:short)%00%(objectname)%00%(upstream:track)%00%(upstream:remotename)%00%(upstream:remoteref) refs/heads/master refs/remotes/master [2ms]
2026-05-17 05:02:55.000 [info] > git for-each-ref --sort -committerdate --format %(refname)%00%(objectname)%00%(*objectname) [1ms]
2026-05-17 05:02:55.018 [info] > git status -z -uall [31ms]
2026-05-17 05:03:02.224 [info] [Git][getRemotes] No remotes found in the git config file
2026-05-17 05:03:02.224 [info] > git config --get commit.template [12ms]
2026-05-17 05:03:02.225 [info] > git for-each-ref --format=%(refname)%00%(upstream:short)%00%(objectname)%00%(upstream:track)%00%(upstream:remotename)%00%(upstream:remoteref) refs/heads/master refs/remotes/master [2ms]
2026-05-17 05:03:02.249 [info] > git for-each-ref --sort -committerdate --format %(refname)%00%(objectname)%00%(*objectname) [2ms]
2026-05-17 05:03:02.268 [info] > git status -z -uall [32ms]
2026-05-17 05:03:07.302 [info] [Git][getRemotes] No remotes found in the git config file
2026-05-17 05:03:07.303 [info] > git config --get commit.template [12ms]
2026-05-17 05:03:07.303 [info] > git for-each-ref --format=%(refname)%00%(upstream:short)%00%(objectname)%00%(upstream:track)%00%(upstream:remotename)%00%(upstream:remoteref) refs/heads/master refs/remotes/master [1ms]
2026-05-17 05:03:07.326 [info] > git for-each-ref --sort -committerdate --format %(refname)%00%(objectname)%00%(*objectname) [1ms]
2026-05-17 05:03:07.344 [info] > git status -z -uall [30ms]
2026-05-17 05:03:12.377 [info] [Git][getRemotes] No remotes found in the git config file
2026-05-17 05:03:12.377 [info] > git config --get commit.template [12ms]
2026-05-17 05:03:12.378 [info] > git for-each-ref --format=%(refname)%00%(upstream:short)%00%(objectname)%00%(upstream:track)%00%(upstream:remotename)%00%(upstream:remoteref) refs/heads/master refs/remotes/master [1ms]
2026-05-17 05:03:12.401 [info] > git for-each-ref --sort -committerdate --format %(refname)%00%(objectname)%00%(*objectname) [2ms]
2026-05-17 05:03:12.418 [info] > git status -z -uall [30ms]
2026-05-17 05:03:17.452 [info] [Git][getRemotes] No remotes found in the git config file
2026-05-17 05:03:17.453 [info] > git config --get commit.template [12ms]
2026-05-17 05:03:17.454 [info] > git for-each-ref --format=%(refname)%00%(upstream:short)%00%(objectname)%00%(upstream:track)%00%(upstream:remotename)%00%(upstream:remoteref) refs/heads/master refs/remotes/master [2ms]
2026-05-17 05:03:17.477 [info] > git for-each-ref --sort -committerdate --format %(refname)%00%(objectname)%00%(*objectname) [1ms]
2026-05-17 05:03:17.495 [info] > git status -z -uall [30ms]
2026-05-17 05:03:25.636 [info] [Git][getRemotes] No remotes found in the git config file
2026-05-17 05:03:25.636 [info] > git config --get commit.template [9ms]
2026-05-17 05:03:25.637 [info] > git for-each-ref --format=%(refname)%00%(upstream:short)%00%(objectname)%00%(upstream:track)%00%(upstream:remotename)%00%(upstream:remoteref) refs/heads/master refs/remotes/master [1ms]
2026-05-17 05:03:25.657 [info] > git for-each-ref --sort -committerdate --format %(refname)%00%(objectname)%00%(*objectname) [1ms]
2026-05-17 05:03:25.676 [info] > git status -z -uall [30ms]
2026-05-17 05:03:34.707 [info] [Git][getRemotes] No remotes found in the git config file
2026-05-17 05:03:34.707 [info] > git config --get commit.template [13ms]
2026-05-17 05:03:34.708 [info] > git for-each-ref --format=%(refname)%00%(upstream:short)%00%(objectname)%00%(upstream:track)%00%(upstream:remotename)%00%(upstream:remoteref) refs/heads/master refs/remotes/master [2ms]
2026-05-17 05:03:34.732 [info] > git for-each-ref --sort -committerdate --format %(refname)%00%(objectname)%00%(*objectname) [1ms]
2026-05-17 05:03:34.749 [info] > git status -z -uall [30ms]
2026-05-17 05:03:56.416 [info] [Git][getRemotes] No remotes found in the git config file
2026-05-17 05:03:56.416 [info] > git config --get commit.template [12ms]
2026-05-17 05:03:56.417 [info] > git for-each-ref --format=%(refname)%00%(upstream:short)%00%(objectname)%00%(upstream:track)%00%(upstream:remotename)%00%(upstream:remoteref) refs/heads/master refs/remotes/master [1ms]
2026-05-17 05:03:56.440 [info] > git for-each-ref --sort -committerdate --format %(refname)%00%(objectname)%00%(*objectname) [1ms]
2026-05-17 05:03:56.458 [info] > git status -z -uall [30ms]
2026-05-17 05:04:12.335 [info] > git config --get commit.template [1ms]
2026-05-17 05:04:12.346 [info] [Git][getRemotes] No remotes found in the git config file
2026-05-17 05:04:12.347 [info] > git for-each-ref --format=%(refname)%00%(upstream:short)%00%(objectname)%00%(upstream:track)%00%(upstream:remotename)%00%(upstream:remoteref) refs/heads/master refs/remotes/master [1ms]
2026-05-17 05:04:12.370 [info] > git for-each-ref --sort -committerdate --format %(refname)%00%(objectname)%00%(*objectname) [1ms]
2026-05-17 05:04:12.741 [info] > git status -z -uall [383ms]
2026-05-17 05:04:17.774 [info] [Git][getRemotes] No remotes found in the git config file
2026-05-17 05:04:17.775 [info] > git config --get commit.template [12ms]
2026-05-17 05:04:17.775 [info] > git for-each-ref --format=%(refname)%00%(upstream:short)%00%(objectname)%00%(upstream:track)%00%(upstream:remotename)%00%(upstream:remoteref) refs/heads/master refs/remotes/master [1ms]
2026-05-17 05:04:17.796 [info] > git for-each-ref --sort -committerdate --format %(refname)%00%(objectname)%00%(*objectname) [1ms]
2026-05-17 05:04:17.815 [info] > git status -z -uall [30ms]
2026-05-17 05:04:22.846 [info] [Git][getRemotes] No remotes found in the git config file
2026-05-17 05:04:22.847 [info] > git config --get commit.template [12ms]
2026-05-17 05:04:22.847 [info] > git for-each-ref --format=%(refname)%00%(upstream:short)%00%(objectname)%00%(upstream:track)%00%(upstream:remotename)%00%(upstream:remoteref) refs/heads/master refs/remotes/master [1ms]
2026-05-17 05:04:22.872 [info] > git for-each-ref --sort -committerdate --format %(refname)%00%(objectname)%00%(*objectname) [1ms]
2026-05-17 05:04:22.888 [info] > git status -z -uall [30ms]
2026-05-17 05:04:46.932 [info] [Git][getRemotes] No remotes found in the git config file
2026-05-17 05:04:46.932 [info] > git config --get commit.template [13ms]
2026-05-17 05:04:46.933 [info] > git for-each-ref --format=%(refname)%00%(upstream:short)%00%(objectname)%00%(upstream:track)%00%(upstream:remotename)%00%(upstream:remoteref) refs/heads/master refs/remotes/master [2ms]
2026-05-17 05:04:46.958 [info] > git for-each-ref --sort -committerdate --format %(refname)%00%(objectname)%00%(*objectname) [1ms]
2026-05-17 05:04:46.978 [info] > git status -z -uall [33ms]
2026-05-17 05:05:07.104 [info] [Git][getRemotes] No remotes found in the git config file
2026-05-17 05:05:07.105 [info] > git config --get commit.template [10ms]
2026-05-17 05:05:07.105 [info] > git for-each-ref --format=%(refname)%00%(upstream:short)%00%(objectname)%00%(upstream:track)%00%(upstream:remotename)%00%(upstream:remoteref) refs/heads/master refs/remotes/master [1ms]
2026-05-17 05:05:07.125 [info] > git for-each-ref --sort -committerdate --format %(refname)%00%(objectname)%00%(*objectname) [1ms]
2026-05-17 05:05:07.146 [info] > git status -z -uall [31ms]
2026-05-17 05:05:16.931 [info] [Git][getRemotes] No remotes found in the git config file
2026-05-17 05:05:16.931 [info] > git config --get commit.template [13ms]
2026-05-17 05:05:16.932 [info] > git for-each-ref --format=%(refname)%00%(upstream:short)%00%(objectname)%00%(upstream:track)%00%(upstream:remotename)%00%(upstream:remoteref) refs/heads/master refs/remotes/master [1ms]
2026-05-17 05:05:16.956 [info] > git for-each-ref --sort -committerdate --format %(refname)%00%(objectname)%00%(*objectname) [1ms]
2026-05-17 05:05:16.974 [info] > git status -z -uall [30ms]
2026-05-17 05:05:31.041 [info] [Git][getRemotes] No remotes found in the git config file
2026-05-17 05:05:31.042 [info] > git config --get commit.template [14ms]
2026-05-17 05:05:31.042 [info] > git for-each-ref --format=%(refname)%00%(upstream:short)%00%(objectname)%00%(upstream:track)%00%(upstream:remotename)%00%(upstream:remoteref) refs/heads/master refs/remotes/master [1ms]
2026-05-17 05:05:31.067 [info] > git for-each-ref --sort -committerdate --format %(refname)%00%(objectname)%00%(*objectname) [1ms]
2026-05-17 05:05:31.084 [info] > git status -z -uall [30ms]
2026-05-17 05:05:45.785 [info] [Git][getRemotes] No remotes found in the git config file
2026-05-17 05:05:45.785 [info] > git config --get commit.template [13ms]
2026-05-17 05:05:45.786 [info] > git for-each-ref --format=%(refname)%00%(upstream:short)%00%(objectname)%00%(upstream:track)%00%(upstream:remotename)%00%(upstream:remoteref) refs/heads/master refs/remotes/master [2ms]
2026-05-17 05:05:45.812 [info] > git for-each-ref --sort -committerdate --format %(refname)%00%(objectname)%00%(*objectname) [2ms]
2026-05-17 05:05:45.829 [info] > git status -z -uall [30ms]
2026-05-17 05:05:46.281 [info] > git fetch [6ms]
2026-05-17 05:05:46.304 [info] [Git][getRemotes] No remotes found in the git config file
2026-05-17 05:05:46.304 [info] > git config --get commit.template [12ms]
2026-05-17 05:05:46.305 [info] > git for-each-ref --format=%(refname)%00%(upstream:short)%00%(objectname)%00%(upstream:track)%00%(upstream:remotename)%00%(upstream:remoteref) refs/heads/master refs/remotes/master [2ms]
2026-05-17 05:05:46.328 [info] > git for-each-ref --sort -committerdate --format %(refname)%00%(objectname)%00%(*objectname) [1ms]
2026-05-17 05:05:46.346 [info] > git status -z -uall [31ms]
2026-05-17 05:05:50.864 [info] [Git][getRemotes] No remotes found in the git config file
2026-05-17 05:05:50.865 [info] > git config --get commit.template [14ms]
2026-05-17 05:05:50.866 [info] > git for-each-ref --format=%(refname)%00%(upstream:short)%00%(objectname)%00%(upstream:track)%00%(upstream:remotename)%00%(upstream:remoteref) refs/heads/master refs/remotes/master [2ms]
2026-05-17 05:05:50.891 [info] > git for-each-ref --sort -committerdate --format %(refname)%00%(objectname)%00%(*objectname) [2ms]
2026-05-17 05:05:50.907 [info] > git status -z -uall [30ms]
2026-05-17 05:06:16.931 [info] [Git][getRemotes] No remotes found in the git config file
2026-05-17 05:06:16.932 [info] > git config --get commit.template [13ms]
2026-05-17 05:06:16.932 [info] > git for-each-ref --format=%(refname)%00%(upstream:short)%00%(objectname)%00%(upstream:track)%00%(upstream:remotename)%00%(upstream:remoteref) refs/heads/master refs/remotes/master [1ms]
2026-05-17 05:06:16.956 [info] > git for-each-ref --sort -committerdate --format %(refname)%00%(objectname)%00%(*objectname) [1ms]
2026-05-17 05:06:16.974 [info] > git status -z -uall [31ms]
2026-05-17 05:07:07.561 [info] > git config --get commit.template [2ms]
2026-05-17 05:07:07.572 [info] [Git][getRemotes] No remotes found in the git config file
2026-05-17 05:07:07.574 [info] > git for-each-ref --format=%(refname)%00%(upstream:short)%00%(objectname)%00%(upstream:track)%00%(upstream:remotename)%00%(upstream:remoteref) refs/heads/master refs/remotes/master [2ms]
2026-05-17 05:07:07.597 [info] > git for-each-ref --sort -committerdate --format %(refname)%00%(objectname)%00%(*objectname) [1ms]
2026-05-17 05:07:07.614 [info] > git status -z -uall [30ms]
2026-05-17 05:07:14.310 [info] [Git][getRemotes] No remotes found in the git config file
2026-05-17 05:07:14.311 [info] > git config --get commit.template [10ms]
2026-05-17 05:07:14.312 [info] > git for-each-ref --format=%(refname)%00%(upstream:short)%00%(objectname)%00%(upstream:track)%00%(upstream:remotename)%00%(upstream:remoteref) refs/heads/master refs/remotes/master [1ms]
2026-05-17 05:07:14.332 [info] > git for-each-ref --sort -committerdate --format %(refname)%00%(objectname)%00%(*objectname) [1ms]
2026-05-17 05:07:14.350 [info] > git status -z -uall [29ms]
2026-05-17 05:07:19.380 [info] [Git][getRemotes] No remotes found in the git config file
2026-05-17 05:07:19.381 [info] > git config --get commit.template [12ms]
2026-05-17 05:07:19.381 [info] > git for-each-ref --format=%(refname)%00%(upstream:short)%00%(objectname)%00%(upstream:track)%00%(upstream:remotename)%00%(upstream:remoteref) refs/heads/master refs/remotes/master [1ms]
2026-05-17 05:07:19.404 [info] > git for-each-ref --sort -committerdate --format %(refname)%00%(objectname)%00%(*objectname) [2ms]
2026-05-17 05:07:19.422 [info] > git status -z -uall [29ms]
2026-05-17 05:07:24.454 [info] [Git][getRemotes] No remotes found in the git config file
2026-05-17 05:07:24.454 [info] > git config --get commit.template [12ms]
2026-05-17 05:07:24.455 [info] > git for-each-ref --format=%(refname)%00%(upstream:short)%00%(objectname)%00%(upstream:track)%00%(upstream:remotename)%00%(upstream:remoteref) refs/heads/master refs/remotes/master [2ms]
2026-05-17 05:07:24.480 [info] > git for-each-ref --sort -committerdate --format %(refname)%00%(objectname)%00%(*objectname) [2ms]
2026-05-17 05:07:24.497 [info] > git status -z -uall [31ms]
2026-05-17 05:07:29.529 [info] [Git][getRemotes] No remotes found in the git config file
2026-05-17 05:07:29.529 [info] > git config --get commit.template [12ms]
2026-05-17 05:07:29.530 [info] > git for-each-ref --format=%(refname)%00%(upstream:short)%00%(objectname)%00%(upstream:track)%00%(upstream:remotename)%00%(upstream:remoteref) refs/heads/master refs/remotes/master [1ms]
2026-05-17 05:07:29.554 [info] > git for-each-ref --sort -committerdate --format %(refname)%00%(objectname)%00%(*objectname) [1ms]
2026-05-17 05:07:29.571 [info] > git status -z -uall [30ms]
2026-05-17 05:07:34.604 [info] [Git][getRemotes] No remotes found in the git config file
2026-05-17 05:07:34.605 [info] > git config --get commit.template [12ms]
2026-05-17 05:07:34.605 [info] > git for-each-ref --format=%(refname)%00%(upstream:short)%00%(objectname)%00%(upstream:track)%00%(upstream:remotename)%00%(upstream:remoteref) refs/heads/master refs/remotes/master [1ms]
2026-05-17 05:07:34.631 [info] > git for-each-ref --sort -committerdate --format %(refname)%00%(objectname)%00%(*objectname) [2ms]
2026-05-17 05:07:34.647 [info] > git status -z -uall [30ms]
2026-05-17 05:07:39.684 [info] [Git][getRemotes] No remotes found in the git config file
2026-05-17 05:07:39.685 [info] > git config --get commit.template [13ms]
2026-05-17 05:07:39.686 [info] > git for-each-ref --format=%(refname)%00%(upstream:short)%00%(objectname)%00%(upstream:track)%00%(upstream:remotename)%00%(upstream:remoteref) refs/heads/master refs/remotes/master [2ms]
2026-05-17 05:07:39.710 [info] > git for-each-ref --sort -committerdate --format %(refname)%00%(objectname)%00%(*objectname) [2ms]
2026-05-17 05:07:39.728 [info] > git status -z -uall [31ms]
2026-05-17 05:07:44.755 [info] [Git][getRemotes] No remotes found in the git config file
2026-05-17 05:07:44.756 [info] > git config --get commit.template [10ms]
2026-05-17 05:07:44.757 [info] > git for-each-ref --format=%(refname)%00%(upstream:short)%00%(objectname)%00%(upstream:track)%00%(upstream:remotename)%00%(upstream:remoteref) refs/heads/master refs/remotes/master [2ms]
2026-05-17 05:07:44.777 [info] > git for-each-ref --sort -committerdate --format %(refname)%00%(objectname)%00%(*objectname) [2ms]
2026-05-17 05:07:44.795 [info] > git status -z -uall [30ms]
2026-05-17 05:07:49.827 [info] [Git][getRemotes] No remotes found in the git config file
2026-05-17 05:07:49.827 [info] > git config --get commit.template [13ms]
2026-05-17 05:07:49.828 [info] > git for-each-ref --format=%(refname)%00%(upstream:short)%00%(objectname)%00%(upstream:track)%00%(upstream:remotename)%00%(upstream:remoteref) refs/heads/master refs/remotes/master [2ms]
2026-05-17 05:07:49.852 [info] > git for-each-ref --sort -committerdate --format %(refname)%00%(objectname)%00%(*objectname) [1ms]
2026-05-17 05:07:49.869 [info] > git status -z -uall [30ms]
2026-05-17 05:08:11.990 [info] [Git][getRemotes] No remotes found in the git config file
2026-05-17 05:08:11.991 [info] > git config --get commit.template [12ms]
2026-05-17 05:08:11.991 [info] > git for-each-ref --format=%(refname)%00%(upstream:short)%00%(objectname)%00%(upstream:track)%00%(upstream:remotename)%00%(upstream:remoteref) refs/heads/master refs/remotes/master [1ms]
2026-05-17 05:08:12.016 [info] > git for-each-ref --sort -committerdate --format %(refname)%00%(objectname)%00%(*objectname) [2ms]
2026-05-17 05:08:12.033 [info] > git status -z -uall [30ms]
2026-05-17 05:08:17.065 [info] [Git][getRemotes] No remotes found in the git config file
2026-05-17 05:08:17.065 [info] > git config --get commit.template [10ms]
2026-05-17 05:08:17.066 [info] > git for-each-ref --format=%(refname)%00%(upstream:short)%00%(objectname)%00%(upstream:track)%00%(upstream:remotename)%00%(upstream:remoteref) refs/heads/master refs/remotes/master [1ms]
2026-05-17 05:08:17.085 [info] > git for-each-ref --sort -committerdate --format %(refname)%00%(objectname)%00%(*objectname) [1ms]
2026-05-17 05:08:17.105 [info] > git status -z -uall [30ms]
2026-05-17 05:08:27.044 [info] [Git][getRemotes] No remotes found in the git config file
2026-05-17 05:08:27.045 [info] > git config --get commit.template [13ms]
2026-05-17 05:08:27.045 [info] > git for-each-ref --format=%(refname)%00%(upstream:short)%00%(objectname)%00%(upstream:track)%00%(upstream:remotename)%00%(upstream:remoteref) refs/heads/master refs/remotes/master [1ms]
2026-05-17 05:08:27.069 [info] > git for-each-ref --sort -committerdate --format %(refname)%00%(objectname)%00%(*objectname) [2ms]
2026-05-17 05:08:27.086 [info] > git status -z -uall [30ms]
2026-05-17 05:08:32.108 [info] > git config --get commit.template [2ms]
2026-05-17 05:08:32.120 [info] [Git][getRemotes] No remotes found in the git config file
2026-05-17 05:08:32.122 [info] > git for-each-ref --format=%(refname)%00%(upstream:short)%00%(objectname)%00%(upstream:track)%00%(upstream:remotename)%00%(upstream:remoteref) refs/heads/master refs/remotes/master [2ms]
2026-05-17 05:08:32.146 [info] > git for-each-ref --sort -committerdate --format %(refname)%00%(objectname)%00%(*objectname) [1ms]
2026-05-17 05:08:32.164 [info] > git status -z -uall [31ms]
2026-05-17 05:08:37.195 [info] [Git][getRemotes] No remotes found in the git config file
2026-05-17 05:08:37.196 [info] > git config --get commit.template [12ms]
2026-05-17 05:08:37.196 [info] > git for-each-ref --format=%(refname)%00%(upstream:short)%00%(objectname)%00%(upstream:track)%00%(upstream:remotename)%00%(upstream:remoteref) refs/heads/master refs/remotes/master [1ms]
2026-05-17 05:08:37.220 [info] > git for-each-ref --sort -committerdate --format %(refname)%00%(objectname)%00%(*objectname) [1ms]
2026-05-17 05:08:37.236 [info] > git status -z -uall [29ms]
2026-05-17 05:08:46.372 [info] > git fetch [7ms]
2026-05-17 05:08:46.397 [info] [Git][getRemotes] No remotes found in the git config file
2026-05-17 05:08:46.397 [info] > git config --get commit.template [12ms]
2026-05-17 05:08:46.398 [info] > git for-each-ref --format=%(refname)%00%(upstream:short)%00%(objectname)%00%(upstream:track)%00%(upstream:remotename)%00%(upstream:remoteref) refs/heads/master refs/remotes/master [1ms]
2026-05-17 05:08:46.422 [info] > git for-each-ref --sort -committerdate --format %(refname)%00%(objectname)%00%(*objectname) [2ms]
2026-05-17 05:08:46.439 [info] > git status -z -uall [30ms]
2026-05-17 05:08:47.465 [info] > git config --get commit.template [1ms]
2026-05-17 05:08:47.467 [info] [Git][getRemotes] No remotes found in the git config file
2026-05-17 05:08:47.482 [info] > git for-each-ref --format=%(refname)%00%(upstream:short)%00%(objectname)%00%(upstream:track)%00%(upstream:remotename)%00%(upstream:remoteref) refs/heads/master refs/remotes/master [2ms]
2026-05-17 05:08:47.507 [info] > git for-each-ref --sort -committerdate --format %(refname)%00%(objectname)%00%(*objectname) [1ms]
2026-05-17 05:08:47.526 [info] > git status -z -uall [32ms]
2026-05-17 05:08:52.694 [info] [Git][getRemotes] No remotes found in the git config file
2026-05-17 05:08:52.695 [info] > git config --get commit.template [12ms]
2026-05-17 05:08:52.695 [info] > git for-each-ref --format=%(refname)%00%(upstream:short)%00%(objectname)%00%(upstream:track)%00%(upstream:remotename)%00%(upstream:remoteref) refs/heads/master refs/remotes/master [1ms]
2026-05-17 05:08:52.719 [info] > git for-each-ref --sort -committerdate --format %(refname)%00%(objectname)%00%(*objectname) [1ms]
2026-05-17 05:08:52.738 [info] > git status -z -uall [31ms]
2026-05-17 05:09:16.930 [info] [Git][getRemotes] No remotes found in the git config file
2026-05-17 05:09:16.931 [info] > git config --get commit.template [13ms]
2026-05-17 05:09:16.931 [info] > git for-each-ref --format=%(refname)%00%(upstream:short)%00%(objectname)%00%(upstream:track)%00%(upstream:remotename)%00%(upstream:remoteref) refs/heads/master refs/remotes/master [1ms]
2026-05-17 05:09:16.957 [info] > git for-each-ref --sort -committerdate --format %(refname)%00%(objectname)%00%(*objectname) [1ms]
2026-05-17 05:09:16.976 [info] > git status -z -uall [31ms]
2026-05-17 05:09:22.010 [info] [Git][getRemotes] No remotes found in the git config file
2026-05-17 05:09:22.011 [info] > git config --get commit.template [13ms]
2026-05-17 05:09:22.011 [info] > git for-each-ref --format=%(refname)%00%(upstream:short)%00%(objectname)%00%(upstream:track)%00%(upstream:remotename)%00%(upstream:remoteref) refs/heads/master refs/remotes/master [1ms]
2026-05-17 05:09:22.037 [info] > git for-each-ref --sort -committerdate --format %(refname)%00%(objectname)%00%(*objectname) [2ms]
2026-05-17 05:09:22.054 [info] > git status -z -uall [30ms]
2026-05-17 05:09:39.753 [info] [Git][getRemotes] No remotes found in the git config file
2026-05-17 05:09:39.753 [info] > git config --get commit.template [9ms]
2026-05-17 05:09:39.754 [info] > git for-each-ref --format=%(refname)%00%(upstream:short)%00%(objectname)%00%(upstream:track)%00%(upstream:remotename)%00%(upstream:remoteref) refs/heads/master refs/remotes/master [1ms]
2026-05-17 05:09:39.775 [info] > git for-each-ref --sort -committerdate --format %(refname)%00%(objectname)%00%(*objectname) [1ms]
2026-05-17 05:09:39.796 [info] > git status -z -uall [33ms]
2026-05-17 05:10:16.930 [info] [Git][getRemotes] No remotes found in the git config file
2026-05-17 05:10:16.931 [info] > git config --get commit.template [13ms]
2026-05-17 05:10:16.932 [info] > git for-each-ref --format=%(refname)%00%(upstream:short)%00%(objectname)%00%(upstream:track)%00%(upstream:remotename)%00%(upstream:remoteref) refs/heads/master refs/remotes/master [2ms]
2026-05-17 05:10:16.954 [info] > git for-each-ref --sort -committerdate --format %(refname)%00%(objectname)%00%(*objectname) [1ms]
2026-05-17 05:10:16.973 [info] > git status -z -uall [31ms]
2026-05-17 05:10:22.005 [info] [Git][getRemotes] No remotes found in the git config file
2026-05-17 05:10:22.006 [info] > git config --get commit.template [13ms]
2026-05-17 05:10:22.007 [info] > git for-each-ref --format=%(refname)%00%(upstream:short)%00%(objectname)%00%(upstream:track)%00%(upstream:remotename)%00%(upstream:remoteref) refs/heads/master refs/remotes/master [2ms]
2026-05-17 05:10:22.031 [info] > git for-each-ref --sort -committerdate --format %(refname)%00%(objectname)%00%(*objectname) [1ms]
2026-05-17 05:10:22.050 [info] > git status -z -uall [32ms]
2026-05-17 05:10:27.090 [info] [Git][getRemotes] No remotes found in the git config file
2026-05-17 05:10:27.091 [info] > git config --get commit.template [11ms]
2026-05-17 05:10:27.091 [info] > git for-each-ref --format=%(refname)%00%(upstream:short)%00%(objectname)%00%(upstream:track)%00%(upstream:remotename)%00%(upstream:remoteref) refs/heads/master refs/remotes/master [1ms]
2026-05-17 05:10:27.114 [info] > git for-each-ref --sort -committerdate --format %(refname)%00%(objectname)%00%(*objectname) [1ms]
2026-05-17 05:10:27.131 [info] > git status -z -uall [30ms]
2026-05-17 05:10:38.867 [info] [Git][getRemotes] No remotes found in the git config file
2026-05-17 05:10:38.868 [info] > git config --get commit.template [12ms]
2026-05-17 05:10:38.868 [info] > git for-each-ref --format=%(refname)%00%(upstream:short)%00%(objectname)%00%(upstream:track)%00%(upstream:remotename)%00%(upstream:remoteref) refs/heads/master refs/remotes/master [1ms]
2026-05-17 05:10:38.892 [info] > git for-each-ref --sort -committerdate --format %(refname)%00%(objectname)%00%(*objectname) [1ms]
2026-05-17 05:10:38.912 [info] > git status -z -uall [32ms]
2026-05-17 05:10:43.949 [info] [Git][getRemotes] No remotes found in the git config file
2026-05-17 05:10:43.950 [info] > git config --get commit.template [13ms]
2026-05-17 05:10:43.951 [info] > git for-each-ref --format=%(refname)%00%(upstream:short)%00%(objectname)%00%(upstream:track)%00%(upstream:remotename)%00%(upstream:remoteref) refs/heads/master refs/remotes/master [1ms]
2026-05-17 05:10:43.974 [info] > git for-each-ref --sort -committerdate --format %(refname)%00%(objectname)%00%(*objectname) [1ms]
2026-05-17 05:10:43.992 [info] > git status -z -uall [30ms]
2026-05-17 05:10:49.027 [info] [Git][getRemotes] No remotes found in the git config file
2026-05-17 05:10:49.028 [info] > git config --get commit.template [13ms]
2026-05-17 05:10:49.028 [info] > git for-each-ref --format=%(refname)%00%(upstream:short)%00%(objectname)%00%(upstream:track)%00%(upstream:remotename)%00%(upstream:remoteref) refs/heads/master refs/remotes/master [1ms]
2026-05-17 05:10:49.053 [info] > git for-each-ref --sort -committerdate --format %(refname)%00%(objectname)%00%(*objectname) [2ms]
2026-05-17 05:10:49.070 [info] > git status -z -uall [30ms]
2026-05-17 05:11:14.440 [info] [Git][getRemotes] No remotes found in the git config file
2026-05-17 05:11:14.441 [info] > git config --get commit.template [10ms]
2026-05-17 05:11:14.441 [info] > git for-each-ref --format=%(refname)%00%(upstream:short)%00%(objectname)%00%(upstream:track)%00%(upstream:remotename)%00%(upstream:remoteref) refs/heads/master refs/remotes/master [1ms]
2026-05-17 05:11:14.462 [info] > git for-each-ref --sort -committerdate --format %(refname)%00%(objectname)%00%(*objectname) [1ms]
2026-05-17 05:11:14.480 [info] > git status -z -uall [29ms]
2026-05-17 05:11:19.512 [info] [Git][getRemotes] No remotes found in the git config file
2026-05-17 05:11:19.513 [info] > git config --get commit.template [13ms]
2026-05-17 05:11:19.513 [info] > git for-each-ref --format=%(refname)%00%(upstream:short)%00%(objectname)%00%(upstream:track)%00%(upstream:remotename)%00%(upstream:remoteref) refs/heads/master refs/remotes/master [1ms]
2026-05-17 05:11:19.537 [info] > git for-each-ref --sort -committerdate --format %(refname)%00%(objectname)%00%(*objectname) [2ms]
2026-05-17 05:11:19.558 [info] > git status -z -uall [33ms]
2026-05-17 05:11:24.580 [info] > git config --get commit.template [2ms]
2026-05-17 05:11:24.593 [info] [Git][getRemotes] No remotes found in the git config file
2026-05-17 05:11:24.595 [info] > git for-each-ref --format=%(refname)%00%(upstream:short)%00%(objectname)%00%(upstream:track)%00%(upstream:remotename)%00%(upstream:remoteref) refs/heads/master refs/remotes/master [2ms]
2026-05-17 05:11:24.620 [info] > git for-each-ref --sort -committerdate --format %(refname)%00%(objectname)%00%(*objectname) [1ms]
2026-05-17 05:11:24.638 [info] > git status -z -uall [31ms]
2026-05-17 05:11:29.670 [info] [Git][getRemotes] No remotes found in the git config file
2026-05-17 05:11:29.670 [info] > git config --get commit.template [13ms]
2026-05-17 05:11:29.674 [info] > git for-each-ref --format=%(refname)%00%(upstream:short)%00%(objectname)%00%(upstream:track)%00%(upstream:remotename)%00%(upstream:remoteref) refs/heads/master refs/remotes/master [4ms]
2026-05-17 05:11:29.698 [info] > git for-each-ref --sort -committerdate --format %(refname)%00%(objectname)%00%(*objectname) [1ms]
2026-05-17 05:11:29.715 [info] > git status -z -uall [30ms]
2026-05-17 05:11:34.746 [info] [Git][getRemotes] No remotes found in the git config file
2026-05-17 05:11:34.747 [info] > git config --get commit.template [12ms]
2026-05-17 05:11:34.747 [info] > git for-each-ref --format=%(refname)%00%(upstream:short)%00%(objectname)%00%(upstream:track)%00%(upstream:remotename)%00%(upstream:remoteref) refs/heads/master refs/remotes/master [1ms]
2026-05-17 05:11:34.774 [info] > git for-each-ref --sort -committerdate --format %(refname)%00%(objectname)%00%(*objectname) [2ms]
2026-05-17 05:11:34.788 [info] > git status -z -uall [30ms]
2026-05-17 05:11:39.827 [info] [Git][getRemotes] No remotes found in the git config file
2026-05-17 05:11:39.828 [info] > git config --get commit.template [13ms]
2026-05-17 05:11:39.829 [info] > git for-each-ref --format=%(refname)%00%(upstream:short)%00%(objectname)%00%(upstream:track)%00%(upstream:remotename)%00%(upstream:remoteref) refs/heads/master refs/remotes/master [2ms]
2026-05-17 05:11:39.855 [info] > git for-each-ref --sort -committerdate --format %(refname)%00%(objectname)%00%(*objectname) [1ms]
2026-05-17 05:11:39.873 [info] > git status -z -uall [31ms]
2026-05-17 05:11:44.909 [info] [Git][getRemotes] No remotes found in the git config file
2026-05-17 05:11:44.910 [info] > git config --get commit.template [12ms]
2026-05-17 05:11:44.911 [info] > git for-each-ref --format=%(refname)%00%(upstream:short)%00%(objectname)%00%(upstream:track)%00%(upstream:remotename)%00%(upstream:remoteref) refs/heads/master refs/remotes/master [2ms]
2026-05-17 05:11:44.936 [info] > git for-each-ref --sort -committerdate --format %(refname)%00%(objectname)%00%(*objectname) [2ms]
2026-05-17 05:11:44.953 [info] > git status -z -uall [30ms]
2026-05-17 05:11:46.467 [info] > git fetch [5ms]
2026-05-17 05:11:46.486 [info] [Git][getRemotes] No remotes found in the git config file
2026-05-17 05:11:46.486 [info] > git config --get commit.template [9ms]
2026-05-17 05:11:46.487 [info] > git for-each-ref --format=%(refname)%00%(upstream:short)%00%(objectname)%00%(upstream:track)%00%(upstream:remotename)%00%(upstream:remoteref) refs/heads/master refs/remotes/master [1ms]
2026-05-17 05:11:46.512 [info] > git for-each-ref --sort -committerdate --format %(refname)%00%(objectname)%00%(*objectname) [2ms]
2026-05-17 05:11:46.528 [info] > git status -z -uall [30ms]
2026-05-17 05:11:49.992 [info] [Git][getRemotes] No remotes found in the git config file
2026-05-17 05:11:49.993 [info] > git config --get commit.template [13ms]
2026-05-17 05:11:49.994 [info] > git for-each-ref --format=%(refname)%00%(upstream:short)%00%(objectname)%00%(upstream:track)%00%(upstream:remotename)%00%(upstream:remoteref) refs/heads/master refs/remotes/master [2ms]
2026-05-17 05:11:50.019 [info] > git for-each-ref --sort -committerdate --format %(refname)%00%(objectname)%00%(*objectname) [1ms]
2026-05-17 05:11:50.036 [info] > git status -z -uall [30ms]
2026-05-17 05:11:55.074 [info] [Git][getRemotes] No remotes found in the git config file
2026-05-17 05:11:55.075 [info] > git config --get commit.template [12ms]
2026-05-17 05:11:55.075 [info] > git for-each-ref --format=%(refname)%00%(upstream:short)%00%(objectname)%00%(upstream:track)%00%(upstream:remotename)%00%(upstream:remoteref) refs/heads/master refs/remotes/master [1ms]
2026-05-17 05:11:55.099 [info] > git for-each-ref --sort -committerdate --format %(refname)%00%(objectname)%00%(*objectname) [1ms]
2026-05-17 05:11:55.116 [info] > git status -z -uall [30ms]
2026-05-17 05:12:00.149 [info] [Git][getRemotes] No remotes found in the git config file
2026-05-17 05:12:00.150 [info] > git config --get commit.template [12ms]
2026-05-17 05:12:00.151 [info] > git for-each-ref --format=%(refname)%00%(upstream:short)%00%(objectname)%00%(upstream:track)%00%(upstream:remotename)%00%(upstream:remoteref) refs/heads/master refs/remotes/master [2ms]
2026-05-17 05:12:00.173 [info] > git for-each-ref --sort -committerdate --format %(refname)%00%(objectname)%00%(*objectname) [2ms]
2026-05-17 05:12:00.191 [info] > git status -z -uall [29ms]
2026-05-17 05:12:05.224 [info] [Git][getRemotes] No remotes found in the git config file
2026-05-17 05:12:05.224 [info] > git config --get commit.template [12ms]
2026-05-17 05:12:05.225 [info] > git for-each-ref --format=%(refname)%00%(upstream:short)%00%(objectname)%00%(upstream:track)%00%(upstream:remotename)%00%(upstream:remoteref) refs/heads/master refs/remotes/master [1ms]
2026-05-17 05:12:05.248 [info] > git status -z -uall [12ms]
2026-05-17 05:12:05.249 [info] > git for-each-ref --sort -committerdate --format %(refname)%00%(objectname)%00%(*objectname) [1ms]
2026-05-17 05:12:10.282 [info] [Git][getRemotes] No remotes found in the git config file
2026-05-17 05:12:10.282 [info] > git config --get commit.template [12ms]
2026-05-17 05:12:10.283 [info] > git for-each-ref --format=%(refname)%00%(upstream:short)%00%(objectname)%00%(upstream:track)%00%(upstream:remotename)%00%(upstream:remoteref) refs/heads/master refs/remotes/master [1ms]
2026-05-17 05:12:10.302 [info] > git status -z -uall [10ms]
2026-05-17 05:12:10.303 [info] > git for-each-ref --sort -committerdate --format %(refname)%00%(objectname)%00%(*objectname) [1ms]
2026-05-17 05:12:15.331 [info] [Git][getRemotes] No remotes found in the git config file
2026-05-17 05:12:15.332 [info] > git config --get commit.template [14ms]
2026-05-17 05:12:15.333 [info] > git for-each-ref --format=%(refname)%00%(upstream:short)%00%(objectname)%00%(upstream:track)%00%(upstream:remotename)%00%(upstream:remoteref) refs/heads/master refs/remotes/master [2ms]
2026-05-17 05:12:15.355 [info] > git for-each-ref --sort -committerdate --format %(refname)%00%(objectname)%00%(*objectname) [2ms]
2026-05-17 05:12:15.365 [info] > git status -z -uall [21ms]
2026-05-17 05:12:20.436 [info] [Git][getRemotes] No remotes found in the git config file
2026-05-17 05:12:20.437 [info] > git config --get commit.template [13ms]
2026-05-17 05:12:20.437 [info] > git for-each-ref --format=%(refname)%00%(upstream:short)%00%(objectname)%00%(upstream:track)%00%(upstream:remotename)%00%(upstream:remoteref) refs/heads/master refs/remotes/master [1ms]
2026-05-17 05:12:20.465 [info] > git for-each-ref --sort -committerdate --format %(refname)%00%(objectname)%00%(*objectname) [2ms]
2026-05-17 05:12:20.470 [info] > git status -z -uall [20ms]
2026-05-17 05:12:28.201 [info] [Git][getRemotes] No remotes found in the git config file
2026-05-17 05:12:28.202 [info] > git config --get commit.template [14ms]
2026-05-17 05:12:28.202 [info] > git for-each-ref --format=%(refname)%00%(upstream:short)%00%(objectname)%00%(upstream:track)%00%(upstream:remotename)%00%(upstream:remoteref) refs/heads/master refs/remotes/master [1ms]
2026-05-17 05:12:28.228 [info] > git for-each-ref --sort -committerdate --format %(refname)%00%(objectname)%00%(*objectname) [1ms]
2026-05-17 05:12:28.237 [info] > git status -z -uall [23ms]
2026-05-17 05:12:33.338 [info] [Git][getRemotes] No remotes found in the git config file
2026-05-17 05:12:33.339 [info] > git config --get commit.template [18ms]
2026-05-17 05:12:33.339 [info] > git for-each-ref --format=%(refname)%00%(upstream:short)%00%(objectname)%00%(upstream:track)%00%(upstream:remotename)%00%(upstream:remoteref) refs/heads/master refs/remotes/master [1ms]
2026-05-17 05:12:33.371 [info] > git for-each-ref --sort -committerdate --format %(refname)%00%(objectname)%00%(*objectname) [2ms]
2026-05-17 05:12:33.377 [info] > git status -z -uall [22ms]
2026-05-17 05:12:39.531 [info] [Git][getRemotes] No remotes found in the git config file
2026-05-17 05:12:39.548 [info] > git config --get commit.template [18ms]
2026-05-17 05:12:39.549 [info] > git for-each-ref --format=%(refname)%00%(upstream:short)%00%(objectname)%00%(upstream:track)%00%(upstream:remotename)%00%(upstream:remoteref) refs/heads/master refs/remotes/master [1ms]
2026-05-17 05:12:39.576 [info] > git for-each-ref --sort -committerdate --format %(refname)%00%(objectname)%00%(*objectname) [1ms]
2026-05-17 05:12:39.583 [info] > git status -z -uall [23ms]
2026-05-17 05:12:44.656 [info] [Git][getRemotes] No remotes found in the git config file
2026-05-17 05:12:44.656 [info] > git config --get commit.template [13ms]
2026-05-17 05:12:44.657 [info] > git for-each-ref --format=%(refname)%00%(upstream:short)%00%(objectname)%00%(upstream:track)%00%(upstream:remotename)%00%(upstream:remoteref) refs/heads/master refs/remotes/master [2ms]
2026-05-17 05:12:44.690 [info] > git for-each-ref --sort -committerdate --format %(refname)%00%(objectname)%00%(*objectname) [1ms]
2026-05-17 05:12:44.696 [info] > git status -z -uall [22ms]
2026-05-17 05:12:49.814 [info] [Git][getRemotes] No remotes found in the git config file
2026-05-17 05:12:49.815 [info] > git config --get commit.template [17ms]
2026-05-17 05:12:49.815 [info] > git for-each-ref --format=%(refname)%00%(upstream:short)%00%(objectname)%00%(upstream:track)%00%(upstream:remotename)%00%(upstream:remoteref) refs/heads/master refs/remotes/master [1ms]
2026-05-17 05:12:49.850 [info] > git for-each-ref --sort -committerdate --format %(refname)%00%(objectname)%00%(*objectname) [5ms]
2026-05-17 05:12:49.851 [info] > git status -z -uall [22ms]
2026-05-17 05:12:55.080 [info] > git check-ignore -v -z --stdin [29ms]
2026-05-17 05:12:55.255 [info] > git check-ignore -v -z --stdin [2ms]
2026-05-17 05:12:55.308 [info] > git show --textconv :workflow.md [13ms]
2026-05-17 05:12:55.317 [info] > git ls-files --stage -- workflow.md [10ms]
2026-05-17 05:12:55.329 [info] > git cat-file -s 93ce50e78a3536d26424ebc8244e08726ef5a5ab [2ms]
2026-05-17 05:12:59.592 [info] [Git][getRemotes] No remotes found in the git config file
2026-05-17 05:12:59.592 [info] > git config --get commit.template [13ms]
2026-05-17 05:12:59.593 [info] > git for-each-ref --format=%(refname)%00%(upstream:short)%00%(objectname)%00%(upstream:track)%00%(upstream:remotename)%00%(upstream:remoteref) refs/heads/master refs/remotes/master [1ms]
2026-05-17 05:12:59.618 [info] > git for-each-ref --sort -committerdate --format %(refname)%00%(objectname)%00%(*objectname) [1ms]
2026-05-17 05:12:59.626 [info] > git status -z -uall [20ms]
2026-05-17 05:13:04.706 [info] [Git][getRemotes] No remotes found in the git config file
2026-05-17 05:13:04.707 [info] > git config --get commit.template [13ms]
2026-05-17 05:13:04.707 [info] > git for-each-ref --format=%(refname)%00%(upstream:short)%00%(objectname)%00%(upstream:track)%00%(upstream:remotename)%00%(upstream:remoteref) refs/heads/master refs/remotes/master [1ms]
2026-05-17 05:13:04.735 [info] > git for-each-ref --sort -committerdate --format %(refname)%00%(objectname)%00%(*objectname) [2ms]
2026-05-17 05:13:04.742 [info] > git status -z -uall [22ms]
2026-05-17 05:13:06.543 [info] > git check-ignore -v -z --stdin [2ms]
2026-05-17 05:13:08.330 [info] > git log --format=%H%n%aN%n%aE%n%at%n%ct%n%P%n%D%n%B -z --shortstat --diff-merges=first-parent -n50 --skip=0 --topo-order --decorate=full --stdin [2632ms]
2026-05-17 05:13:16.991 [info] [Git][getRemotes] No remotes found in the git config file
2026-05-17 05:13:16.991 [info] > git config --get commit.template [12ms]
2026-05-17 05:13:16.992 [info] > git for-each-ref --format=%(refname)%00%(upstream:short)%00%(objectname)%00%(upstream:track)%00%(upstream:remotename)%00%(upstream:remoteref) refs/heads/master refs/remotes/master [1ms]
2026-05-17 05:13:17.015 [info] > git for-each-ref --sort -committerdate --format %(refname)%00%(objectname)%00%(*objectname) [1ms]
2026-05-17 05:13:17.025 [info] > git status -z -uall [22ms]
2026-05-17 05:13:22.121 [info] [Git][getRemotes] No remotes found in the git config file
2026-05-17 05:13:22.121 [info] > git config --get commit.template [13ms]
2026-05-17 05:13:22.122 [info] > git for-each-ref --format=%(refname)%00%(upstream:short)%00%(objectname)%00%(upstream:track)%00%(upstream:remotename)%00%(upstream:remoteref) refs/heads/master refs/remotes/master [1ms]
2026-05-17 05:13:22.147 [info] > git for-each-ref --sort -committerdate --format %(refname)%00%(objectname)%00%(*objectname) [1ms]
2026-05-17 05:13:22.155 [info] > git status -z -uall [21ms]
2026-05-17 05:13:27.242 [info] [Git][getRemotes] No remotes found in the git config file
2026-05-17 05:13:27.243 [info] > git config --get commit.template [13ms]
2026-05-17 05:13:27.243 [info] > git for-each-ref --format=%(refname)%00%(upstream:short)%00%(objectname)%00%(upstream:track)%00%(upstream:remotename)%00%(upstream:remoteref) refs/heads/master refs/remotes/master [1ms]
2026-05-17 05:13:27.269 [info] > git for-each-ref --sort -committerdate --format %(refname)%00%(objectname)%00%(*objectname) [2ms]
2026-05-17 05:13:27.276 [info] > git status -z -uall [22ms]
2026-05-17 05:13:32.361 [info] [Git][getRemotes] No remotes found in the git config file
2026-05-17 05:13:32.362 [info] > git config --get commit.template [12ms]
2026-05-17 05:13:32.362 [info] > git for-each-ref --format=%(refname)%00%(upstream:short)%00%(objectname)%00%(upstream:track)%00%(upstream:remotename)%00%(upstream:remoteref) refs/heads/master refs/remotes/master [1ms]
2026-05-17 05:13:32.388 [info] > git for-each-ref --sort -committerdate --format %(refname)%00%(objectname)%00%(*objectname) [1ms]
2026-05-17 05:13:32.395 [info] > git status -z -uall [21ms]
2026-05-17 05:13:38.360 [info] > git log --format=%H%n%aN%n%aE%n%at%n%ct%n%P%n%D%n%B -z --shortstat --diff-merges=first-parent -n50 --skip=0 --topo-order --decorate=full --stdin [2529ms]
2026-05-17 05:13:39.207 [info] [Git][getRemotes] No remotes found in the git config file
2026-05-17 05:13:39.208 [info] > git config --get commit.template [11ms]
2026-05-17 05:13:39.208 [info] > git for-each-ref --format=%(refname)%00%(upstream:short)%00%(objectname)%00%(upstream:track)%00%(upstream:remotename)%00%(upstream:remoteref) refs/heads/master refs/remotes/master [1ms]
2026-05-17 05:13:39.229 [info] > git for-each-ref --sort -committerdate --format %(refname)%00%(objectname)%00%(*objectname) [1ms]
2026-05-17 05:13:39.238 [info] > git status -z -uall [20ms]
2026-05-17 05:13:44.314 [info] [Git][getRemotes] No remotes found in the git config file
2026-05-17 05:13:44.316 [info] > git config --get commit.template [14ms]
2026-05-17 05:13:44.316 [info] > git for-each-ref --format=%(refname)%00%(upstream:short)%00%(objectname)%00%(upstream:track)%00%(upstream:remotename)%00%(upstream:remoteref) refs/heads/master refs/remotes/master [2ms]
2026-05-17 05:13:44.342 [info] > git for-each-ref --sort -committerdate --format %(refname)%00%(objectname)%00%(*objectname) [1ms]
2026-05-17 05:13:44.349 [info] > git status -z -uall [20ms]
2026-05-17 05:13:49.424 [info] [Git][getRemotes] No remotes found in the git config file
2026-05-17 05:13:49.424 [info] > git config --get commit.template [13ms]
2026-05-17 05:13:49.426 [info] > git for-each-ref --format=%(refname)%00%(upstream:short)%00%(objectname)%00%(upstream:track)%00%(upstream:remotename)%00%(upstream:remoteref) refs/heads/master refs/remotes/master [2ms]
2026-05-17 05:13:49.452 [info] > git for-each-ref --sort -committerdate --format %(refname)%00%(objectname)%00%(*objectname) [1ms]
2026-05-17 05:13:49.458 [info] > git status -z -uall [20ms]
2026-05-17 05:14:16.927 [info] > git config --get commit.template [2ms]
2026-05-17 05:14:16.928 [info] [Git][getRemotes] No remotes found in the git config file
2026-05-17 05:14:16.943 [info] > git for-each-ref --format=%(refname)%00%(upstream:short)%00%(objectname)%00%(upstream:track)%00%(upstream:remotename)%00%(upstream:remoteref) refs/heads/master refs/remotes/master [3ms]
2026-05-17 05:14:16.970 [info] > git for-each-ref --sort -committerdate --format %(refname)%00%(objectname)%00%(*objectname) [2ms]
2026-05-17 05:14:16.982 [info] > git status -z -uall [27ms]
2026-05-17 05:14:42.217 [info] [Git][getRemotes] No remotes found in the git config file
2026-05-17 05:14:42.218 [info] > git config --get commit.template [15ms]
2026-05-17 05:14:42.219 [info] > git for-each-ref --format=%(refname)%00%(upstream:short)%00%(objectname)%00%(upstream:track)%00%(upstream:remotename)%00%(upstream:remoteref) refs/heads/master refs/remotes/master [2ms]
2026-05-17 05:14:42.251 [info] > git for-each-ref --sort -committerdate --format %(refname)%00%(objectname)%00%(*objectname) [2ms]
2026-05-17 05:14:42.257 [info] > git status -z -uall [23ms]
2026-05-17 05:14:46.560 [info] > git fetch [5ms]
2026-05-17 05:14:46.588 [info] [Git][getRemotes] No remotes found in the git config file
2026-05-17 05:14:46.589 [info] > git config --get commit.template [15ms]
2026-05-17 05:14:46.589 [info] > git for-each-ref --format=%(refname)%00%(upstream:short)%00%(objectname)%00%(upstream:track)%00%(upstream:remotename)%00%(upstream:remoteref) refs/heads/master refs/remotes/master [1ms]
2026-05-17 05:14:46.619 [info] > git for-each-ref --sort -committerdate --format %(refname)%00%(objectname)%00%(*objectname) [1ms]
2026-05-17 05:14:46.625 [info] > git status -z -uall [21ms]
2026-05-17 05:14:47.699 [info] [Git][getRemotes] No remotes found in the git config file
2026-05-17 05:14:47.699 [info] > git config --get commit.template [10ms]
2026-05-17 05:14:47.700 [info] > git for-each-ref --format=%(refname)%00%(upstream:short)%00%(objectname)%00%(upstream:track)%00%(upstream:remotename)%00%(upstream:remoteref) refs/heads/master refs/remotes/master [1ms]
2026-05-17 05:14:47.721 [info] > git for-each-ref --sort -committerdate --format %(refname)%00%(objectname)%00%(*objectname) [1ms]
2026-05-17 05:14:47.730 [info] > git status -z -uall [20ms]
2026-05-17 05:14:52.795 [info] [Git][getRemotes] No remotes found in the git config file
2026-05-17 05:14:52.796 [info] > git config --get commit.template [15ms]
2026-05-17 05:14:52.796 [info] > git for-each-ref --format=%(refname)%00%(upstream:short)%00%(objectname)%00%(upstream:track)%00%(upstream:remotename)%00%(upstream:remoteref) refs/heads/master refs/remotes/master [1ms]
2026-05-17 05:14:52.827 [info] > git for-each-ref --sort -committerdate --format %(refname)%00%(objectname)%00%(*objectname) [1ms]
2026-05-17 05:14:52.832 [info] > git status -z -uall [21ms]
2026-05-17 05:14:57.903 [info] [Git][getRemotes] No remotes found in the git config file
2026-05-17 05:14:57.904 [info] > git for-each-ref --format=%(refname)%00%(upstream:short)%00%(objectname)%00%(upstream:track)%00%(upstream:remotename)%00%(upstream:remoteref) refs/heads/master refs/remotes/master [1ms]
2026-05-17 05:14:57.905 [info] > git config --get commit.template [18ms]
2026-05-17 05:14:57.943 [info] > git for-each-ref --sort -committerdate --format %(refname)%00%(objectname)%00%(*objectname) [4ms]
2026-05-17 05:14:57.944 [info] > git status -z -uall [22ms]
2026-05-17 05:15:03.040 [info] [Git][getRemotes] No remotes found in the git config file
2026-05-17 05:15:03.041 [info] > git config --get commit.template [20ms]
2026-05-17 05:15:03.041 [info] > git for-each-ref --format=%(refname)%00%(upstream:short)%00%(objectname)%00%(upstream:track)%00%(upstream:remotename)%00%(upstream:remoteref) refs/heads/master refs/remotes/master [1ms]
2026-05-17 05:15:03.079 [info] > git for-each-ref --sort -committerdate --format %(refname)%00%(objectname)%00%(*objectname) [4ms]
2026-05-17 05:15:03.080 [info] > git status -z -uall [22ms]
2026-05-17 05:15:08.189 [info] [Git][getRemotes] No remotes found in the git config file
2026-05-17 05:15:08.189 [info] > git config --get commit.template [17ms]
2026-05-17 05:15:08.190 [info] > git for-each-ref --format=%(refname)%00%(upstream:short)%00%(objectname)%00%(upstream:track)%00%(upstream:remotename)%00%(upstream:remoteref) refs/heads/master refs/remotes/master [2ms]
2026-05-17 05:15:08.227 [info] > git for-each-ref --sort -committerdate --format %(refname)%00%(objectname)%00%(*objectname) [4ms]
2026-05-17 05:15:08.228 [info] > git status -z -uall [22ms]
2026-05-17 05:15:18.398 [info] [Git][getRemotes] No remotes found in the git config file
2026-05-17 05:15:18.399 [info] > git config --get commit.template [15ms]
2026-05-17 05:15:18.399 [info] > git for-each-ref --format=%(refname)%00%(upstream:short)%00%(objectname)%00%(upstream:track)%00%(upstream:remotename)%00%(upstream:remoteref) refs/heads/master refs/remotes/master [1ms]
2026-05-17 05:15:18.429 [info] > git for-each-ref --sort -committerdate --format %(refname)%00%(objectname)%00%(*objectname) [2ms]
2026-05-17 05:15:18.435 [info] > git status -z -uall [22ms]
2026-05-17 05:15:25.167 [info] [Git][getRemotes] No remotes found in the git config file
2026-05-17 05:15:25.168 [info] > git config --get commit.template [16ms]
2026-05-17 05:15:25.169 [info] > git for-each-ref --format=%(refname)%00%(upstream:short)%00%(objectname)%00%(upstream:track)%00%(upstream:remotename)%00%(upstream:remoteref) refs/heads/master refs/remotes/master [2ms]
2026-05-17 05:15:25.209 [info] > git for-each-ref --sort -committerdate --format %(refname)%00%(objectname)%00%(*objectname) [5ms]
2026-05-17 05:15:25.210 [info] > git status -z -uall [24ms]
2026-05-17 05:15:27.052 [info] > git log --format=%H%n%aN%n%aE%n%at%n%ct%n%P%n%D%n%B -z --shortstat --diff-merges=first-parent -n50 --skip=0 --topo-order --decorate=full --stdin [2581ms]
2026-05-17 05:15:33.904 [info] > git config --get commit.template [2ms]
2026-05-17 05:15:33.921 [info] [Git][getRemotes] No remotes found in the git config file
2026-05-17 05:15:33.923 [info] > git for-each-ref --format=%(refname)%00%(upstream:short)%00%(objectname)%00%(upstream:track)%00%(upstream:remotename)%00%(upstream:remoteref) refs/heads/master refs/remotes/master [2ms]
2026-05-17 05:15:33.954 [info] > git for-each-ref --sort -committerdate --format %(refname)%00%(objectname)%00%(*objectname) [1ms]
2026-05-17 05:15:33.961 [info] > git status -z -uall [24ms]
2026-05-17 05:15:41.645 [info] [Git][getRemotes] No remotes found in the git config file
2026-05-17 05:15:41.645 [info] > git config --get commit.template [16ms]
2026-05-17 05:15:41.645 [info] > git for-each-ref --format=%(refname)%00%(upstream:short)%00%(objectname)%00%(upstream:track)%00%(upstream:remotename)%00%(upstream:remoteref) refs/heads/master refs/remotes/master [1ms]
2026-05-17 05:15:41.673 [info] > git for-each-ref --sort -committerdate --format %(refname)%00%(objectname)%00%(*objectname) [2ms]
2026-05-17 05:15:41.680 [info] > git status -z -uall [22ms]
2026-05-17 05:15:53.705 [info] [Git][getRemotes] No remotes found in the git config file
2026-05-17 05:15:53.705 [info] > git config --get commit.template [13ms]
2026-05-17 05:15:53.706 [info] > git for-each-ref --format=%(refname)%00%(upstream:short)%00%(objectname)%00%(upstream:track)%00%(upstream:remotename)%00%(upstream:remoteref) refs/heads/master refs/remotes/master [1ms]
2026-05-17 05:15:53.733 [info] > git for-each-ref --sort -committerdate --format %(refname)%00%(objectname)%00%(*objectname) [2ms]
2026-05-17 05:15:53.738 [info] > git status -z -uall [21ms]
2026-05-17 05:15:58.846 [info] [Git][getRemotes] No remotes found in the git config file
2026-05-17 05:15:58.847 [info] > git config --get commit.template [16ms]
2026-05-17 05:15:58.848 [info] > git for-each-ref --format=%(refname)%00%(upstream:short)%00%(objectname)%00%(upstream:track)%00%(upstream:remotename)%00%(upstream:remoteref) refs/heads/master refs/remotes/master [2ms]
2026-05-17 05:15:58.876 [info] > git for-each-ref --sort -committerdate --format %(refname)%00%(objectname)%00%(*objectname) [2ms]
2026-05-17 05:15:58.882 [info] > git status -z -uall [22ms]
2026-05-17 05:16:10.355 [info] [Git][getRemotes] No remotes found in the git config file
2026-05-17 05:16:10.356 [info] > git config --get commit.template [15ms]
2026-05-17 05:16:10.356 [info] > git for-each-ref --format=%(refname)%00%(upstream:short)%00%(objectname)%00%(upstream:track)%00%(upstream:remotename)%00%(upstream:remoteref) refs/heads/master refs/remotes/master [1ms]
2026-05-17 05:16:10.387 [info] > git for-each-ref --sort -committerdate --format %(refname)%00%(objectname)%00%(*objectname) [2ms]
2026-05-17 05:16:10.397 [info] > git status -z -uall [26ms]
2026-05-17 05:16:16.937 [info] [Git][getRemotes] No remotes found in the git config file
2026-05-17 05:16:16.938 [info] > git config --get commit.template [15ms]
2026-05-17 05:16:16.938 [info] > git for-each-ref --format=%(refname)%00%(upstream:short)%00%(objectname)%00%(upstream:track)%00%(upstream:remotename)%00%(upstream:remoteref) refs/heads/master refs/remotes/master [1ms]
2026-05-17 05:16:16.976 [info] > git for-each-ref --sort -committerdate --format %(refname)%00%(objectname)%00%(*objectname) [5ms]
2026-05-17 05:16:16.979 [info] > git status -z -uall [27ms]
2026-05-17 05:16:22.057 [info] [Git][getRemotes] No remotes found in the git config file
2026-05-17 05:16:22.057 [info] > git config --get commit.template [14ms]
2026-05-17 05:16:22.058 [info] > git for-each-ref --format=%(refname)%00%(upstream:short)%00%(objectname)%00%(upstream:track)%00%(upstream:remotename)%00%(upstream:remoteref) refs/heads/master refs/remotes/master [2ms]
2026-05-17 05:16:22.131 [info] > git for-each-ref --sort -committerdate --format %(refname)%00%(objectname)%00%(*objectname) [48ms]
2026-05-17 05:16:22.135 [info] > git status -z -uall [65ms]
2026-05-17 05:16:27.204 [info] > git config --get commit.template [12ms]
2026-05-17 05:16:27.204 [info] [Git][getRemotes] No remotes found in the git config file
2026-05-17 05:16:27.205 [info] > git for-each-ref --format=%(refname)%00%(upstream:short)%00%(objectname)%00%(upstream:track)%00%(upstream:remotename)%00%(upstream:remoteref) refs/heads/master refs/remotes/master [1ms]
2026-05-17 05:16:27.230 [info] > git for-each-ref --sort -committerdate --format %(refname)%00%(objectname)%00%(*objectname) [2ms]
2026-05-17 05:16:27.237 [info] > git status -z -uall [22ms]
2026-05-17 05:16:32.332 [info] [Git][getRemotes] No remotes found in the git config file
2026-05-17 05:16:32.332 [info] > git config --get commit.template [20ms]
2026-05-17 05:16:32.333 [info] > git for-each-ref --format=%(refname)%00%(upstream:short)%00%(objectname)%00%(upstream:track)%00%(upstream:remotename)%00%(upstream:remoteref) refs/heads/master refs/remotes/master [2ms]
2026-05-17 05:16:32.376 [info] > git for-each-ref --sort -committerdate --format %(refname)%00%(objectname)%00%(*objectname) [2ms]
2026-05-17 05:16:32.381 [info] > git status -z -uall [28ms]
2026-05-17 05:16:37.487 [info] [Git][getRemotes] No remotes found in the git config file
2026-05-17 05:16:37.487 [info] > git config --get commit.template [16ms]
2026-05-17 05:16:37.488 [info] > git for-each-ref --format=%(refname)%00%(upstream:short)%00%(objectname)%00%(upstream:track)%00%(upstream:remotename)%00%(upstream:remoteref) refs/heads/master refs/remotes/master [2ms]
2026-05-17 05:16:37.524 [info] > git for-each-ref --sort -committerdate --format %(refname)%00%(objectname)%00%(*objectname) [5ms]
2026-05-17 05:16:37.525 [info] > git status -z -uall [22ms]
2026-05-17 05:16:42.615 [info] [Git][getRemotes] No remotes found in the git config file
2026-05-17 05:16:42.616 [info] > git config --get commit.template [18ms]
2026-05-17 05:16:42.616 [info] > git for-each-ref --format=%(refname)%00%(upstream:short)%00%(objectname)%00%(upstream:track)%00%(upstream:remotename)%00%(upstream:remoteref) refs/heads/master refs/remotes/master [1ms]
2026-05-17 05:16:42.647 [info] > git for-each-ref --sort -committerdate --format %(refname)%00%(objectname)%00%(*objectname) [1ms]
2026-05-17 05:16:42.652 [info] > git status -z -uall [21ms]
2026-05-17 05:16:47.763 [info] [Git][getRemotes] No remotes found in the git config file
2026-05-17 05:16:47.764 [info] > git config --get commit.template [17ms]
2026-05-17 05:16:47.765 [info] > git for-each-ref --format=%(refname)%00%(upstream:short)%00%(objectname)%00%(upstream:track)%00%(upstream:remotename)%00%(upstream:remoteref) refs/heads/master refs/remotes/master [2ms]
2026-05-17 05:16:47.802 [info] > git for-each-ref --sort -committerdate --format %(refname)%00%(objectname)%00%(*objectname) [4ms]
2026-05-17 05:16:47.803 [info] > git status -z -uall [21ms]
2026-05-17 05:16:52.898 [info] [Git][getRemotes] No remotes found in the git config file
2026-05-17 05:16:52.899 [info] > git config --get commit.template [14ms]
2026-05-17 05:16:52.899 [info] > git for-each-ref --format=%(refname)%00%(upstream:short)%00%(objectname)%00%(upstream:track)%00%(upstream:remotename)%00%(upstream:remoteref) refs/heads/master refs/remotes/master [1ms]
2026-05-17 05:16:52.927 [info] > git for-each-ref --sort -committerdate --format %(refname)%00%(objectname)%00%(*objectname) [1ms]
2026-05-17 05:16:52.934 [info] > git status -z -uall [22ms]
2026-05-17 05:16:58.035 [info] [Git][getRemotes] No remotes found in the git config file
2026-05-17 05:16:58.035 [info] > git config --get commit.template [13ms]
2026-05-17 05:16:58.047 [info] > git for-each-ref --format=%(refname)%00%(upstream:short)%00%(objectname)%00%(upstream:track)%00%(upstream:remotename)%00%(upstream:remoteref) refs/heads/master refs/remotes/master [13ms]
2026-05-17 05:16:58.074 [info] > git for-each-ref --sort -committerdate --format %(refname)%00%(objectname)%00%(*objectname) [1ms]
2026-05-17 05:16:58.079 [info] > git status -z -uall [20ms]
2026-05-17 05:17:03.159 [info] [Git][getRemotes] No remotes found in the git config file
2026-05-17 05:17:03.159 [info] > git config --get commit.template [13ms]
2026-05-17 05:17:03.160 [info] > git for-each-ref --format=%(refname)%00%(upstream:short)%00%(objectname)%00%(upstream:track)%00%(upstream:remotename)%00%(upstream:remoteref) refs/heads/master refs/remotes/master [1ms]
2026-05-17 05:17:03.187 [info] > git for-each-ref --sort -committerdate --format %(refname)%00%(objectname)%00%(*objectname) [1ms]
2026-05-17 05:17:03.195 [info] > git status -z -uall [22ms]
2026-05-17 05:17:08.275 [info] [Git][getRemotes] No remotes found in the git config file
2026-05-17 05:17:08.276 [info] > git config --get commit.template [13ms]
2026-05-17 05:17:08.278 [info] > git for-each-ref --format=%(refname)%00%(upstream:short)%00%(objectname)%00%(upstream:track)%00%(upstream:remotename)%00%(upstream:remoteref) refs/heads/master refs/remotes/master [3ms]
2026-05-17 05:17:08.304 [info] > git for-each-ref --sort -committerdate --format %(refname)%00%(objectname)%00%(*objectname) [2ms]
2026-05-17 05:17:08.310 [info] > git status -z -uall [20ms]
2026-05-17 05:17:16.932 [info] [Git][getRemotes] No remotes found in the git config file
2026-05-17 05:17:16.932 [info] > git config --get commit.template [13ms]
2026-05-17 05:17:16.933 [info] > git for-each-ref --format=%(refname)%00%(upstream:short)%00%(objectname)%00%(upstream:track)%00%(upstream:remotename)%00%(upstream:remoteref) refs/heads/master refs/remotes/master [2ms]
2026-05-17 05:17:16.960 [info] > git for-each-ref --sort -committerdate --format %(refname)%00%(objectname)%00%(*objectname) [1ms]
2026-05-17 05:17:16.967 [info] > git status -z -uall [22ms]
2026-05-17 05:17:46.695 [info] > git fetch [4ms]
2026-05-17 05:17:46.720 [info] [Git][getRemotes] No remotes found in the git config file
2026-05-17 05:17:46.720 [info] > git config --get commit.template [12ms]
2026-05-17 05:17:46.721 [info] > git for-each-ref --format=%(refname)%00%(upstream:short)%00%(objectname)%00%(upstream:track)%00%(upstream:remotename)%00%(upstream:remoteref) refs/heads/master refs/remotes/master [1ms]
2026-05-17 05:17:46.746 [info] > git for-each-ref --sort -committerdate --format %(refname)%00%(objectname)%00%(*objectname) [1ms]
2026-05-17 05:17:46.753 [info] > git status -z -uall [20ms]
2026-05-17 05:17:47.844 [info] [Git][getRemotes] No remotes found in the git config file
2026-05-17 05:17:47.845 [info] > git config --get commit.template [14ms]
2026-05-17 05:17:47.845 [info] > git for-each-ref --format=%(refname)%00%(upstream:short)%00%(objectname)%00%(upstream:track)%00%(upstream:remotename)%00%(upstream:remoteref) refs/heads/master refs/remotes/master [1ms]
2026-05-17 05:17:47.876 [info] > git for-each-ref --sort -committerdate --format %(refname)%00%(objectname)%00%(*objectname) [2ms]
2026-05-17 05:17:47.884 [info] > git status -z -uall [26ms]
2026-05-17 05:18:16.933 [info] [Git][getRemotes] No remotes found in the git config file
2026-05-17 05:18:16.933 [info] > git config --get commit.template [13ms]
2026-05-17 05:18:16.934 [info] > git for-each-ref --format=%(refname)%00%(upstream:short)%00%(objectname)%00%(upstream:track)%00%(upstream:remotename)%00%(upstream:remoteref) refs/heads/master refs/remotes/master [1ms]
2026-05-17 05:18:16.960 [info] > git for-each-ref --sort -committerdate --format %(refname)%00%(objectname)%00%(*objectname) [1ms]
2026-05-17 05:18:16.966 [info] > git status -z -uall [20ms]
2026-05-17 05:18:26.859 [info] [Git][getRemotes] No remotes found in the git config file
2026-05-17 05:18:26.860 [info] > git config --get commit.template [12ms]
2026-05-17 05:18:26.860 [info] > git for-each-ref --format=%(refname)%00%(upstream:short)%00%(objectname)%00%(upstream:track)%00%(upstream:remotename)%00%(upstream:remoteref) refs/heads/master refs/remotes/master [1ms]
2026-05-17 05:18:26.886 [info] > git for-each-ref --sort -committerdate --format %(refname)%00%(objectname)%00%(*objectname) [2ms]
2026-05-17 05:18:26.893 [info] > git status -z -uall [21ms]
2026-05-17 05:18:31.974 [info] [Git][getRemotes] No remotes found in the git config file
2026-05-17 05:18:31.975 [info] > git config --get commit.template [14ms]
2026-05-17 05:18:31.975 [info] > git for-each-ref --format=%(refname)%00%(upstream:short)%00%(objectname)%00%(upstream:track)%00%(upstream:remotename)%00%(upstream:remoteref) refs/heads/master refs/remotes/master [1ms]
2026-05-17 05:18:32.001 [info] > git for-each-ref --sort -committerdate --format %(refname)%00%(objectname)%00%(*objectname) [1ms]
2026-05-17 05:18:32.006 [info] > git status -z -uall [18ms]
2026-05-17 05:18:37.076 [info] [Git][getRemotes] No remotes found in the git config file
2026-05-17 05:18:37.077 [info] > git config --get commit.template [14ms]
2026-05-17 05:18:37.077 [info] > git for-each-ref --format=%(refname)%00%(upstream:short)%00%(objectname)%00%(upstream:track)%00%(upstream:remotename)%00%(upstream:remoteref) refs/heads/master refs/remotes/master [1ms]
2026-05-17 05:18:37.105 [info] > git for-each-ref --sort -committerdate --format %(refname)%00%(objectname)%00%(*objectname) [1ms]
2026-05-17 05:18:37.112 [info] > git status -z -uall [21ms]
2026-05-17 05:18:43.296 [info] [Git][getRemotes] No remotes found in the git config file
2026-05-17 05:18:43.297 [info] > git config --get commit.template [14ms]
2026-05-17 05:18:43.297 [info] > git for-each-ref --format=%(refname)%00%(upstream:short)%00%(objectname)%00%(upstream:track)%00%(upstream:remotename)%00%(upstream:remoteref) refs/heads/master refs/remotes/master [1ms]
2026-05-17 05:18:43.324 [info] > git for-each-ref --sort -committerdate --format %(refname)%00%(objectname)%00%(*objectname) [1ms]
2026-05-17 05:18:43.330 [info] > git status -z -uall [21ms]
2026-05-17 05:18:48.415 [info] [Git][getRemotes] No remotes found in the git config file
2026-05-17 05:18:48.416 [info] > git config --get commit.template [14ms]
2026-05-17 05:18:48.416 [info] > git for-each-ref --format=%(refname)%00%(upstream:short)%00%(objectname)%00%(upstream:track)%00%(upstream:remotename)%00%(upstream:remoteref) refs/heads/master refs/remotes/master [1ms]
2026-05-17 05:18:48.444 [info] > git for-each-ref --sort -committerdate --format %(refname)%00%(objectname)%00%(*objectname) [1ms]
2026-05-17 05:18:48.449 [info] > git status -z -uall [21ms]
2026-05-17 05:18:53.520 [info] [Git][getRemotes] No remotes found in the git config file
2026-05-17 05:18:53.532 [info] > git config --get commit.template [13ms]
2026-05-17 05:18:53.533 [info] > git for-each-ref --format=%(refname)%00%(upstream:short)%00%(objectname)%00%(upstream:track)%00%(upstream:remotename)%00%(upstream:remoteref) refs/heads/master refs/remotes/master [2ms]
2026-05-17 05:18:53.560 [info] > git for-each-ref --sort -committerdate --format %(refname)%00%(objectname)%00%(*objectname) [1ms]
2026-05-17 05:18:53.568 [info] > git status -z -uall [22ms]
2026-05-17 05:19:05.671 [info] [Git][getRemotes] No remotes found in the git config file
2026-05-17 05:19:05.672 [info] > git config --get commit.template [13ms]
2026-05-17 05:19:05.672 [info] > git for-each-ref --format=%(refname)%00%(upstream:short)%00%(objectname)%00%(upstream:track)%00%(upstream:remotename)%00%(upstream:remoteref) refs/heads/master refs/remotes/master [1ms]
2026-05-17 05:19:05.700 [info] > git for-each-ref --sort -committerdate --format %(refname)%00%(objectname)%00%(*objectname) [1ms]
2026-05-17 05:19:05.705 [info] > git status -z -uall [21ms]
2026-05-17 05:19:11.433 [info] [Git][getRemotes] No remotes found in the git config file
2026-05-17 05:19:11.433 [info] > git config --get commit.template [17ms]
2026-05-17 05:19:11.434 [info] > git for-each-ref --format=%(refname)%00%(upstream:short)%00%(objectname)%00%(upstream:track)%00%(upstream:remotename)%00%(upstream:remoteref) refs/heads/master refs/remotes/master [2ms]
2026-05-17 05:19:11.470 [info] > git for-each-ref --sort -committerdate --format %(refname)%00%(objectname)%00%(*objectname) [5ms]
2026-05-17 05:19:11.470 [info] > git status -z -uall [20ms]
2026-05-17 05:19:16.968 [info] [Git][getRemotes] No remotes found in the git config file
2026-05-17 05:19:16.969 [info] > git config --get commit.template [18ms]
2026-05-17 05:19:16.969 [info] > git for-each-ref --format=%(refname)%00%(upstream:short)%00%(objectname)%00%(upstream:track)%00%(upstream:remotename)%00%(upstream:remoteref) refs/heads/master refs/remotes/master [1ms]
2026-05-17 05:19:17.006 [info] > git for-each-ref --sort -committerdate --format %(refname)%00%(objectname)%00%(*objectname) [5ms]
2026-05-17 05:19:17.006 [info] > git status -z -uall [21ms]
2026-05-17 05:19:22.128 [info] [Git][getRemotes] No remotes found in the git config file
2026-05-17 05:19:22.129 [info] > git config --get commit.template [19ms]
2026-05-17 05:19:22.130 [info] > git for-each-ref --format=%(refname)%00%(upstream:short)%00%(objectname)%00%(upstream:track)%00%(upstream:remotename)%00%(upstream:remoteref) refs/heads/master refs/remotes/master [1ms]
2026-05-17 05:19:22.167 [info] > git for-each-ref --sort -committerdate --format %(refname)%00%(objectname)%00%(*objectname) [4ms]
2026-05-17 05:19:22.188 [info] > git status -z -uall [43ms]
2026-05-17 05:19:41.293 [info] > git config --get commit.template [1ms]
2026-05-17 05:19:41.307 [info] [Git][getRemotes] No remotes found in the git config file
2026-05-17 05:19:41.308 [info] > git for-each-ref --format=%(refname)%00%(upstream:short)%00%(objectname)%00%(upstream:track)%00%(upstream:remotename)%00%(upstream:remoteref) refs/heads/master refs/remotes/master [1ms]
2026-05-17 05:19:41.340 [info] > git for-each-ref --sort -committerdate --format %(refname)%00%(objectname)%00%(*objectname) [2ms]
2026-05-17 05:19:41.345 [info] > git status -z -uall [22ms]
2026-05-17 05:19:47.992 [info] [Git][getRemotes] No remotes found in the git config file
2026-05-17 05:19:47.993 [info] > git config --get commit.template [17ms]
2026-05-17 05:19:47.994 [info] > git for-each-ref --format=%(refname)%00%(upstream:short)%00%(objectname)%00%(upstream:track)%00%(upstream:remotename)%00%(upstream:remoteref) refs/heads/master refs/remotes/master [2ms]
2026-05-17 05:19:48.025 [info] > git for-each-ref --sort -committerdate --format %(refname)%00%(objectname)%00%(*objectname) [2ms]
2026-05-17 05:19:48.030 [info] > git status -z -uall [21ms]
2026-05-17 05:19:53.129 [info] [Git][getRemotes] No remotes found in the git config file
2026-05-17 05:19:53.130 [info] > git config --get commit.template [16ms]
2026-05-17 05:19:53.131 [info] > git for-each-ref --format=%(refname)%00%(upstream:short)%00%(objectname)%00%(upstream:track)%00%(upstream:remotename)%00%(upstream:remoteref) refs/heads/master refs/remotes/master [2ms]
2026-05-17 05:19:53.167 [info] > git for-each-ref --sort -committerdate --format %(refname)%00%(objectname)%00%(*objectname) [4ms]
2026-05-17 05:19:53.168 [info] > git status -z -uall [21ms]
2026-05-17 05:20:16.940 [info] [Git][getRemotes] No remotes found in the git config file
2026-05-17 05:20:16.940 [info] > git config --get commit.template [16ms]
2026-05-17 05:20:16.941 [info] > git for-each-ref --format=%(refname)%00%(upstream:short)%00%(objectname)%00%(upstream:track)%00%(upstream:remotename)%00%(upstream:remoteref) refs/heads/master refs/remotes/master [1ms]
2026-05-17 05:20:16.974 [info] > git for-each-ref --sort -committerdate --format %(refname)%00%(objectname)%00%(*objectname) [1ms]
2026-05-17 05:20:17.001 [info] > git status -z -uall [44ms]
2026-05-17 05:20:22.103 [info] > git config --get commit.template [1ms]
2026-05-17 05:20:22.119 [info] [Git][getRemotes] No remotes found in the git config file
2026-05-17 05:20:22.120 [info] > git for-each-ref --format=%(refname)%00%(upstream:short)%00%(objectname)%00%(upstream:track)%00%(upstream:remotename)%00%(upstream:remoteref) refs/heads/master refs/remotes/master [1ms]
2026-05-17 05:20:22.158 [info] > git for-each-ref --sort -committerdate --format %(refname)%00%(objectname)%00%(*objectname) [5ms]
2026-05-17 05:20:22.159 [info] > git status -z -uall [23ms]
2026-05-17 05:20:29.747 [info] [Git][getRemotes] No remotes found in the git config file
2026-05-17 05:20:29.748 [info] > git config --get commit.template [16ms]
2026-05-17 05:20:29.748 [info] > git for-each-ref --format=%(refname)%00%(upstream:short)%00%(objectname)%00%(upstream:track)%00%(upstream:remotename)%00%(upstream:remoteref) refs/heads/master refs/remotes/master [1ms]
2026-05-17 05:20:29.781 [info] > git for-each-ref --sort -committerdate --format %(refname)%00%(objectname)%00%(*objectname) [4ms]
2026-05-17 05:20:29.782 [info] > git status -z -uall [20ms]
2026-05-17 05:20:34.882 [info] [Git][getRemotes] No remotes found in the git config file
2026-05-17 05:20:34.882 [info] > git config --get commit.template [14ms]
2026-05-17 05:20:34.883 [info] > git for-each-ref --format=%(refname)%00%(upstream:short)%00%(objectname)%00%(upstream:track)%00%(upstream:remotename)%00%(upstream:remoteref) refs/heads/master refs/remotes/master [1ms]
2026-05-17 05:20:34.910 [info] > git for-each-ref --sort -committerdate --format %(refname)%00%(objectname)%00%(*objectname) [2ms]
2026-05-17 05:20:34.916 [info] > git status -z -uall [21ms]
2026-05-17 05:20:39.998 [info] [Git][getRemotes] No remotes found in the git config file
2026-05-17 05:20:39.998 [info] > git config --get commit.template [14ms]
2026-05-17 05:20:39.999 [info] > git for-each-ref --format=%(refname)%00%(upstream:short)%00%(objectname)%00%(upstream:track)%00%(upstream:remotename)%00%(upstream:remoteref) refs/heads/master refs/remotes/master [2ms]
2026-05-17 05:20:40.026 [info] > git for-each-ref --sort -committerdate --format %(refname)%00%(objectname)%00%(*objectname) [2ms]
2026-05-17 05:20:40.033 [info] > git status -z -uall [21ms]
2026-05-17 05:20:45.114 [info] [Git][getRemotes] No remotes found in the git config file
2026-05-17 05:20:45.115 [info] > git config --get commit.template [14ms]
2026-05-17 05:20:45.115 [info] > git for-each-ref --format=%(refname)%00%(upstream:short)%00%(objectname)%00%(upstream:track)%00%(upstream:remotename)%00%(upstream:remoteref) refs/heads/master refs/remotes/master [1ms]
2026-05-17 05:20:45.144 [info] > git for-each-ref --sort -committerdate --format %(refname)%00%(objectname)%00%(*objectname) [2ms]
2026-05-17 05:20:45.149 [info] > git status -z -uall [20ms]
2026-05-17 05:20:46.833 [info] > git fetch [4ms]
2026-05-17 05:20:46.856 [info] [Git][getRemotes] No remotes found in the git config file
2026-05-17 05:20:46.857 [info] > git config --get commit.template [12ms]
2026-05-17 05:20:46.858 [info] > git for-each-ref --format=%(refname)%00%(upstream:short)%00%(objectname)%00%(upstream:track)%00%(upstream:remotename)%00%(upstream:remoteref) refs/heads/master refs/remotes/master [2ms]
2026-05-17 05:20:46.881 [info] > git for-each-ref --sort -committerdate --format %(refname)%00%(objectname)%00%(*objectname) [2ms]
2026-05-17 05:20:46.888 [info] > git status -z -uall [20ms]
2026-05-17 05:20:50.218 [info] [Git][getRemotes] No remotes found in the git config file
2026-05-17 05:20:50.218 [info] > git config --get commit.template [12ms]
2026-05-17 05:20:50.219 [info] > git for-each-ref --format=%(refname)%00%(upstream:short)%00%(objectname)%00%(upstream:track)%00%(upstream:remotename)%00%(upstream:remoteref) refs/heads/master refs/remotes/master [1ms]
2026-05-17 05:20:50.246 [info] > git for-each-ref --sort -committerdate --format %(refname)%00%(objectname)%00%(*objectname) [1ms]
2026-05-17 05:20:50.254 [info] > git status -z -uall [22ms]
2026-05-17 05:20:57.791 [info] [Git][getRemotes] No remotes found in the git config file
2026-05-17 05:20:57.791 [info] > git config --get commit.template [17ms]
2026-05-17 05:20:57.792 [info] > git for-each-ref --format=%(refname)%00%(upstream:short)%00%(objectname)%00%(upstream:track)%00%(upstream:remotename)%00%(upstream:remoteref) refs/heads/master refs/remotes/master [1ms]
2026-05-17 05:20:57.830 [info] > git for-each-ref --sort -committerdate --format %(refname)%00%(objectname)%00%(*objectname) [4ms]
2026-05-17 05:20:57.831 [info] > git status -z -uall [23ms]
2026-05-17 05:21:02.932 [info] [Git][getRemotes] No remotes found in the git config file
2026-05-17 05:21:02.933 [info] > git config --get commit.template [19ms]
2026-05-17 05:21:02.934 [info] > git for-each-ref --format=%(refname)%00%(upstream:short)%00%(objectname)%00%(upstream:track)%00%(upstream:remotename)%00%(upstream:remoteref) refs/heads/master refs/remotes/master [2ms]
2026-05-17 05:21:02.966 [info] > git for-each-ref --sort -committerdate --format %(refname)%00%(objectname)%00%(*objectname) [1ms]
2026-05-17 05:21:02.972 [info] > git status -z -uall [23ms]
2026-05-17 05:21:08.089 [info] [Git][getRemotes] No remotes found in the git config file
2026-05-17 05:21:08.089 [info] > git config --get commit.template [16ms]
2026-05-17 05:21:08.090 [info] > git for-each-ref --format=%(refname)%00%(upstream:short)%00%(objectname)%00%(upstream:track)%00%(upstream:remotename)%00%(upstream:remoteref) refs/heads/master refs/remotes/master [2ms]
2026-05-17 05:21:08.131 [info] > git for-each-ref --sort -committerdate --format %(refname)%00%(objectname)%00%(*objectname) [5ms]
2026-05-17 05:21:08.132 [info] > git status -z -uall [25ms]
2026-05-17 05:21:13.230 [info] > git config --get commit.template [1ms]
2026-05-17 05:21:13.244 [info] [Git][getRemotes] No remotes found in the git config file
2026-05-17 05:21:13.245 [info] > git for-each-ref --format=%(refname)%00%(upstream:short)%00%(objectname)%00%(upstream:track)%00%(upstream:remotename)%00%(upstream:remoteref) refs/heads/master refs/remotes/master [1ms]
2026-05-17 05:21:13.274 [info] > git for-each-ref --sort -committerdate --format %(refname)%00%(objectname)%00%(*objectname) [2ms]
2026-05-17 05:21:13.277 [info] > git status -z -uall [19ms]
2026-05-17 05:21:18.348 [info] [Git][getRemotes] No remotes found in the git config file
2026-05-17 05:21:18.349 [info] > git config --get commit.template [14ms]
2026-05-17 05:21:18.349 [info] > git for-each-ref --format=%(refname)%00%(upstream:short)%00%(objectname)%00%(upstream:track)%00%(upstream:remotename)%00%(upstream:remoteref) refs/heads/master refs/remotes/master [1ms]
2026-05-17 05:21:18.382 [info] > git for-each-ref --sort -committerdate --format %(refname)%00%(objectname)%00%(*objectname) [2ms]
2026-05-17 05:21:18.387 [info] > git status -z -uall [23ms]
2026-05-17 05:21:28.664 [info] > git config --get commit.template [3ms]
2026-05-17 05:21:28.681 [info] [Git][getRemotes] No remotes found in the git config file
2026-05-17 05:21:28.682 [info] > git for-each-ref --format=%(refname)%00%(upstream:short)%00%(objectname)%00%(upstream:track)%00%(upstream:remotename)%00%(upstream:remoteref) refs/heads/master refs/remotes/master [2ms]
2026-05-17 05:21:28.715 [info] > git for-each-ref --sort -committerdate --format %(refname)%00%(objectname)%00%(*objectname) [1ms]
2026-05-17 05:21:28.724 [info] > git status -z -uall [27ms]
2026-05-17 05:21:33.798 [info] [Git][getRemotes] No remotes found in the git config file
2026-05-17 05:21:33.799 [info] > git config --get commit.template [14ms]
2026-05-17 05:21:33.799 [info] > git for-each-ref --format=%(refname)%00%(upstream:short)%00%(objectname)%00%(upstream:track)%00%(upstream:remotename)%00%(upstream:remoteref) refs/heads/master refs/remotes/master [1ms]
2026-05-17 05:21:33.833 [info] > git for-each-ref --sort -committerdate --format %(refname)%00%(objectname)%00%(*objectname) [5ms]
2026-05-17 05:21:33.837 [info] > git status -z -uall [26ms]
2026-05-17 05:21:38.931 [info] [Git][getRemotes] No remotes found in the git config file
2026-05-17 05:21:38.932 [info] > git config --get commit.template [14ms]
2026-05-17 05:21:38.932 [info] > git for-each-ref --format=%(refname)%00%(upstream:short)%00%(objectname)%00%(upstream:track)%00%(upstream:remotename)%00%(upstream:remoteref) refs/heads/master refs/remotes/master [1ms]
2026-05-17 05:21:38.965 [info] > git for-each-ref --sort -committerdate --format %(refname)%00%(objectname)%00%(*objectname) [2ms]
2026-05-17 05:21:38.975 [info] > git status -z -uall [28ms]
2026-05-17 05:21:59.081 [info] > git config --get commit.template [2ms]
2026-05-17 05:21:59.097 [info] [Git][getRemotes] No remotes found in the git config file
2026-05-17 05:21:59.098 [info] > git for-each-ref --format=%(refname)%00%(upstream:short)%00%(objectname)%00%(upstream:track)%00%(upstream:remotename)%00%(upstream:remoteref) refs/heads/master refs/remotes/master [1ms]
2026-05-17 05:21:59.128 [info] > git for-each-ref --sort -committerdate --format %(refname)%00%(objectname)%00%(*objectname) [2ms]
2026-05-17 05:21:59.135 [info] > git status -z -uall [24ms]
2026-05-17 05:22:04.228 [info] [Git][getRemotes] No remotes found in the git config file
2026-05-17 05:22:04.229 [info] > git config --get commit.template [14ms]
2026-05-17 05:22:04.229 [info] > git for-each-ref --format=%(refname)%00%(upstream:short)%00%(objectname)%00%(upstream:track)%00%(upstream:remotename)%00%(upstream:remoteref) refs/heads/master refs/remotes/master [1ms]
2026-05-17 05:22:04.257 [info] > git for-each-ref --sort -committerdate --format %(refname)%00%(objectname)%00%(*objectname) [2ms]
2026-05-17 05:22:04.262 [info] > git status -z -uall [20ms]
2026-05-17 05:22:09.340 [info] [Git][getRemotes] No remotes found in the git config file
2026-05-17 05:22:09.341 [info] > git config --get commit.template [14ms]
2026-05-17 05:22:09.342 [info] > git for-each-ref --format=%(refname)%00%(upstream:short)%00%(objectname)%00%(upstream:track)%00%(upstream:remotename)%00%(upstream:remoteref) refs/heads/master refs/remotes/master [2ms]
2026-05-17 05:22:09.367 [info] > git for-each-ref --sort -committerdate --format %(refname)%00%(objectname)%00%(*objectname) [1ms]
2026-05-17 05:22:09.375 [info] > git status -z -uall [21ms]
2026-05-17 05:22:14.452 [info] [Git][getRemotes] No remotes found in the git config file
2026-05-17 05:22:14.453 [info] > git config --get commit.template [11ms]
2026-05-17 05:22:14.454 [info] > git for-each-ref --format=%(refname)%00%(upstream:short)%00%(objectname)%00%(upstream:track)%00%(upstream:remotename)%00%(upstream:remoteref) refs/heads/master refs/remotes/master [1ms]
2026-05-17 05:22:14.480 [info] > git for-each-ref --sort -committerdate --format %(refname)%00%(objectname)%00%(*objectname) [1ms]
2026-05-17 05:22:15.640 [info] > git status -z -uall [1173ms]
2026-05-17 05:22:20.678 [info] [Git][getRemotes] No remotes found in the git config file
2026-05-17 05:22:20.690 [info] > git config --get commit.template [13ms]
2026-05-17 05:22:20.691 [info] > git for-each-ref --format=%(refname)%00%(upstream:short)%00%(objectname)%00%(upstream:track)%00%(upstream:remotename)%00%(upstream:remoteref) refs/heads/master refs/remotes/master [2ms]
2026-05-17 05:22:20.716 [info] > git for-each-ref --sort -committerdate --format %(refname)%00%(objectname)%00%(*objectname) [1ms]
2026-05-17 05:22:20.756 [info] > git status -z -uall [53ms]
2026-05-17 05:22:20.952 [info] > git log --format=%H%n%aN%n%aE%n%at%n%ct%n%P%n%D%n%B -z --shortstat --diff-merges=first-parent -n50 --skip=0 --topo-order --decorate=full --stdin [4582ms]
2026-05-17 05:22:21.402 [info] > git check-ignore -v -z --stdin [1ms]
2026-05-17 05:22:25.307 [info] > git log --format=%H%n%aN%n%aE%n%at%n%ct%n%P%n%D%n%B -z --shortstat --diff-merges=first-parent -n50 --skip=0 --topo-order --decorate=full --stdin [4285ms]
2026-05-17 05:22:25.786 [info] [Git][getRemotes] No remotes found in the git config file
2026-05-17 05:22:25.787 [info] > git config --get commit.template [13ms]
2026-05-17 05:22:25.787 [info] > git for-each-ref --format=%(refname)%00%(upstream:short)%00%(objectname)%00%(upstream:track)%00%(upstream:remotename)%00%(upstream:remoteref) refs/heads/master refs/remotes/master [1ms]
2026-05-17 05:22:25.813 [info] > git for-each-ref --sort -committerdate --format %(refname)%00%(objectname)%00%(*objectname) [2ms]
2026-05-17 05:22:25.852 [info] > git status -z -uall [53ms]
2026-05-17 05:22:30.880 [info] [Git][getRemotes] No remotes found in the git config file
2026-05-17 05:22:30.881 [info] > git config --get commit.template [12ms]
2026-05-17 05:22:30.882 [info] > git for-each-ref --format=%(refname)%00%(upstream:short)%00%(objectname)%00%(upstream:track)%00%(upstream:remotename)%00%(upstream:remoteref) refs/heads/master refs/remotes/master [2ms]
2026-05-17 05:22:30.907 [info] > git for-each-ref --sort -committerdate --format %(refname)%00%(objectname)%00%(*objectname) [1ms]
2026-05-17 05:22:30.946 [info] > git status -z -uall [52ms]
2026-05-17 05:22:32.984 [info] > git diff --name-status -z --diff-filter=ADMR --find-renames=50% d391d1814f146ffca41cc6a1c6b4f4aba8031f31...3c4edf9d1c37eaf118c359412ee118d5fa8f1116 -- [1ms]
2026-05-17 05:22:33.514 [info] > git check-ignore -v -z --stdin [2ms]
2026-05-17 05:22:36.024 [info] > git show --textconv 3c4edf9d1c37eaf118c359412ee118d5fa8f1116:logs/openclaw/events.md [16ms]
2026-05-17 05:22:36.024 [info] > git ls-tree -l 3c4edf9d1c37eaf118c359412ee118d5fa8f1116 -- logs/openclaw/events.md [2ms]
2026-05-17 05:22:36.087 [info] > git check-ignore -v -z --stdin [16ms]
2026-05-17 05:22:36.539 [info] > git check-ignore -v -z --stdin [1ms]
2026-05-17 05:22:47.871 [info] > git config --get commit.template [15ms]
2026-05-17 05:22:47.883 [info] [Git][getRemotes] No remotes found in the git config file
2026-05-17 05:22:47.897 [info] > git for-each-ref --format=%(refname)%00%(upstream:short)%00%(objectname)%00%(upstream:track)%00%(upstream:remotename)%00%(upstream:remoteref) refs/heads/master refs/remotes/master [14ms]
2026-05-17 05:22:47.926 [info] > git status -z -uall [17ms]
2026-05-17 05:22:47.929 [info] > git for-each-ref --sort -committerdate --format %(refname)%00%(objectname)%00%(*objectname) [8ms]
2026-05-17 05:22:48.593 [info] > git check-ignore -v -z --stdin [2ms]
2026-05-17 05:22:56.867 [info] [Git][getRemotes] No remotes found in the git config file
2026-05-17 05:22:56.867 [info] > git config --get commit.template [12ms]
2026-05-17 05:22:56.868 [info] > git for-each-ref --format=%(refname)%00%(upstream:short)%00%(objectname)%00%(upstream:track)%00%(upstream:remotename)%00%(upstream:remoteref) refs/heads/master refs/remotes/master [1ms]
2026-05-17 05:22:56.894 [info] > git status -z -uall [14ms]
2026-05-17 05:22:56.894 [info] > git for-each-ref --sort -committerdate --format %(refname)%00%(objectname)%00%(*objectname) [1ms]
2026-05-17 05:23:03.190 [info] [Git][getRemotes] No remotes found in the git config file
2026-05-17 05:23:03.191 [info] > git config --get commit.template [14ms]
2026-05-17 05:23:03.191 [info] > git for-each-ref --format=%(refname)%00%(upstream:short)%00%(objectname)%00%(upstream:track)%00%(upstream:remotename)%00%(upstream:remoteref) refs/heads/master refs/remotes/master [1ms]
2026-05-17 05:23:03.215 [info] > git status -z -uall [12ms]
2026-05-17 05:23:03.216 [info] > git for-each-ref --sort -committerdate --format %(refname)%00%(objectname)%00%(*objectname) [1ms]
2026-05-17 05:23:03.874 [info] > git check-ignore -v -z --stdin [1ms]
2026-05-17 05:23:16.922 [info] > git config --get commit.template [1ms]
2026-05-17 05:23:16.931 [info] [Git][getRemotes] No remotes found in the git config file
2026-05-17 05:23:16.932 [info] > git for-each-ref --format=%(refname)%00%(upstream:short)%00%(objectname)%00%(upstream:track)%00%(upstream:remotename)%00%(upstream:remoteref) refs/heads/master refs/remotes/master [2ms]
2026-05-17 05:23:16.951 [info] > git status -z -uall [9ms]
2026-05-17 05:23:16.952 [info] > git for-each-ref --sort -committerdate --format %(refname)%00%(objectname)%00%(*objectname) [1ms]
2026-05-17 05:23:25.914 [info] [Git][getRemotes] No remotes found in the git config file
2026-05-17 05:23:25.914 [info] > git config --get commit.template [13ms]
2026-05-17 05:23:25.915 [info] > git for-each-ref --format=%(refname)%00%(upstream:short)%00%(objectname)%00%(upstream:track)%00%(upstream:remotename)%00%(upstream:remoteref) refs/heads/master refs/remotes/master [1ms]
2026-05-17 05:23:25.940 [info] > git status -z -uall [13ms]
2026-05-17 05:23:25.941 [info] > git for-each-ref --sort -committerdate --format %(refname)%00%(objectname)%00%(*objectname) [1ms]
2026-05-17 05:23:31.096 [info] [Git][getRemotes] No remotes found in the git config file
2026-05-17 05:23:31.096 [info] > git config --get commit.template [13ms]
2026-05-17 05:23:31.097 [info] > git for-each-ref --format=%(refname)%00%(upstream:short)%00%(objectname)%00%(upstream:track)%00%(upstream:remotename)%00%(upstream:remoteref) refs/heads/master refs/remotes/master [1ms]
2026-05-17 05:23:31.122 [info] > git status -z -uall [14ms]
2026-05-17 05:23:31.123 [info] > git for-each-ref --sort -committerdate --format %(refname)%00%(objectname)%00%(*objectname) [1ms]
2026-05-17 05:23:31.788 [info] > git check-ignore -v -z --stdin [1ms]
2026-05-17 05:23:36.157 [info] [Git][getRemotes] No remotes found in the git config file
2026-05-17 05:23:36.159 [info] > git for-each-ref --format=%(refname)%00%(upstream:short)%00%(objectname)%00%(upstream:track)%00%(upstream:remotename)%00%(upstream:remoteref) refs/heads/master refs/remotes/master [2ms]
2026-05-17 05:23:36.159 [info] > git config --get commit.template [16ms]
2026-05-17 05:23:36.187 [info] > git status -z -uall [14ms]
2026-05-17 05:23:36.188 [info] > git for-each-ref --sort -committerdate --format %(refname)%00%(objectname)%00%(*objectname) [2ms]
2026-05-17 05:23:38.312 [info] > git show --textconv d391d1814f146ffca41cc6a1c6b4f4aba8031f31:logs/global_ledger.md [41ms]
2026-05-17 05:23:38.312 [info] > git show --textconv 3c4edf9d1c37eaf118c359412ee118d5fa8f1116:logs/global_ledger.md [28ms]
2026-05-17 05:23:38.313 [info] > git ls-tree -l 3c4edf9d1c37eaf118c359412ee118d5fa8f1116 -- logs/global_ledger.md [4ms]
2026-05-17 05:23:38.313 [info] > git ls-tree -l d391d1814f146ffca41cc6a1c6b4f4aba8031f31 -- logs/global_ledger.md [17ms]
2026-05-17 05:23:38.374 [info] > git check-ignore -v -z --stdin [20ms]
2026-05-17 05:23:38.375 [info] > git check-ignore -v -z --stdin [3ms]
2026-05-17 05:23:38.511 [info] > git blame --root --incremental 3c4edf9d1c37eaf118c359412ee118d5fa8f1116 -- logs/global_ledger.md [17ms]
2026-05-17 05:23:38.826 [info] > git check-ignore -v -z --stdin [2ms]
2026-05-17 05:23:39.321 [info] > git check-ignore -v -z --stdin [14ms]
2026-05-17 05:23:39.322 [info] > git check-ignore -v -z --stdin [2ms]
2026-05-17 05:23:40.354 [info] > git ls-tree -l d391d1814f146ffca41cc6a1c6b4f4aba8031f31 -- logs/global_ledger.md [13ms]
2026-05-17 05:23:40.355 [info] > git ls-tree -l 3c4edf9d1c37eaf118c359412ee118d5fa8f1116 -- logs/global_ledger.md [2ms]
2026-05-17 05:23:40.382 [info] > git show --textconv d391d1814f146ffca41cc6a1c6b4f4aba8031f31:logs/global_ledger.md [13ms]
2026-05-17 05:23:40.383 [info] > git show --textconv 3c4edf9d1c37eaf118c359412ee118d5fa8f1116:logs/global_ledger.md [1ms]
2026-05-17 05:23:41.217 [info] [Git][getRemotes] No remotes found in the git config file
2026-05-17 05:23:41.218 [info] > git config --get commit.template [13ms]
2026-05-17 05:23:41.218 [info] > git for-each-ref --format=%(refname)%00%(upstream:short)%00%(objectname)%00%(upstream:track)%00%(upstream:remotename)%00%(upstream:remoteref) refs/heads/master refs/remotes/master [1ms]
2026-05-17 05:23:41.241 [info] > git status -z -uall [11ms]
2026-05-17 05:23:41.243 [info] > git for-each-ref --sort -committerdate --format %(refname)%00%(objectname)%00%(*objectname) [3ms]
2026-05-17 05:23:42.240 [info] > git diff --name-status -z --diff-filter=ADMR --find-renames=50% 3c4edf9d1c37eaf118c359412ee118d5fa8f1116...5f0d78df77a49df079b0300a29ea731a17ac5843 -- [1ms]
2026-05-17 05:23:42.774 [info] > git check-ignore -v -z --stdin [1ms]
2026-05-17 05:23:46.263 [info] > git config --get commit.template [1ms]
2026-05-17 05:23:46.274 [info] [Git][getRemotes] No remotes found in the git config file
2026-05-17 05:23:46.275 [info] > git for-each-ref --format=%(refname)%00%(upstream:short)%00%(objectname)%00%(upstream:track)%00%(upstream:remotename)%00%(upstream:remoteref) refs/heads/master refs/remotes/master [1ms]
2026-05-17 05:23:46.300 [info] > git status -z -uall [11ms]
2026-05-17 05:23:46.301 [info] > git for-each-ref --sort -committerdate --format %(refname)%00%(objectname)%00%(*objectname) [2ms]
2026-05-17 05:23:46.946 [info] > git fetch [3ms]
2026-05-17 05:23:46.971 [info] > git config --get commit.template [13ms]
2026-05-17 05:23:46.971 [info] > git check-ignore -v -z --stdin [1ms]
2026-05-17 05:23:46.983 [info] [Git][getRemotes] No remotes found in the git config file
2026-05-17 05:23:46.984 [info] > git for-each-ref --format=%(refname)%00%(upstream:short)%00%(objectname)%00%(upstream:track)%00%(upstream:remotename)%00%(upstream:remoteref) refs/heads/master refs/remotes/master [1ms]
2026-05-17 05:23:47.009 [info] > git status -z -uall [14ms]
2026-05-17 05:23:47.009 [info] > git for-each-ref --sort -committerdate --format %(refname)%00%(objectname)%00%(*objectname) [2ms]
2026-05-17 05:23:51.331 [info] [Git][getRemotes] No remotes found in the git config file
2026-05-17 05:23:51.333 [info] > git config --get commit.template [15ms]
2026-05-17 05:23:51.333 [info] > git for-each-ref --format=%(refname)%00%(upstream:short)%00%(objectname)%00%(upstream:track)%00%(upstream:remotename)%00%(upstream:remoteref) refs/heads/master refs/remotes/master [2ms]
2026-05-17 05:23:51.362 [info] > git status -z -uall [16ms]
2026-05-17 05:23:51.365 [info] > git for-each-ref --sort -committerdate --format %(refname)%00%(objectname)%00%(*objectname) [6ms]
2026-05-17 05:23:56.015 [info] > git log --format=%H%n%aN%n%aE%n%at%n%ct%n%P%n%D%n%B -z --shortstat --diff-merges=first-parent -n50 --skip=0 --topo-order --decorate=full --stdin [4601ms]
2026-05-17 05:23:57.530 [info] [Git][getRemotes] No remotes found in the git config file
2026-05-17 05:23:57.530 [info] > git config --get commit.template [14ms]
2026-05-17 05:23:57.531 [info] > git for-each-ref --format=%(refname)%00%(upstream:short)%00%(objectname)%00%(upstream:track)%00%(upstream:remotename)%00%(upstream:remoteref) refs/heads/master refs/remotes/master [1ms]
2026-05-17 05:23:57.558 [info] > git status -z -uall [14ms]
2026-05-17 05:23:57.559 [info] > git for-each-ref --sort -committerdate --format %(refname)%00%(objectname)%00%(*objectname) [2ms]
2026-05-17 05:24:10.383 [info] > git config --get commit.template [2ms]
2026-05-17 05:24:10.395 [info] [Git][getRemotes] No remotes found in the git config file
2026-05-17 05:24:10.396 [info] > git for-each-ref --format=%(refname)%00%(upstream:short)%00%(objectname)%00%(upstream:track)%00%(upstream:remotename)%00%(upstream:remoteref) refs/heads/master refs/remotes/master [2ms]
2026-05-17 05:24:10.414 [info] > git status -z -uall [9ms]
2026-05-17 05:24:10.415 [info] > git for-each-ref --sort -committerdate --format %(refname)%00%(objectname)%00%(*objectname) [1ms]
2026-05-17 05:24:16.933 [info] [Git][getRemotes] No remotes found in the git config file
2026-05-17 05:24:16.933 [info] > git config --get commit.template [13ms]
2026-05-17 05:24:16.934 [info] > git for-each-ref --format=%(refname)%00%(upstream:short)%00%(objectname)%00%(upstream:track)%00%(upstream:remotename)%00%(upstream:remoteref) refs/heads/master refs/remotes/master [2ms]
2026-05-17 05:24:16.961 [info] > git status -z -uall [15ms]
2026-05-17 05:24:16.962 [info] > git for-each-ref --sort -committerdate --format %(refname)%00%(objectname)%00%(*objectname) [2ms]
2026-05-17 05:24:22.246 [info] [Git][getRemotes] No remotes found in the git config file
2026-05-17 05:24:22.246 [info] > git config --get commit.template [13ms]
2026-05-17 05:24:22.247 [info] > git for-each-ref --format=%(refname)%00%(upstream:short)%00%(objectname)%00%(upstream:track)%00%(upstream:remotename)%00%(upstream:remoteref) refs/heads/master refs/remotes/master [2ms]
2026-05-17 05:24:22.273 [info] > git status -z -uall [14ms]
2026-05-17 05:24:22.274 [info] > git for-each-ref --sort -committerdate --format %(refname)%00%(objectname)%00%(*objectname) [2ms]
2026-05-17 05:24:27.299 [info] [Git][getRemotes] No remotes found in the git config file
2026-05-17 05:24:27.299 [info] > git config --get commit.template [11ms]
2026-05-17 05:24:27.300 [info] > git for-each-ref --format=%(refname)%00%(upstream:short)%00%(objectname)%00%(upstream:track)%00%(upstream:remotename)%00%(upstream:remoteref) refs/heads/master refs/remotes/master [1ms]
2026-05-17 05:24:27.324 [info] > git status -z -uall [13ms]
2026-05-17 05:24:27.325 [info] > git for-each-ref --sort -committerdate --format %(refname)%00%(objectname)%00%(*objectname) [1ms]
2026-05-17 05:25:16.921 [info] > git config --get commit.template [2ms]
2026-05-17 05:25:16.921 [info] [Git][getRemotes] No remotes found in the git config file
2026-05-17 05:25:16.936 [info] > git for-each-ref --format=%(refname)%00%(upstream:short)%00%(objectname)%00%(upstream:track)%00%(upstream:remotename)%00%(upstream:remoteref) refs/heads/master refs/remotes/master [2ms]
2026-05-17 05:25:16.958 [info] > git status -z -uall [12ms]
2026-05-17 05:25:16.959 [info] > git for-each-ref --sort -committerdate --format %(refname)%00%(objectname)%00%(*objectname) [1ms]
2026-05-17 05:25:21.991 [info] [Git][getRemotes] No remotes found in the git config file
2026-05-17 05:25:21.991 [info] > git config --get commit.template [15ms]
2026-05-17 05:25:21.991 [info] > git for-each-ref --format=%(refname)%00%(upstream:short)%00%(objectname)%00%(upstream:track)%00%(upstream:remotename)%00%(upstream:remoteref) refs/heads/master refs/remotes/master [1ms]
2026-05-17 05:25:22.019 [info] > git status -z -uall [14ms]
2026-05-17 05:25:22.020 [info] > git for-each-ref --sort -committerdate --format %(refname)%00%(objectname)%00%(*objectname) [1ms]
2026-05-17 05:25:46.941 [info] [Git][getRemotes] No remotes found in the git config file
2026-05-17 05:25:46.942 [info] > git config --get commit.template [14ms]
2026-05-17 05:25:46.942 [info] > git for-each-ref --format=%(refname)%00%(upstream:short)%00%(objectname)%00%(upstream:track)%00%(upstream:remotename)%00%(upstream:remoteref) refs/heads/master refs/remotes/master [1ms]
2026-05-17 05:25:46.959 [info] > git status -z -uall [9ms]
2026-05-17 05:25:46.960 [info] > git for-each-ref --sort -committerdate --format %(refname)%00%(objectname)%00%(*objectname) [2ms]
2026-05-17 05:25:51.989 [info] [Git][getRemotes] No remotes found in the git config file
2026-05-17 05:25:51.990 [info] > git config --get commit.template [13ms]
2026-05-17 05:25:51.990 [info] > git for-each-ref --format=%(refname)%00%(upstream:short)%00%(objectname)%00%(upstream:track)%00%(upstream:remotename)%00%(upstream:remoteref) refs/heads/master refs/remotes/master [1ms]
2026-05-17 05:25:52.018 [info] > git status -z -uall [15ms]
2026-05-17 05:25:52.019 [info] > git for-each-ref --sort -committerdate --format %(refname)%00%(objectname)%00%(*objectname) [4ms]
2026-05-17 05:26:03.026 [info] > git check-ignore -v -z --stdin [2ms]
2026-05-17 05:26:03.437 [info] > git config --get commit.template [2ms]
2026-05-17 05:26:03.461 [info] [Git][getRemotes] No remotes found in the git config file
2026-05-17 05:26:03.464 [info] > git for-each-ref --format=%(refname)%00%(upstream:short)%00%(objectname)%00%(upstream:track)%00%(upstream:remotename)%00%(upstream:remoteref) refs/heads/master refs/remotes/master [3ms]
2026-05-17 05:26:03.490 [info] > git status -z -uall [15ms]
2026-05-17 05:26:03.491 [info] > git for-each-ref --sort -committerdate --format %(refname)%00%(objectname)%00%(*objectname) [4ms]
2026-05-17 05:26:04.948 [info] > git check-ignore -v -z --stdin [1ms]
2026-05-17 05:26:07.735 [info] > git check-ignore -v -z --stdin [2ms]
2026-05-17 05:26:10.386 [info] > git check-ignore -v -z --stdin [2ms]
2026-05-17 05:26:13.343 [info] > git check-ignore -v -z --stdin [1ms]
2026-05-17 05:26:14.491 [info] > git check-ignore -v -z --stdin [2ms]
2026-05-17 05:26:15.505 [info] > git check-ignore -v -z --stdin [1ms]
2026-05-17 05:26:16.932 [info] [Git][getRemotes] No remotes found in the git config file
2026-05-17 05:26:16.933 [info] > git config --get commit.template [13ms]
2026-05-17 05:26:16.933 [info] > git for-each-ref --format=%(refname)%00%(upstream:short)%00%(objectname)%00%(upstream:track)%00%(upstream:remotename)%00%(upstream:remoteref) refs/heads/master refs/remotes/master [1ms]
2026-05-17 05:26:16.968 [info] > git status -z -uall [23ms]
2026-05-17 05:26:16.969 [info] > git for-each-ref --sort -committerdate --format %(refname)%00%(objectname)%00%(*objectname) [12ms]
2026-05-17 05:26:16.971 [info] > git check-ignore -v -z --stdin [3ms]
2026-05-17 05:26:18.176 [info] > git check-ignore -v -z --stdin [1ms]
2026-05-17 05:26:19.580 [info] > git check-ignore -v -z --stdin [2ms]
2026-05-17 05:26:26.581 [info] > git check-ignore -v -z --stdin [2ms]
2026-05-17 05:26:29.187 [info] > git check-ignore -v -z --stdin [2ms]
2026-05-17 05:26:31.194 [info] > git check-ignore -v -z --stdin [1ms]
2026-05-17 05:26:33.635 [info] > git check-ignore -v -z --stdin [2ms]
2026-05-17 05:26:34.443 [info] > git check-ignore -v -z --stdin [3ms]
2026-05-17 05:26:34.549 [info] > git check-ignore -v -z --stdin [35ms]
2026-05-17 05:26:34.617 [info] > git show --textconv :memory/antigravity/events.md [12ms]
2026-05-17 05:26:34.628 [info] > git ls-files --stage -- memory/antigravity/events.md [12ms]
2026-05-17 05:26:34.640 [info] > git hash-object -t tree /dev/null [1ms]
2026-05-17 05:26:34.640 [warning] [GitFileSystemProvider][stat] File not found - git:/home/dev/AI_Workflow/memory/antigravity/events.md.git?%7B%22path%22%3A%22%2Fhome%2Fdev%2FAI_Workflow%2Fmemory%2Fantigravity%2Fevents.md%22%2C%22ref%22%3A%22%22%7D
2026-05-17 05:26:34.640 [info] > git hash-object -t tree /dev/null [13ms]
2026-05-17 05:26:34.640 [warning] [GitFileSystemProvider][readFile] File not found - git:/home/dev/AI_Workflow/memory/antigravity/events.md.git?%7B%22path%22%3A%22%2Fhome%2Fdev%2FAI_Workflow%2Fmemory%2Fantigravity%2Fevents.md%22%2C%22ref%22%3A%22%22%7D
2026-05-17 05:26:39.570 [info] > git check-ignore -v -z --stdin [1ms]
2026-05-17 05:26:41.878 [info] > git check-ignore -v -z --stdin [2ms]
2026-05-17 05:26:43.980 [info] > git check-ignore -v -z --stdin [2ms]
2026-05-17 05:26:44.599 [info] > git check-ignore -v -z --stdin [2ms]
2026-05-17 05:26:44.750 [info] > git check-ignore -v -z --stdin [1ms]
2026-05-17 05:26:44.884 [info] > git show --textconv :mcp/shared-memory-server/index.js [33ms]
2026-05-17 05:26:44.884 [info] > git ls-files --stage -- mcp/shared-memory-server/index.js [15ms]
2026-05-17 05:26:44.902 [info] > git cat-file -s 85bf3bfcd699342fa61ed0d572ac86c88eafaf99 [3ms]
2026-05-17 05:26:47.028 [info] > git fetch [5ms]
2026-05-17 05:26:47.043 [info] > git config --get commit.template [2ms]
2026-05-17 05:26:47.052 [info] [Git][getRemotes] No remotes found in the git config file
2026-05-17 05:26:47.053 [info] > git for-each-ref --format=%(refname)%00%(upstream:short)%00%(objectname)%00%(upstream:track)%00%(upstream:remotename)%00%(upstream:remoteref) refs/heads/master refs/remotes/master [1ms]
2026-05-17 05:26:47.074 [info] > git status -z -uall [11ms]
2026-05-17 05:26:47.075 [info] > git for-each-ref --sort -committerdate --format %(refname)%00%(objectname)%00%(*objectname) [2ms]
2026-05-17 05:26:48.183 [info] [Git][getRemotes] No remotes found in the git config file
2026-05-17 05:26:48.196 [info] > git config --get commit.template [14ms]
2026-05-17 05:26:48.197 [info] > git for-each-ref --format=%(refname)%00%(upstream:short)%00%(objectname)%00%(upstream:track)%00%(upstream:remotename)%00%(upstream:remoteref) refs/heads/master refs/remotes/master [2ms]
2026-05-17 05:26:48.222 [info] > git status -z -uall [13ms]
2026-05-17 05:26:48.223 [info] > git for-each-ref --sort -committerdate --format %(refname)%00%(objectname)%00%(*objectname) [1ms]
2026-05-17 05:26:50.074 [info] > git check-ignore -v -z --stdin [2ms]
2026-05-17 05:26:50.784 [info] > git check-ignore -v -z --stdin [17ms]
2026-05-17 05:26:51.482 [info] > git check-ignore -v -z --stdin [228ms]
2026-05-17 05:26:51.530 [info] > git show --textconv :docker/docker-compose.yaml [13ms]
2026-05-17 05:26:51.745 [info] > git ls-files --stage -- docker/docker-compose.yaml [215ms]
2026-05-17 05:26:51.759 [info] > git cat-file -s 87f505e97c7efc557d14aefb995bda326aa1670f [3ms]
2026-05-17 05:26:52.268 [info] > git check-ignore -v -z --stdin [3ms]
2026-05-17 05:26:52.320 [info] > git check-ignore -v -z --stdin [16ms]
2026-05-17 05:26:52.653 [info] > git show --textconv :docker/Dockerfile [11ms]
2026-05-17 05:26:52.653 [info] > git ls-files --stage -- docker/Dockerfile [2ms]
2026-05-17 05:26:52.664 [info] > git cat-file -s b03480fe1e8fcf391d0aa124e5c283e762712e46 [2ms]
2026-05-17 05:26:52.990 [info] > git check-ignore -v -z --stdin [2ms]
2026-05-17 05:26:53.043 [info] > git check-ignore -v -z --stdin [16ms]
2026-05-17 05:26:53.338 [info] > git config --get commit.template [12ms]
2026-05-17 05:26:53.338 [info] [Git][getRemotes] No remotes found in the git config file
2026-05-17 05:26:53.351 [info] > git for-each-ref --format=%(refname)%00%(upstream:short)%00%(objectname)%00%(upstream:track)%00%(upstream:remotename)%00%(upstream:remoteref) refs/heads/master refs/remotes/master [1ms]
2026-05-17 05:26:53.373 [info] > git status -z -uall [11ms]
2026-05-17 05:26:53.394 [info] > git show --textconv :docker/entrypoint.sh [11ms]
2026-05-17 05:26:53.395 [info] > git for-each-ref --sort -committerdate --format %(refname)%00%(objectname)%00%(*objectname) [23ms]
2026-05-17 05:26:53.396 [info] > git ls-files --stage -- docker/entrypoint.sh [2ms]
2026-05-17 05:26:53.408 [info] > git cat-file -s 5c9cda75e9521f20fa7cb54ffcab85f64b6c6905 [2ms]
2026-05-17 05:26:53.976 [info] > git check-ignore -v -z --stdin [21ms]
2026-05-17 05:26:54.010 [info] > git check-ignore -v -z --stdin [17ms]
2026-05-17 05:26:54.349 [info] > git show --textconv :docker/README.md [13ms]
2026-05-17 05:26:54.350 [info] > git ls-files --stage -- docker/README.md [2ms]
2026-05-17 05:26:54.369 [info] > git cat-file -s 8dc243a9c30c63f4e08e735387c80874643dbee6 [8ms]
2026-05-17 05:26:55.107 [info] > git check-ignore -v -z --stdin [2ms]
2026-05-17 05:26:55.153 [info] > git check-ignore -v -z --stdin [15ms]
2026-05-17 05:26:55.496 [info] > git show --textconv :docker/secrets.env.template [14ms]
2026-05-17 05:26:55.497 [info] > git ls-files --stage -- docker/secrets.env.template [2ms]
2026-05-17 05:26:55.509 [info] > git cat-file -s 2740a5af9db5c19a1dfe6004067316c14fd3bb36 [2ms]
2026-05-17 05:27:16.936 [info] [Git][getRemotes] No remotes found in the git config file
2026-05-17 05:27:16.937 [info] > git config --get commit.template [15ms]
2026-05-17 05:27:16.937 [info] > git for-each-ref --format=%(refname)%00%(upstream:short)%00%(objectname)%00%(upstream:track)%00%(upstream:remotename)%00%(upstream:remoteref) refs/heads/master refs/remotes/master [1ms]
2026-05-17 05:27:16.966 [info] > git status -z -uall [15ms]
2026-05-17 05:27:16.967 [info] > git for-each-ref --sort -committerdate --format %(refname)%00%(objectname)%00%(*objectname) [2ms]
2026-05-17 05:27:21.998 [info] [Git][getRemotes] No remotes found in the git config file
2026-05-17 05:27:21.999 [info] > git config --get commit.template [15ms]
2026-05-17 05:27:21.999 [info] > git for-each-ref --format=%(refname)%00%(upstream:short)%00%(objectname)%00%(upstream:track)%00%(upstream:remotename)%00%(upstream:remoteref) refs/heads/master refs/remotes/master [1ms]
2026-05-17 05:27:22.029 [info] > git status -z -uall [15ms]
2026-05-17 05:27:22.030 [info] > git for-each-ref --sort -committerdate --format %(refname)%00%(objectname)%00%(*objectname) [2ms]
2026-05-17 05:28:16.923 [info] > git config --get commit.template [2ms]
2026-05-17 05:28:16.935 [info] [Git][getRemotes] No remotes found in the git config file
2026-05-17 05:28:16.936 [info] > git for-each-ref --format=%(refname)%00%(upstream:short)%00%(objectname)%00%(upstream:track)%00%(upstream:remotename)%00%(upstream:remoteref) refs/heads/master refs/remotes/master [1ms]
2026-05-17 05:28:16.965 [info] > git status -z -uall [16ms]
2026-05-17 05:28:16.967 [info] > git for-each-ref --sort -committerdate --format %(refname)%00%(objectname)%00%(*objectname) [2ms]
2026-05-17 05:28:21.997 [info] [Git][getRemotes] No remotes found in the git config file
2026-05-17 05:28:21.998 [info] > git config --get commit.template [14ms]
2026-05-17 05:28:21.998 [info] > git for-each-ref --format=%(refname)%00%(upstream:short)%00%(objectname)%00%(upstream:track)%00%(upstream:remotename)%00%(upstream:remoteref) refs/heads/master refs/remotes/master [1ms]
2026-05-17 05:28:22.026 [info] > git status -z -uall [14ms]
2026-05-17 05:28:22.027 [info] > git for-each-ref --sort -committerdate --format %(refname)%00%(objectname)%00%(*objectname) [2ms]
2026-05-17 05:28:46.941 [info] [Git][getRemotes] No remotes found in the git config file
2026-05-17 05:28:46.942 [info] > git config --get commit.template [14ms]
2026-05-17 05:28:46.943 [info] > git for-each-ref --format=%(refname)%00%(upstream:short)%00%(objectname)%00%(upstream:track)%00%(upstream:remotename)%00%(upstream:remoteref) refs/heads/master refs/remotes/master [1ms]
2026-05-17 05:28:46.969 [info] > git status -z -uall [14ms]
2026-05-17 05:28:46.970 [info] > git for-each-ref --sort -committerdate --format %(refname)%00%(objectname)%00%(*objectname) [2ms]
2026-05-17 05:28:52.001 [info] [Git][getRemotes] No remotes found in the git config file
2026-05-17 05:28:52.001 [info] > git config --get commit.template [14ms]
2026-05-17 05:28:52.002 [info] > git for-each-ref --format=%(refname)%00%(upstream:short)%00%(objectname)%00%(upstream:track)%00%(upstream:remotename)%00%(upstream:remoteref) refs/heads/master refs/remotes/master [2ms]
2026-05-17 05:28:52.028 [info] > git status -z -uall [14ms]
2026-05-17 05:28:52.028 [info] > git for-each-ref --sort -committerdate --format %(refname)%00%(objectname)%00%(*objectname) [1ms]
2026-05-17 05:29:16.920 [info] > git config --get commit.template [2ms]
2026-05-17 05:29:16.934 [info] [Git][getRemotes] No remotes found in the git config file
2026-05-17 05:29:16.935 [info] > git for-each-ref --format=%(refname)%00%(upstream:short)%00%(objectname)%00%(upstream:track)%00%(upstream:remotename)%00%(upstream:remoteref) refs/heads/master refs/remotes/master [1ms]
2026-05-17 05:29:16.962 [info] > git status -z -uall [14ms]
2026-05-17 05:29:16.963 [info] > git for-each-ref --sort -committerdate --format %(refname)%00%(objectname)%00%(*objectname) [2ms]
2026-05-17 05:29:20.195 [info] > git ls-files --stage -- docker/secrets.env.template [1ms]
2026-05-17 05:29:20.211 [info] > git cat-file -s 2740a5af9db5c19a1dfe6004067316c14fd3bb36 [1ms]
2026-05-17 05:29:20.307 [info] > git show --textconv :docker/secrets.env.template [2ms]
2026-05-17 05:29:21.994 [info] [Git][getRemotes] No remotes found in the git config file
2026-05-17 05:29:21.994 [info] > git config --get commit.template [14ms]
2026-05-17 05:29:21.995 [info] > git for-each-ref --format=%(refname)%00%(upstream:short)%00%(objectname)%00%(upstream:track)%00%(upstream:remotename)%00%(upstream:remoteref) refs/heads/master refs/remotes/master [1ms]
2026-05-17 05:29:22.022 [info] > git status -z -uall [14ms]
2026-05-17 05:29:22.023 [info] > git for-each-ref --sort -committerdate --format %(refname)%00%(objectname)%00%(*objectname) [1ms]
2026-05-17 05:29:47.094 [info] > git fetch [4ms]
2026-05-17 05:29:47.118 [info] [Git][getRemotes] No remotes found in the git config file
2026-05-17 05:29:47.119 [info] > git config --get commit.template [13ms]
2026-05-17 05:29:47.119 [info] > git for-each-ref --format=%(refname)%00%(upstream:short)%00%(objectname)%00%(upstream:track)%00%(upstream:remotename)%00%(upstream:remoteref) refs/heads/master refs/remotes/master [1ms]
2026-05-17 05:29:47.145 [info] > git status -z -uall [12ms]
2026-05-17 05:29:47.145 [info] > git for-each-ref --sort -committerdate --format %(refname)%00%(objectname)%00%(*objectname) [1ms]
2026-05-17 05:29:48.194 [info] [Git][getRemotes] No remotes found in the git config file
2026-05-17 05:29:48.194 [info] > git config --get commit.template [13ms]
2026-05-17 05:29:48.195 [info] > git for-each-ref --format=%(refname)%00%(upstream:short)%00%(objectname)%00%(upstream:track)%00%(upstream:remotename)%00%(upstream:remoteref) refs/heads/master refs/remotes/master [1ms]
2026-05-17 05:29:48.221 [info] > git status -z -uall [13ms]
2026-05-17 05:29:48.221 [info] > git for-each-ref --sort -committerdate --format %(refname)%00%(objectname)%00%(*objectname) [1ms]
2026-05-17 05:29:48.283 [info] > git ls-files --stage -- docker/secrets.env.template [2ms]
2026-05-17 05:29:48.297 [info] > git cat-file -s 2740a5af9db5c19a1dfe6004067316c14fd3bb36 [2ms]
2026-05-17 05:29:48.312 [info] > git show --textconv :docker/secrets.env.template [1ms]
2026-05-17 05:29:53.251 [info] [Git][getRemotes] No remotes found in the git config file
2026-05-17 05:29:53.252 [info] > git config --get commit.template [14ms]
2026-05-17 05:29:53.252 [info] > git for-each-ref --format=%(refname)%00%(upstream:short)%00%(objectname)%00%(upstream:track)%00%(upstream:remotename)%00%(upstream:remoteref) refs/heads/master refs/remotes/master [1ms]
2026-05-17 05:29:53.279 [info] > git status -z -uall [15ms]
2026-05-17 05:29:53.280 [info] > git for-each-ref --sort -committerdate --format %(refname)%00%(objectname)%00%(*objectname) [1ms]
2026-05-17 05:30:02.158 [info] [Git][getRemotes] No remotes found in the git config file
2026-05-17 05:30:02.160 [info] > git for-each-ref --format=%(refname)%00%(upstream:short)%00%(objectname)%00%(upstream:track)%00%(upstream:remotename)%00%(upstream:remoteref) refs/heads/master refs/remotes/master [2ms]
2026-05-17 05:30:02.160 [info] > git config --get commit.template [16ms]
2026-05-17 05:30:02.187 [info] > git status -z -uall [13ms]
2026-05-17 05:30:02.188 [info] > git for-each-ref --sort -committerdate --format %(refname)%00%(objectname)%00%(*objectname) [1ms]
2026-05-17 05:30:13.228 [info] [Git][getRemotes] No remotes found in the git config file
2026-05-17 05:30:13.228 [info] > git config --get commit.template [14ms]
2026-05-17 05:30:13.229 [info] > git for-each-ref --format=%(refname)%00%(upstream:short)%00%(objectname)%00%(upstream:track)%00%(upstream:remotename)%00%(upstream:remoteref) refs/heads/master refs/remotes/master [2ms]
2026-05-17 05:30:13.256 [info] > git status -z -uall [15ms]
2026-05-17 05:30:13.257 [info] > git for-each-ref --sort -committerdate --format %(refname)%00%(objectname)%00%(*objectname) [2ms]
2026-05-17 05:30:18.288 [info] [Git][getRemotes] No remotes found in the git config file
2026-05-17 05:30:18.288 [info] > git config --get commit.template [13ms]
2026-05-17 05:30:18.289 [info] > git for-each-ref --format=%(refname)%00%(upstream:short)%00%(objectname)%00%(upstream:track)%00%(upstream:remotename)%00%(upstream:remoteref) refs/heads/master refs/remotes/master [2ms]
2026-05-17 05:30:18.315 [info] > git status -z -uall [14ms]
2026-05-17 05:30:18.316 [info] > git for-each-ref --sort -committerdate --format %(refname)%00%(objectname)%00%(*objectname) [3ms]
2026-05-17 05:30:23.347 [info] [Git][getRemotes] No remotes found in the git config file
2026-05-17 05:30:23.348 [info] > git config --get commit.template [14ms]
2026-05-17 05:30:23.348 [info] > git for-each-ref --format=%(refname)%00%(upstream:short)%00%(objectname)%00%(upstream:track)%00%(upstream:remotename)%00%(upstream:remoteref) refs/heads/master refs/remotes/master [1ms]
2026-05-17 05:30:23.376 [info] > git status -z -uall [16ms]
2026-05-17 05:30:23.377 [info] > git for-each-ref --sort -committerdate --format %(refname)%00%(objectname)%00%(*objectname) [3ms]
2026-05-17 05:30:29.322 [info] [Git][getRemotes] No remotes found in the git config file
2026-05-17 05:30:29.322 [info] > git config --get commit.template [13ms]
2026-05-17 05:30:29.323 [info] > git for-each-ref --format=%(refname)%00%(upstream:short)%00%(objectname)%00%(upstream:track)%00%(upstream:remotename)%00%(upstream:remoteref) refs/heads/master refs/remotes/master [2ms]
2026-05-17 05:30:29.350 [info] > git status -z -uall [14ms]
2026-05-17 05:30:29.350 [info] > git for-each-ref --sort -committerdate --format %(refname)%00%(objectname)%00%(*objectname) [1ms]
2026-05-17 05:30:36.715 [info] [Git][getRemotes] No remotes found in the git config file
2026-05-17 05:30:36.716 [info] > git config --get commit.template [14ms]
2026-05-17 05:30:36.717 [info] > git for-each-ref --format=%(refname)%00%(upstream:short)%00%(objectname)%00%(upstream:track)%00%(upstream:remotename)%00%(upstream:remoteref) refs/heads/master refs/remotes/master [1ms]
2026-05-17 05:30:36.743 [info] > git status -z -uall [14ms]
2026-05-17 05:30:36.749 [info] > git for-each-ref --sort -committerdate --format %(refname)%00%(objectname)%00%(*objectname) [7ms]
2026-05-17 05:30:41.779 [info] [Git][getRemotes] No remotes found in the git config file
2026-05-17 05:30:41.780 [info] > git config --get commit.template [15ms]
2026-05-17 05:30:41.780 [info] > git for-each-ref --format=%(refname)%00%(upstream:short)%00%(objectname)%00%(upstream:track)%00%(upstream:remotename)%00%(upstream:remoteref) refs/heads/master refs/remotes/master [2ms]
2026-05-17 05:30:41.805 [info] > git status -z -uall [13ms]
2026-05-17 05:30:41.806 [info] > git for-each-ref --sort -committerdate --format %(refname)%00%(objectname)%00%(*objectname) [2ms]
2026-05-17 05:31:16.934 [info] [Git][getRemotes] No remotes found in the git config file
2026-05-17 05:31:16.935 [info] > git config --get commit.template [14ms]
2026-05-17 05:31:16.935 [info] > git for-each-ref --format=%(refname)%00%(upstream:short)%00%(objectname)%00%(upstream:track)%00%(upstream:remotename)%00%(upstream:remoteref) refs/heads/master refs/remotes/master [1ms]
2026-05-17 05:31:16.962 [info] > git status -z -uall [14ms]
2026-05-17 05:31:16.963 [info] > git for-each-ref --sort -committerdate --format %(refname)%00%(objectname)%00%(*objectname) [1ms]
2026-05-17 05:31:21.054 [info] > git ls-files --stage -- docker/secrets.env.template [2ms]
2026-05-17 05:31:21.068 [info] > git cat-file -s 2740a5af9db5c19a1dfe6004067316c14fd3bb36 [2ms]
2026-05-17 05:31:21.083 [info] > git show --textconv :docker/secrets.env.template [1ms]
2026-05-17 05:31:21.996 [info] [Git][getRemotes] No remotes found in the git config file
2026-05-17 05:31:21.996 [info] > git config --get commit.template [14ms]
2026-05-17 05:31:21.997 [info] > git for-each-ref --format=%(refname)%00%(upstream:short)%00%(objectname)%00%(upstream:track)%00%(upstream:remotename)%00%(upstream:remoteref) refs/heads/master refs/remotes/master [1ms]
2026-05-17 05:31:22.022 [info] > git status -z -uall [13ms]
2026-05-17 05:31:22.023 [info] > git for-each-ref --sort -committerdate --format %(refname)%00%(objectname)%00%(*objectname) [1ms]
2026-05-17 05:31:48.922 [info] [Git][getRemotes] No remotes found in the git config file
2026-05-17 05:31:48.936 [info] > git config --get commit.template [14ms]
2026-05-17 05:31:48.937 [info] > git for-each-ref --format=%(refname)%00%(upstream:short)%00%(objectname)%00%(upstream:track)%00%(upstream:remotename)%00%(upstream:remoteref) refs/heads/master refs/remotes/master [2ms]
2026-05-17 05:31:48.963 [info] > git status -z -uall [14ms]
2026-05-17 05:31:48.964 [info] > git for-each-ref --sort -committerdate --format %(refname)%00%(objectname)%00%(*objectname) [2ms]
2026-05-17 05:32:16.935 [info] [Git][getRemotes] No remotes found in the git config file
2026-05-17 05:32:16.936 [info] > git config --get commit.template [14ms]
2026-05-17 05:32:16.936 [info] > git for-each-ref --format=%(refname)%00%(upstream:short)%00%(objectname)%00%(upstream:track)%00%(upstream:remotename)%00%(upstream:remoteref) refs/heads/master refs/remotes/master [1ms]
2026-05-17 05:32:16.963 [info] > git status -z -uall [13ms]
2026-05-17 05:32:16.964 [info] > git for-each-ref --sort -committerdate --format %(refname)%00%(objectname)%00%(*objectname) [1ms]
2026-05-17 05:32:47.165 [info] > git fetch [4ms]
2026-05-17 05:32:47.191 [info] [Git][getRemotes] No remotes found in the git config file
2026-05-17 05:32:47.192 [info] > git config --get commit.template [13ms]
2026-05-17 05:32:47.192 [info] > git for-each-ref --format=%(refname)%00%(upstream:short)%00%(objectname)%00%(upstream:track)%00%(upstream:remotename)%00%(upstream:remoteref) refs/heads/master refs/remotes/master [1ms]
2026-05-17 05:32:47.219 [info] > git status -z -uall [14ms]
2026-05-17 05:32:47.220 [info] > git for-each-ref --sort -committerdate --format %(refname)%00%(objectname)%00%(*objectname) [2ms]
2026-05-17 05:32:48.267 [info] [Git][getRemotes] No remotes found in the git config file
2026-05-17 05:32:48.267 [info] > git config --get commit.template [13ms]
2026-05-17 05:32:48.268 [info] > git for-each-ref --format=%(refname)%00%(upstream:short)%00%(objectname)%00%(upstream:track)%00%(upstream:remotename)%00%(upstream:remoteref) refs/heads/master refs/remotes/master [1ms]
2026-05-17 05:32:48.296 [info] > git status -z -uall [16ms]
2026-05-17 05:32:48.296 [info] > git for-each-ref --sort -committerdate --format %(refname)%00%(objectname)%00%(*objectname) [2ms]
2026-05-17 05:33:16.934 [info] [Git][getRemotes] No remotes found in the git config file
2026-05-17 05:33:16.934 [info] > git config --get commit.template [12ms]
2026-05-17 05:33:16.935 [info] > git for-each-ref --format=%(refname)%00%(upstream:short)%00%(objectname)%00%(upstream:track)%00%(upstream:remotename)%00%(upstream:remoteref) refs/heads/master refs/remotes/master [1ms]
2026-05-17 05:33:16.960 [info] > git status -z -uall [13ms]
2026-05-17 05:33:16.961 [info] > git for-each-ref --sort -committerdate --format %(refname)%00%(objectname)%00%(*objectname) [2ms]
2026-05-17 05:33:21.992 [info] [Git][getRemotes] No remotes found in the git config file
2026-05-17 05:33:21.993 [info] > git config --get commit.template [14ms]
2026-05-17 05:33:21.993 [info] > git for-each-ref --format=%(refname)%00%(upstream:short)%00%(objectname)%00%(upstream:track)%00%(upstream:remotename)%00%(upstream:remoteref) refs/heads/master refs/remotes/master [1ms]
2026-05-17 05:33:22.024 [info] > git status -z -uall [17ms]
2026-05-17 05:33:22.024 [info] > git for-each-ref --sort -committerdate --format %(refname)%00%(objectname)%00%(*objectname) [3ms]
2026-05-17 05:33:56.361 [info] > git ls-files --stage -- docker/secrets.env.template [2ms]
2026-05-17 05:33:56.375 [info] > git cat-file -s 2740a5af9db5c19a1dfe6004067316c14fd3bb36 [1ms]
2026-05-17 05:33:56.391 [info] > git show --textconv :docker/secrets.env.template [1ms]
2026-05-17 05:34:16.935 [info] [Git][getRemotes] No remotes found in the git config file
2026-05-17 05:34:16.935 [info] > git config --get commit.template [13ms]
2026-05-17 05:34:16.936 [info] > git for-each-ref --format=%(refname)%00%(upstream:short)%00%(objectname)%00%(upstream:track)%00%(upstream:remotename)%00%(upstream:remoteref) refs/heads/master refs/remotes/master [1ms]
2026-05-17 05:34:16.962 [info] > git status -z -uall [14ms]
2026-05-17 05:34:16.962 [info] > git for-each-ref --sort -committerdate --format %(refname)%00%(objectname)%00%(*objectname) [1ms]
2026-05-17 05:34:21.149 [info] > git ls-files --stage -- docker/secrets.env.template [1ms]
2026-05-17 05:34:21.163 [info] > git cat-file -s 2740a5af9db5c19a1dfe6004067316c14fd3bb36 [1ms]
2026-05-17 05:34:21.178 [info] > git show --textconv :docker/secrets.env.template [1ms]
2026-05-17 05:34:21.997 [info] [Git][getRemotes] No remotes found in the git config file
2026-05-17 05:34:22.012 [info] > git config --get commit.template [30ms]
2026-05-17 05:34:22.014 [info] > git for-each-ref --format=%(refname)%00%(upstream:short)%00%(objectname)%00%(upstream:track)%00%(upstream:remotename)%00%(upstream:remoteref) refs/heads/master refs/remotes/master [17ms]
2026-05-17 05:34:22.045 [info] > git status -z -uall [16ms]
2026-05-17 05:34:22.046 [info] > git for-each-ref --sort -committerdate --format %(refname)%00%(objectname)%00%(*objectname) [3ms]
2026-05-17 05:34:48.935 [info] [Git][getRemotes] No remotes found in the git config file
2026-05-17 05:34:48.936 [info] > git config --get commit.template [14ms]
2026-05-17 05:34:48.936 [info] > git for-each-ref --format=%(refname)%00%(upstream:short)%00%(objectname)%00%(upstream:track)%00%(upstream:remotename)%00%(upstream:remoteref) refs/heads/master refs/remotes/master [1ms]
2026-05-17 05:34:48.964 [info] > git status -z -uall [14ms]
2026-05-17 05:34:48.971 [info] > git for-each-ref --sort -committerdate --format %(refname)%00%(objectname)%00%(*objectname) [8ms]
2026-05-17 05:35:16.922 [info] [Git][getRemotes] No remotes found in the git config file
2026-05-17 05:35:16.935 [info] > git config --get commit.template [14ms]
2026-05-17 05:35:16.936 [info] > git for-each-ref --format=%(refname)%00%(upstream:short)%00%(objectname)%00%(upstream:track)%00%(upstream:remotename)%00%(upstream:remoteref) refs/heads/master refs/remotes/master [2ms]
2026-05-17 05:35:16.962 [info] > git status -z -uall [14ms]
2026-05-17 05:35:16.962 [info] > git for-each-ref --sort -committerdate --format %(refname)%00%(objectname)%00%(*objectname) [1ms]
2026-05-17 05:35:47.241 [info] > git fetch [4ms]
2026-05-17 05:35:47.268 [info] [Git][getRemotes] No remotes found in the git config file
2026-05-17 05:35:47.268 [info] > git config --get commit.template [13ms]
2026-05-17 05:35:47.269 [info] > git for-each-ref --format=%(refname)%00%(upstream:short)%00%(objectname)%00%(upstream:track)%00%(upstream:remotename)%00%(upstream:remoteref) refs/heads/master refs/remotes/master [1ms]
2026-05-17 05:35:47.296 [info] > git status -z -uall [13ms]
2026-05-17 05:35:47.297 [info] > git for-each-ref --sort -committerdate --format %(refname)%00%(objectname)%00%(*objectname) [2ms]
2026-05-17 05:35:48.342 [info] [Git][getRemotes] No remotes found in the git config file
2026-05-17 05:35:48.343 [info] > git config --get commit.template [15ms]
2026-05-17 05:35:48.343 [info] > git for-each-ref --format=%(refname)%00%(upstream:short)%00%(objectname)%00%(upstream:track)%00%(upstream:remotename)%00%(upstream:remoteref) refs/heads/master refs/remotes/master [1ms]
2026-05-17 05:35:48.372 [info] > git status -z -uall [15ms]
2026-05-17 05:35:48.372 [info] > git for-each-ref --sort -committerdate --format %(refname)%00%(objectname)%00%(*objectname) [2ms]
2026-05-17 05:36:09.073 [info] > git ls-files --stage -- docker/secrets.env.template [2ms]
2026-05-17 05:36:09.085 [info] > git cat-file -s 2740a5af9db5c19a1dfe6004067316c14fd3bb36 [1ms]
2026-05-17 05:36:09.101 [info] > git show --textconv :docker/secrets.env.template [2ms]
2026-05-17 05:36:16.932 [info] [Git][getRemotes] No remotes found in the git config file
2026-05-17 05:36:16.933 [info] > git config --get commit.template [12ms]
2026-05-17 05:36:16.933 [info] > git for-each-ref --format=%(refname)%00%(upstream:short)%00%(objectname)%00%(upstream:track)%00%(upstream:remotename)%00%(upstream:remoteref) refs/heads/master refs/remotes/master [1ms]
2026-05-17 05:36:16.958 [info] > git status -z -uall [13ms]
2026-05-17 05:36:16.959 [info] > git for-each-ref --sort -committerdate --format %(refname)%00%(objectname)%00%(*objectname) [3ms]
2026-05-17 05:36:21.988 [info] [Git][getRemotes] No remotes found in the git config file
2026-05-17 05:36:21.990 [info] > git for-each-ref --format=%(refname)%00%(upstream:short)%00%(objectname)%00%(upstream:track)%00%(upstream:remotename)%00%(upstream:remoteref) refs/heads/master refs/remotes/master [2ms]
2026-05-17 05:36:21.990 [info] > git config --get commit.template [15ms]
2026-05-17 05:36:22.016 [info] > git status -z -uall [13ms]
2026-05-17 05:36:22.016 [info] > git for-each-ref --sort -committerdate --format %(refname)%00%(objectname)%00%(*objectname) [1ms]
2026-05-17 05:36:27.045 [info] [Git][getRemotes] No remotes found in the git config file
2026-05-17 05:36:27.046 [info] > git config --get commit.template [13ms]
2026-05-17 05:36:27.046 [info] > git for-each-ref --format=%(refname)%00%(upstream:short)%00%(objectname)%00%(upstream:track)%00%(upstream:remotename)%00%(upstream:remoteref) refs/heads/master refs/remotes/master [1ms]
2026-05-17 05:36:27.072 [info] > git status -z -uall [13ms]
2026-05-17 05:36:27.072 [info] > git for-each-ref --sort -committerdate --format %(refname)%00%(objectname)%00%(*objectname) [1ms]
2026-05-17 05:37:16.933 [info] [Git][getRemotes] No remotes found in the git config file
2026-05-17 05:37:16.934 [info] > git config --get commit.template [14ms]
2026-05-17 05:37:16.934 [info] > git for-each-ref --format=%(refname)%00%(upstream:short)%00%(objectname)%00%(upstream:track)%00%(upstream:remotename)%00%(upstream:remoteref) refs/heads/master refs/remotes/master [1ms]
2026-05-17 05:37:16.959 [info] > git status -z -uall [13ms]
2026-05-17 05:37:16.960 [info] > git for-each-ref --sort -committerdate --format %(refname)%00%(objectname)%00%(*objectname) [1ms]
2026-05-17 05:37:21.979 [info] > git config --get commit.template [2ms]
2026-05-17 05:37:21.993 [info] [Git][getRemotes] No remotes found in the git config file
2026-05-17 05:37:21.994 [info] > git for-each-ref --format=%(refname)%00%(upstream:short)%00%(objectname)%00%(upstream:track)%00%(upstream:remotename)%00%(upstream:remoteref) refs/heads/master refs/remotes/master [1ms]
2026-05-17 05:37:22.023 [info] > git status -z -uall [16ms]
2026-05-17 05:37:22.023 [info] > git for-each-ref --sort -committerdate --format %(refname)%00%(objectname)%00%(*objectname) [1ms]
2026-05-17 05:37:48.933 [info] [Git][getRemotes] No remotes found in the git config file
2026-05-17 05:37:48.934 [info] > git config --get commit.template [14ms]
2026-05-17 05:37:48.934 [info] > git for-each-ref --format=%(refname)%00%(upstream:short)%00%(objectname)%00%(upstream:track)%00%(upstream:remotename)%00%(upstream:remoteref) refs/heads/master refs/remotes/master [1ms]
2026-05-17 05:37:48.960 [info] > git status -z -uall [13ms]
2026-05-17 05:37:48.960 [info] > git for-each-ref --sort -committerdate --format %(refname)%00%(objectname)%00%(*objectname) [1ms]
2026-05-17 05:38:16.938 [info] [Git][getRemotes] No remotes found in the git config file
2026-05-17 05:38:16.939 [info] > git config --get commit.template [16ms]
2026-05-17 05:38:16.939 [info] > git for-each-ref --format=%(refname)%00%(upstream:short)%00%(objectname)%00%(upstream:track)%00%(upstream:remotename)%00%(upstream:remoteref) refs/heads/master refs/remotes/master [1ms]
2026-05-17 05:38:16.967 [info] > git status -z -uall [14ms]
2026-05-17 05:38:16.968 [info] > git for-each-ref --sort -committerdate --format %(refname)%00%(objectname)%00%(*objectname) [1ms]
2026-05-17 05:38:25.418 [info] > git ls-files --stage -- docker/secrets.env.template [2ms]
2026-05-17 05:38:25.433 [info] > git cat-file -s 2740a5af9db5c19a1dfe6004067316c14fd3bb36 [2ms]
2026-05-17 05:38:25.450 [info] > git show --textconv :docker/secrets.env.template [2ms]
2026-05-17 05:38:47.319 [info] > git fetch [4ms]
2026-05-17 05:38:47.338 [info] [Git][getRemotes] No remotes found in the git config file
2026-05-17 05:38:47.339 [info] > git config --get commit.template [10ms]
2026-05-17 05:38:47.339 [info] > git for-each-ref --format=%(refname)%00%(upstream:short)%00%(objectname)%00%(upstream:track)%00%(upstream:remotename)%00%(upstream:remoteref) refs/heads/master refs/remotes/master [1ms]
2026-05-17 05:38:47.359 [info] > git status -z -uall [9ms]
2026-05-17 05:38:47.360 [info] > git for-each-ref --sort -committerdate --format %(refname)%00%(objectname)%00%(*objectname) [1ms]
2026-05-17 05:38:48.420 [info] [Git][getRemotes] No remotes found in the git config file
2026-05-17 05:38:48.421 [info] > git for-each-ref --format=%(refname)%00%(upstream:short)%00%(objectname)%00%(upstream:track)%00%(upstream:remotename)%00%(upstream:remoteref) refs/heads/master refs/remotes/master [1ms]
2026-05-17 05:38:48.422 [info] > git config --get commit.template [14ms]
2026-05-17 05:38:48.448 [info] > git status -z -uall [14ms]
2026-05-17 05:38:48.449 [info] > git for-each-ref --sort -committerdate --format %(refname)%00%(objectname)%00%(*objectname) [1ms]
2026-05-17 05:39:16.933 [info] [Git][getRemotes] No remotes found in the git config file
2026-05-17 05:39:16.933 [info] > git config --get commit.template [13ms]
2026-05-17 05:39:16.934 [info] > git for-each-ref --format=%(refname)%00%(upstream:short)%00%(objectname)%00%(upstream:track)%00%(upstream:remotename)%00%(upstream:remoteref) refs/heads/master refs/remotes/master [1ms]
2026-05-17 05:39:16.960 [info] > git status -z -uall [14ms]
2026-05-17 05:39:16.961 [info] > git for-each-ref --sort -committerdate --format %(refname)%00%(objectname)%00%(*objectname) [1ms]
2026-05-17 05:39:21.995 [info] [Git][getRemotes] No remotes found in the git config file
2026-05-17 05:39:21.995 [info] > git config --get commit.template [13ms]
2026-05-17 05:39:21.996 [info] > git for-each-ref --format=%(refname)%00%(upstream:short)%00%(objectname)%00%(upstream:track)%00%(upstream:remotename)%00%(upstream:remoteref) refs/heads/master refs/remotes/master [1ms]
2026-05-17 05:39:22.016 [info] > git status -z -uall [9ms]
2026-05-17 05:39:22.017 [info] > git for-each-ref --sort -committerdate --format %(refname)%00%(objectname)%00%(*objectname) [1ms]
2026-05-17 05:39:27.047 [info] [Git][getRemotes] No remotes found in the git config file
2026-05-17 05:39:27.047 [info] > git config --get commit.template [14ms]
2026-05-17 05:39:27.048 [info] > git for-each-ref --format=%(refname)%00%(upstream:short)%00%(objectname)%00%(upstream:track)%00%(upstream:remotename)%00%(upstream:remoteref) refs/heads/master refs/remotes/master [2ms]
2026-05-17 05:39:27.070 [info] > git status -z -uall [10ms]
2026-05-17 05:39:27.071 [info] > git for-each-ref --sort -committerdate --format %(refname)%00%(objectname)%00%(*objectname) [1ms]
2026-05-17 05:39:32.099 [info] [Git][getRemotes] No remotes found in the git config file
2026-05-17 05:39:32.099 [info] > git config --get commit.template [13ms]
2026-05-17 05:39:32.103 [info] > git for-each-ref --format=%(refname)%00%(upstream:short)%00%(objectname)%00%(upstream:track)%00%(upstream:remotename)%00%(upstream:remoteref) refs/heads/master refs/remotes/master [5ms]
2026-05-17 05:39:32.130 [info] > git status -z -uall [14ms]
2026-05-17 05:39:32.131 [info] > git for-each-ref --sort -committerdate --format %(refname)%00%(objectname)%00%(*objectname) [2ms]
2026-05-17 05:39:37.160 [info] [Git][getRemotes] No remotes found in the git config file
2026-05-17 05:39:37.160 [info] > git config --get commit.template [14ms]
2026-05-17 05:39:37.161 [info] > git for-each-ref --format=%(refname)%00%(upstream:short)%00%(objectname)%00%(upstream:track)%00%(upstream:remotename)%00%(upstream:remoteref) refs/heads/master refs/remotes/master [1ms]
2026-05-17 05:39:37.186 [info] > git status -z -uall [13ms]
2026-05-17 05:39:37.187 [info] > git for-each-ref --sort -committerdate --format %(refname)%00%(objectname)%00%(*objectname) [1ms]
2026-05-17 05:39:49.825 [info] > git config --get commit.template [2ms]
2026-05-17 05:39:49.837 [info] [Git][getRemotes] No remotes found in the git config file
2026-05-17 05:39:49.838 [info] > git for-each-ref --format=%(refname)%00%(upstream:short)%00%(objectname)%00%(upstream:track)%00%(upstream:remotename)%00%(upstream:remoteref) refs/heads/master refs/remotes/master [1ms]
2026-05-17 05:39:49.863 [info] > git status -z -uall [13ms]
2026-05-17 05:39:49.864 [info] > git for-each-ref --sort -committerdate --format %(refname)%00%(objectname)%00%(*objectname) [2ms]
2026-05-17 05:40:01.028 [info] > git ls-files --stage -- docker/secrets.env.template [2ms]
2026-05-17 05:40:01.043 [info] > git cat-file -s 2740a5af9db5c19a1dfe6004067316c14fd3bb36 [1ms]
2026-05-17 05:40:01.078 [info] > git show --textconv :docker/secrets.env.template [2ms]
2026-05-17 05:40:04.527 [info] > git check-ignore -v -z --stdin [1ms]
2026-05-17 05:40:09.945 [info] > git check-ignore -v -z --stdin [1ms]
2026-05-17 05:40:10.979 [info] > git check-ignore -v -z --stdin [1ms]
2026-05-17 05:40:12.303 [info] > git check-ignore -v -z --stdin [1ms]
2026-05-17 05:40:12.590 [info] > git check-ignore -v -z --stdin [21ms]
2026-05-17 05:40:12.765 [info] > git check-ignore -v -z --stdin [2ms]
2026-05-17 05:40:12.859 [info] > git show --textconv :dashboard/app/api/tasks/route.ts [25ms]
2026-05-17 05:40:12.860 [info] > git ls-files --stage -- dashboard/app/api/tasks/route.ts [14ms]
2026-05-17 05:40:12.872 [info] > git cat-file -s 77c2519a619590453bbcb39bec4dd41ed4345940 [1ms]
2026-05-17 05:40:16.923 [info] > git config --get commit.template [3ms]
2026-05-17 05:40:16.936 [info] [Git][getRemotes] No remotes found in the git config file
2026-05-17 05:40:16.937 [info] > git for-each-ref --format=%(refname)%00%(upstream:short)%00%(objectname)%00%(upstream:track)%00%(upstream:remotename)%00%(upstream:remoteref) refs/heads/master refs/remotes/master [1ms]
2026-05-17 05:40:16.964 [info] > git status -z -uall [14ms]
2026-05-17 05:40:16.965 [info] > git for-each-ref --sort -committerdate --format %(refname)%00%(objectname)%00%(*objectname) [2ms]
2026-05-17 05:40:18.210 [info] > git check-ignore -v -z --stdin [1ms]
2026-05-17 05:40:19.789 [info] > git check-ignore -v -z --stdin [2ms]
2026-05-17 05:40:20.625 [info] > git check-ignore -v -z --stdin [2ms]
2026-05-17 05:40:21.767 [info] > git check-ignore -v -z --stdin [1ms]
2026-05-17 05:40:21.995 [info] [Git][getRemotes] No remotes found in the git config file
2026-05-17 05:40:21.995 [info] > git config --get commit.template [14ms]
2026-05-17 05:40:21.996 [info] > git for-each-ref --format=%(refname)%00%(upstream:short)%00%(objectname)%00%(upstream:track)%00%(upstream:remotename)%00%(upstream:remoteref) refs/heads/master refs/remotes/master [1ms]
2026-05-17 05:40:22.023 [info] > git status -z -uall [14ms]
2026-05-17 05:40:22.024 [info] > git for-each-ref --sort -committerdate --format %(refname)%00%(objectname)%00%(*objectname) [1ms]
2026-05-17 05:40:22.388 [info] > git check-ignore -v -z --stdin [18ms]
2026-05-17 05:40:22.506 [info] > git check-ignore -v -z --stdin [31ms]
2026-05-17 05:40:22.658 [info] > git show --textconv :config/claude/plugins/marketplaces/claude-plugins-official/.claude-plugin/marketplace.json [16ms]
2026-05-17 05:40:22.659 [info] > git ls-files --stage -- config/claude/plugins/marketplaces/claude-plugins-official/.claude-plugin/marketplace.json [2ms]
2026-05-17 05:40:22.684 [info] > git cat-file -s c2ec44f07cee4c8d2f6aee5078b3f27a9581cd93 [13ms]
2026-05-17 05:40:29.944 [info] > git config --get commit.template [2ms]
2026-05-17 05:40:29.957 [info] [Git][getRemotes] No remotes found in the git config file
2026-05-17 05:40:29.958 [info] > git for-each-ref --format=%(refname)%00%(upstream:short)%00%(objectname)%00%(upstream:track)%00%(upstream:remotename)%00%(upstream:remoteref) refs/heads/master refs/remotes/master [1ms]
2026-05-17 05:40:29.982 [info] > git status -z -uall [12ms]
2026-05-17 05:40:29.983 [info] > git for-each-ref --sort -committerdate --format %(refname)%00%(objectname)%00%(*objectname) [2ms]
2026-05-17 05:40:35.009 [info] [Git][getRemotes] No remotes found in the git config file
2026-05-17 05:40:35.010 [info] > git config --get commit.template [13ms]
2026-05-17 05:40:35.011 [info] > git for-each-ref --format=%(refname)%00%(upstream:short)%00%(objectname)%00%(upstream:track)%00%(upstream:remotename)%00%(upstream:remoteref) refs/heads/master refs/remotes/master [2ms]
2026-05-17 05:40:35.037 [info] > git status -z -uall [14ms]
2026-05-17 05:40:35.038 [info] > git for-each-ref --sort -committerdate --format %(refname)%00%(objectname)%00%(*objectname) [2ms]
2026-05-17 05:40:40.069 [info] [Git][getRemotes] No remotes found in the git config file
2026-05-17 05:40:40.069 [info] > git config --get commit.template [13ms]
2026-05-17 05:40:40.070 [info] > git for-each-ref --format=%(refname)%00%(upstream:short)%00%(objectname)%00%(upstream:track)%00%(upstream:remotename)%00%(upstream:remoteref) refs/heads/master refs/remotes/master [1ms]
2026-05-17 05:40:40.095 [info] > git status -z -uall [13ms]
2026-05-17 05:40:40.095 [info] > git for-each-ref --sort -committerdate --format %(refname)%00%(objectname)%00%(*objectname) [1ms]
2026-05-17 05:40:45.124 [info] [Git][getRemotes] No remotes found in the git config file
2026-05-17 05:40:45.125 [info] > git config --get commit.template [13ms]
2026-05-17 05:40:45.126 [info] > git for-each-ref --format=%(refname)%00%(upstream:short)%00%(objectname)%00%(upstream:track)%00%(upstream:remotename)%00%(upstream:remoteref) refs/heads/master refs/remotes/master [2ms]
2026-05-17 05:40:45.151 [info] > git status -z -uall [13ms]
2026-05-17 05:40:45.152 [info] > git for-each-ref --sort -committerdate --format %(refname)%00%(objectname)%00%(*objectname) [2ms]
2026-05-17 05:40:50.181 [info] [Git][getRemotes] No remotes found in the git config file
2026-05-17 05:40:50.182 [info] > git config --get commit.template [13ms]
2026-05-17 05:40:50.186 [info] > git for-each-ref --format=%(refname)%00%(upstream:short)%00%(objectname)%00%(upstream:track)%00%(upstream:remotename)%00%(upstream:remoteref) refs/heads/master refs/remotes/master [5ms]
2026-05-17 05:40:50.210 [info] > git status -z -uall [12ms]
2026-05-17 05:40:50.211 [info] > git for-each-ref --sort -committerdate --format %(refname)%00%(objectname)%00%(*objectname) [1ms]
2026-05-17 05:40:57.711 [info] [Git][getRemotes] No remotes found in the git config file
2026-05-17 05:40:57.712 [info] > git config --get commit.template [13ms]
2026-05-17 05:40:57.712 [info] > git for-each-ref --format=%(refname)%00%(upstream:short)%00%(objectname)%00%(upstream:track)%00%(upstream:remotename)%00%(upstream:remoteref) refs/heads/master refs/remotes/master [1ms]
2026-05-17 05:40:57.740 [info] > git status -z -uall [14ms]
2026-05-17 05:40:57.741 [info] > git for-each-ref --sort -committerdate --format %(refname)%00%(objectname)%00%(*objectname) [2ms]
2026-05-17 05:41:02.773 [info] [Git][getRemotes] No remotes found in the git config file
2026-05-17 05:41:02.773 [info] > git config --get commit.template [13ms]
2026-05-17 05:41:02.774 [info] > git for-each-ref --format=%(refname)%00%(upstream:short)%00%(objectname)%00%(upstream:track)%00%(upstream:remotename)%00%(upstream:remoteref) refs/heads/master refs/remotes/master [2ms]
2026-05-17 05:41:02.803 [info] > git status -z -uall [16ms]
2026-05-17 05:41:02.803 [info] > git for-each-ref --sort -committerdate --format %(refname)%00%(objectname)%00%(*objectname) [1ms]
2026-05-17 05:41:07.834 [info] [Git][getRemotes] No remotes found in the git config file
2026-05-17 05:41:07.835 [info] > git config --get commit.template [14ms]
2026-05-17 05:41:07.835 [info] > git for-each-ref --format=%(refname)%00%(upstream:short)%00%(objectname)%00%(upstream:track)%00%(upstream:remotename)%00%(upstream:remoteref) refs/heads/master refs/remotes/master [1ms]
2026-05-17 05:41:07.862 [info] > git status -z -uall [14ms]
2026-05-17 05:41:07.863 [info] > git for-each-ref --sort -committerdate --format %(refname)%00%(objectname)%00%(*objectname) [2ms]
2026-05-17 05:41:12.892 [info] [Git][getRemotes] No remotes found in the git config file
2026-05-17 05:41:12.893 [info] > git config --get commit.template [14ms]
2026-05-17 05:41:12.893 [info] > git for-each-ref --format=%(refname)%00%(upstream:short)%00%(objectname)%00%(upstream:track)%00%(upstream:remotename)%00%(upstream:remoteref) refs/heads/master refs/remotes/master [1ms]
2026-05-17 05:41:12.919 [info] > git status -z -uall [13ms]
2026-05-17 05:41:12.920 [info] > git for-each-ref --sort -committerdate --format %(refname)%00%(objectname)%00%(*objectname) [1ms]
2026-05-17 05:41:17.949 [info] [Git][getRemotes] No remotes found in the git config file
2026-05-17 05:41:17.949 [info] > git config --get commit.template [13ms]
2026-05-17 05:41:17.950 [info] > git for-each-ref --format=%(refname)%00%(upstream:short)%00%(objectname)%00%(upstream:track)%00%(upstream:remotename)%00%(upstream:remoteref) refs/heads/master refs/remotes/master [2ms]
2026-05-17 05:41:17.974 [info] > git status -z -uall [13ms]
2026-05-17 05:41:17.975 [info] > git for-each-ref --sort -committerdate --format %(refname)%00%(objectname)%00%(*objectname) [1ms]
2026-05-17 05:41:23.002 [info] [Git][getRemotes] No remotes found in the git config file
2026-05-17 05:41:23.002 [info] > git config --get commit.template [12ms]
2026-05-17 05:41:23.003 [info] > git for-each-ref --format=%(refname)%00%(upstream:short)%00%(objectname)%00%(upstream:track)%00%(upstream:remotename)%00%(upstream:remoteref) refs/heads/master refs/remotes/master [1ms]
2026-05-17 05:41:23.027 [info] > git status -z -uall [12ms]
2026-05-17 05:41:23.028 [info] > git for-each-ref --sort -committerdate --format %(refname)%00%(objectname)%00%(*objectname) [1ms]
2026-05-17 05:41:36.090 [info] [Git][getRemotes] No remotes found in the git config file
2026-05-17 05:41:36.090 [info] > git config --get commit.template [14ms]
2026-05-17 05:41:36.091 [info] > git for-each-ref --format=%(refname)%00%(upstream:short)%00%(objectname)%00%(upstream:track)%00%(upstream:remotename)%00%(upstream:remoteref) refs/heads/master refs/remotes/master [2ms]
2026-05-17 05:41:36.117 [info] > git status -z -uall [14ms]
2026-05-17 05:41:36.117 [info] > git for-each-ref --sort -committerdate --format %(refname)%00%(objectname)%00%(*objectname) [1ms]
2026-05-17 05:41:41.149 [info] [Git][getRemotes] No remotes found in the git config file
2026-05-17 05:41:41.150 [info] > git config --get commit.template [13ms]
2026-05-17 05:41:41.156 [info] > git for-each-ref --format=%(refname)%00%(upstream:short)%00%(objectname)%00%(upstream:track)%00%(upstream:remotename)%00%(upstream:remoteref) refs/heads/master refs/remotes/master [7ms]
2026-05-17 05:41:41.182 [info] > git status -z -uall [14ms]
2026-05-17 05:41:41.183 [info] > git for-each-ref --sort -committerdate --format %(refname)%00%(objectname)%00%(*objectname) [1ms]
2026-05-17 05:41:46.213 [info] [Git][getRemotes] No remotes found in the git config file
2026-05-17 05:41:46.214 [info] > git config --get commit.template [14ms]
2026-05-17 05:41:46.215 [info] > git for-each-ref --format=%(refname)%00%(upstream:short)%00%(objectname)%00%(upstream:track)%00%(upstream:remotename)%00%(upstream:remoteref) refs/heads/master refs/remotes/master [2ms]
2026-05-17 05:41:46.240 [info] > git status -z -uall [13ms]
2026-05-17 05:41:46.241 [info] > git for-each-ref --sort -committerdate --format %(refname)%00%(objectname)%00%(*objectname) [1ms]
2026-05-17 05:41:47.379 [info] > git fetch [4ms]
2026-05-17 05:41:47.405 [info] [Git][getRemotes] No remotes found in the git config file
2026-05-17 05:41:47.406 [info] > git config --get commit.template [14ms]
2026-05-17 05:41:47.406 [info] > git for-each-ref --format=%(refname)%00%(upstream:short)%00%(objectname)%00%(upstream:track)%00%(upstream:remotename)%00%(upstream:remoteref) refs/heads/master refs/remotes/master [1ms]
2026-05-17 05:41:47.432 [info] > git status -z -uall [13ms]
2026-05-17 05:41:47.433 [info] > git for-each-ref --sort -committerdate --format %(refname)%00%(objectname)%00%(*objectname) [1ms]
2026-05-17 05:41:51.270 [info] [Git][getRemotes] No remotes found in the git config file
2026-05-17 05:41:51.270 [info] > git config --get commit.template [13ms]
2026-05-17 05:41:51.271 [info] > git for-each-ref --format=%(refname)%00%(upstream:short)%00%(objectname)%00%(upstream:track)%00%(upstream:remotename)%00%(upstream:remoteref) refs/heads/master refs/remotes/master [2ms]
2026-05-17 05:41:51.298 [info] > git status -z -uall [14ms]
2026-05-17 05:41:51.299 [info] > git for-each-ref --sort -committerdate --format %(refname)%00%(objectname)%00%(*objectname) [2ms]
2026-05-17 05:41:56.329 [info] [Git][getRemotes] No remotes found in the git config file
2026-05-17 05:41:56.329 [info] > git config --get commit.template [13ms]
2026-05-17 05:41:56.330 [info] > git for-each-ref --format=%(refname)%00%(upstream:short)%00%(objectname)%00%(upstream:track)%00%(upstream:remotename)%00%(upstream:remoteref) refs/heads/master refs/remotes/master [1ms]
2026-05-17 05:41:56.356 [info] > git status -z -uall [12ms]
2026-05-17 05:41:56.357 [info] > git for-each-ref --sort -committerdate --format %(refname)%00%(objectname)%00%(*objectname) [2ms]
2026-05-17 05:42:01.388 [info] [Git][getRemotes] No remotes found in the git config file
2026-05-17 05:42:01.388 [info] > git config --get commit.template [15ms]
2026-05-17 05:42:01.389 [info] > git for-each-ref --format=%(refname)%00%(upstream:short)%00%(objectname)%00%(upstream:track)%00%(upstream:remotename)%00%(upstream:remoteref) refs/heads/master refs/remotes/master [2ms]
2026-05-17 05:42:01.417 [info] > git status -z -uall [15ms]
2026-05-17 05:42:01.418 [info] > git for-each-ref --sort -committerdate --format %(refname)%00%(objectname)%00%(*objectname) [2ms]
2026-05-17 05:42:06.448 [info] [Git][getRemotes] No remotes found in the git config file
2026-05-17 05:42:06.449 [info] > git config --get commit.template [14ms]
2026-05-17 05:42:06.453 [info] > git for-each-ref --format=%(refname)%00%(upstream:short)%00%(objectname)%00%(upstream:track)%00%(upstream:remotename)%00%(upstream:remoteref) refs/heads/master refs/remotes/master [5ms]
2026-05-17 05:42:06.479 [info] > git status -z -uall [14ms]
2026-05-17 05:42:06.480 [info] > git for-each-ref --sort -committerdate --format %(refname)%00%(objectname)%00%(*objectname) [1ms]
2026-05-17 05:42:11.511 [info] [Git][getRemotes] No remotes found in the git config file
2026-05-17 05:42:11.511 [info] > git config --get commit.template [14ms]
2026-05-17 05:42:11.512 [info] > git for-each-ref --format=%(refname)%00%(upstream:short)%00%(objectname)%00%(upstream:track)%00%(upstream:remotename)%00%(upstream:remoteref) refs/heads/master refs/remotes/master [1ms]
2026-05-17 05:42:11.538 [info] > git status -z -uall [13ms]
2026-05-17 05:42:11.539 [info] > git for-each-ref --sort -committerdate --format %(refname)%00%(objectname)%00%(*objectname) [2ms]
2026-05-17 05:42:16.557 [info] [Git][getRemotes] No remotes found in the git config file
2026-05-17 05:42:16.571 [info] > git config --get commit.template [14ms]
2026-05-17 05:42:16.571 [info] > git for-each-ref --format=%(refname)%00%(upstream:short)%00%(objectname)%00%(upstream:track)%00%(upstream:remotename)%00%(upstream:remoteref) refs/heads/master refs/remotes/master [1ms]
2026-05-17 05:42:16.598 [info] > git status -z -uall [15ms]
2026-05-17 05:42:16.599 [info] > git for-each-ref --sort -committerdate --format %(refname)%00%(objectname)%00%(*objectname) [2ms]
2026-05-17 05:42:21.617 [info] > git config --get commit.template [2ms]
2026-05-17 05:42:21.630 [info] [Git][getRemotes] No remotes found in the git config file
2026-05-17 05:42:21.632 [info] > git for-each-ref --format=%(refname)%00%(upstream:short)%00%(objectname)%00%(upstream:track)%00%(upstream:remotename)%00%(upstream:remoteref) refs/heads/master refs/remotes/master [2ms]
2026-05-17 05:42:21.658 [info] > git status -z -uall [14ms]
2026-05-17 05:42:21.659 [info] > git for-each-ref --sort -committerdate --format %(refname)%00%(objectname)%00%(*objectname) [2ms]
2026-05-17 05:42:26.690 [info] [Git][getRemotes] No remotes found in the git config file
2026-05-17 05:42:26.691 [info] > git config --get commit.template [15ms]
2026-05-17 05:42:26.692 [info] > git for-each-ref --format=%(refname)%00%(upstream:short)%00%(objectname)%00%(upstream:track)%00%(upstream:remotename)%00%(upstream:remoteref) refs/heads/master refs/remotes/master [2ms]
2026-05-17 05:42:26.721 [info] > git status -z -uall [16ms]
2026-05-17 05:42:26.722 [info] > git for-each-ref --sort -committerdate --format %(refname)%00%(objectname)%00%(*objectname) [2ms]
2026-05-17 05:42:31.741 [info] > git config --get commit.template [2ms]
2026-05-17 05:42:31.754 [info] [Git][getRemotes] No remotes found in the git config file
2026-05-17 05:42:31.755 [info] > git for-each-ref --format=%(refname)%00%(upstream:short)%00%(objectname)%00%(upstream:track)%00%(upstream:remotename)%00%(upstream:remoteref) refs/heads/master refs/remotes/master [2ms]
2026-05-17 05:42:31.780 [info] > git status -z -uall [13ms]
2026-05-17 05:42:31.781 [info] > git for-each-ref --sort -committerdate --format %(refname)%00%(objectname)%00%(*objectname) [2ms]
2026-05-17 05:42:36.809 [info] [Git][getRemotes] No remotes found in the git config file
2026-05-17 05:42:36.810 [info] > git for-each-ref --format=%(refname)%00%(upstream:short)%00%(objectname)%00%(upstream:track)%00%(upstream:remotename)%00%(upstream:remoteref) refs/heads/master refs/remotes/master [1ms]
2026-05-17 05:42:36.811 [info] > git config --get commit.template [14ms]
2026-05-17 05:42:36.835 [info] > git status -z -uall [13ms]
2026-05-17 05:42:36.836 [info] > git for-each-ref --sort -committerdate --format %(refname)%00%(objectname)%00%(*objectname) [1ms]
2026-05-17 05:42:41.869 [info] [Git][getRemotes] No remotes found in the git config file
2026-05-17 05:42:41.869 [info] > git config --get commit.template [15ms]
2026-05-17 05:42:41.870 [info] > git for-each-ref --format=%(refname)%00%(upstream:short)%00%(objectname)%00%(upstream:track)%00%(upstream:remotename)%00%(upstream:remoteref) refs/heads/master refs/remotes/master [2ms]
2026-05-17 05:42:41.898 [info] > git status -z -uall [14ms]
2026-05-17 05:42:41.899 [info] > git for-each-ref --sort -committerdate --format %(refname)%00%(objectname)%00%(*objectname) [3ms]
2026-05-17 05:42:46.928 [info] [Git][getRemotes] No remotes found in the git config file
2026-05-17 05:42:46.928 [info] > git config --get commit.template [13ms]
2026-05-17 05:42:46.929 [info] > git for-each-ref --format=%(refname)%00%(upstream:short)%00%(objectname)%00%(upstream:track)%00%(upstream:remotename)%00%(upstream:remoteref) refs/heads/master refs/remotes/master [1ms]
2026-05-17 05:42:46.953 [info] > git status -z -uall [12ms]
2026-05-17 05:42:46.954 [info] > git for-each-ref --sort -committerdate --format %(refname)%00%(objectname)%00%(*objectname) [2ms]
2026-05-17 05:43:16.920 [info] [Git][getRemotes] No remotes found in the git config file
2026-05-17 05:43:16.933 [info] > git config --get commit.template [13ms]
2026-05-17 05:43:16.934 [info] > git for-each-ref --format=%(refname)%00%(upstream:short)%00%(objectname)%00%(upstream:track)%00%(upstream:remotename)%00%(upstream:remoteref) refs/heads/master refs/remotes/master [2ms]
2026-05-17 05:43:16.960 [info] > git status -z -uall [14ms]
2026-05-17 05:43:16.961 [info] > git for-each-ref --sort -committerdate --format %(refname)%00%(objectname)%00%(*objectname) [3ms]
2026-05-17 05:43:21.989 [info] [Git][getRemotes] No remotes found in the git config file
2026-05-17 05:43:21.989 [info] > git config --get commit.template [12ms]
2026-05-17 05:43:21.990 [info] > git for-each-ref --format=%(refname)%00%(upstream:short)%00%(objectname)%00%(upstream:track)%00%(upstream:remotename)%00%(upstream:remoteref) refs/heads/master refs/remotes/master [2ms]
2026-05-17 05:43:22.015 [info] > git status -z -uall [13ms]
2026-05-17 05:43:22.016 [info] > git for-each-ref --sort -committerdate --format %(refname)%00%(objectname)%00%(*objectname) [1ms]
2026-05-17 05:43:48.934 [info] [Git][getRemotes] No remotes found in the git config file
2026-05-17 05:43:48.935 [info] > git config --get commit.template [14ms]
2026-05-17 05:43:48.935 [info] > git for-each-ref --format=%(refname)%00%(upstream:short)%00%(objectname)%00%(upstream:track)%00%(upstream:remotename)%00%(upstream:remoteref) refs/heads/master refs/remotes/master [1ms]
2026-05-17 05:43:48.963 [info] > git status -z -uall [15ms]
2026-05-17 05:43:48.964 [info] > git for-each-ref --sort -committerdate --format %(refname)%00%(objectname)%00%(*objectname) [3ms]
2026-05-17 05:44:03.124 [info] > git check-ignore -v -z --stdin [1ms]
2026-05-17 05:44:03.687 [info] > git check-ignore -v -z --stdin [16ms]
2026-05-17 05:44:03.717 [info] > git check-ignore -v -z --stdin [2ms]
2026-05-17 05:44:03.869 [info] > git show --textconv :config/secrets/.env [15ms]
2026-05-17 05:44:03.869 [warning] [GitFileSystemProvider][readFile] File not found - git:/home/dev/AI_Workflow/config/secrets/.env.git?%7B%22path%22%3A%22%2Fhome%2Fdev%2FAI_Workflow%2Fconfig%2Fsecrets%2F.env%22%2C%22ref%22%3A%22%22%7D
2026-05-17 05:44:03.870 [info] > git ls-files --stage -- config/secrets/.env [2ms]
2026-05-17 05:44:03.870 [warning] [GitFileSystemProvider][stat] File not found - git:/home/dev/AI_Workflow/config/secrets/.env.git?%7B%22path%22%3A%22%2Fhome%2Fdev%2FAI_Workflow%2Fconfig%2Fsecrets%2F.env%22%2C%22ref%22%3A%22%22%7D
2026-05-17 05:44:16.923 [info] [Git][getRemotes] No remotes found in the git config file
2026-05-17 05:44:16.935 [info] > git config --get commit.template [13ms]
2026-05-17 05:44:16.936 [info] > git for-each-ref --format=%(refname)%00%(upstream:short)%00%(objectname)%00%(upstream:track)%00%(upstream:remotename)%00%(upstream:remoteref) refs/heads/master refs/remotes/master [1ms]
2026-05-17 05:44:16.962 [info] > git status -z -uall [13ms]
2026-05-17 05:44:16.963 [info] > git for-each-ref --sort -committerdate --format %(refname)%00%(objectname)%00%(*objectname) [2ms]
2026-05-17 05:44:28.001 [info] > git blame --root --incremental cef02d8b54a5321f3c902a350defa8cbe8e4d438 -- config/secrets/.env [3ms]
2026-05-17 05:44:28.001 [info] fatal: no such path config/secrets/.env in cef02d8b54a5321f3c902a350defa8cbe8e4d438
2026-05-17 05:44:47.452 [info] > git fetch [4ms]
2026-05-17 05:44:47.477 [info] [Git][getRemotes] No remotes found in the git config file
2026-05-17 05:44:47.478 [info] > git config --get commit.template [13ms]
2026-05-17 05:44:47.478 [info] > git for-each-ref --format=%(refname)%00%(upstream:short)%00%(objectname)%00%(upstream:track)%00%(upstream:remotename)%00%(upstream:remoteref) refs/heads/master refs/remotes/master [1ms]
2026-05-17 05:44:47.505 [info] > git status -z -uall [14ms]
2026-05-17 05:44:47.506 [info] > git for-each-ref --sort -committerdate --format %(refname)%00%(objectname)%00%(*objectname) [2ms]
2026-05-17 05:44:48.542 [info] > git config --get commit.template [2ms]
2026-05-17 05:44:48.555 [info] [Git][getRemotes] No remotes found in the git config file
2026-05-17 05:44:48.556 [info] > git for-each-ref --format=%(refname)%00%(upstream:short)%00%(objectname)%00%(upstream:track)%00%(upstream:remotename)%00%(upstream:remoteref) refs/heads/master refs/remotes/master [1ms]
2026-05-17 05:44:48.581 [info] > git status -z -uall [13ms]
2026-05-17 05:44:48.582 [info] > git for-each-ref --sort -committerdate --format %(refname)%00%(objectname)%00%(*objectname) [2ms]
2026-05-17 05:45:16.923 [info] > git config --get commit.template [2ms]
2026-05-17 05:45:16.935 [info] [Git][getRemotes] No remotes found in the git config file
2026-05-17 05:45:16.936 [info] > git for-each-ref --format=%(refname)%00%(upstream:short)%00%(objectname)%00%(upstream:track)%00%(upstream:remotename)%00%(upstream:remoteref) refs/heads/master refs/remotes/master [1ms]
2026-05-17 05:45:16.962 [info] > git status -z -uall [14ms]
2026-05-17 05:45:16.962 [info] > git for-each-ref --sort -committerdate --format %(refname)%00%(objectname)%00%(*objectname) [1ms]
2026-05-17 05:45:21.993 [info] [Git][getRemotes] No remotes found in the git config file
2026-05-17 05:45:21.993 [info] > git config --get commit.template [13ms]
2026-05-17 05:45:21.994 [info] > git for-each-ref --format=%(refname)%00%(upstream:short)%00%(objectname)%00%(upstream:track)%00%(upstream:remotename)%00%(upstream:remoteref) refs/heads/master refs/remotes/master [2ms]
2026-05-17 05:45:22.020 [info] > git status -z -uall [13ms]
2026-05-17 05:45:22.021 [info] > git for-each-ref --sort -committerdate --format %(refname)%00%(objectname)%00%(*objectname) [2ms]
2026-05-17 05:46:16.935 [info] [Git][getRemotes] No remotes found in the git config file
2026-05-17 05:46:16.936 [info] > git config --get commit.template [15ms]
2026-05-17 05:46:16.936 [info] > git for-each-ref --format=%(refname)%00%(upstream:short)%00%(objectname)%00%(upstream:track)%00%(upstream:remotename)%00%(upstream:remoteref) refs/heads/master refs/remotes/master [1ms]
2026-05-17 05:46:16.964 [info] > git status -z -uall [15ms]
2026-05-17 05:46:16.965 [info] > git for-each-ref --sort -committerdate --format %(refname)%00%(objectname)%00%(*objectname) [3ms]
2026-05-17 05:46:21.995 [info] [Git][getRemotes] No remotes found in the git config file
2026-05-17 05:46:21.996 [info] > git config --get commit.template [15ms]
2026-05-17 05:46:21.996 [info] > git for-each-ref --format=%(refname)%00%(upstream:short)%00%(objectname)%00%(upstream:track)%00%(upstream:remotename)%00%(upstream:remoteref) refs/heads/master refs/remotes/master [1ms]
2026-05-17 05:46:22.023 [info] > git status -z -uall [14ms]
2026-05-17 05:46:22.024 [info] > git for-each-ref --sort -committerdate --format %(refname)%00%(objectname)%00%(*objectname) [2ms]
2026-05-17 05:46:48.935 [info] [Git][getRemotes] No remotes found in the git config file
2026-05-17 05:46:48.936 [info] > git config --get commit.template [15ms]
2026-05-17 05:46:48.936 [info] > git for-each-ref --format=%(refname)%00%(upstream:short)%00%(objectname)%00%(upstream:track)%00%(upstream:remotename)%00%(upstream:remoteref) refs/heads/master refs/remotes/master [1ms]
2026-05-17 05:46:48.964 [info] > git status -z -uall [16ms]
2026-05-17 05:46:48.965 [info] > git for-each-ref --sort -committerdate --format %(refname)%00%(objectname)%00%(*objectname) [3ms]
2026-05-17 05:47:16.923 [info] > git config --get commit.template [2ms]
2026-05-17 05:47:16.938 [info] [Git][getRemotes] No remotes found in the git config file
2026-05-17 05:47:16.939 [info] > git for-each-ref --format=%(refname)%00%(upstream:short)%00%(objectname)%00%(upstream:track)%00%(upstream:remotename)%00%(upstream:remoteref) refs/heads/master refs/remotes/master [2ms]
2026-05-17 05:47:16.965 [info] > git status -z -uall [14ms]
2026-05-17 05:47:16.966 [info] > git for-each-ref --sort -committerdate --format %(refname)%00%(objectname)%00%(*objectname) [1ms]
2026-05-17 05:47:47.525 [info] > git fetch [3ms]
2026-05-17 05:47:47.553 [info] [Git][getRemotes] No remotes found in the git config file
2026-05-17 05:47:47.554 [info] > git config --get commit.template [14ms]
2026-05-17 05:47:47.554 [info] > git for-each-ref --format=%(refname)%00%(upstream:short)%00%(objectname)%00%(upstream:track)%00%(upstream:remotename)%00%(upstream:remoteref) refs/heads/master refs/remotes/master [1ms]
2026-05-17 05:47:47.581 [info] > git status -z -uall [14ms]
2026-05-17 05:47:47.582 [info] > git for-each-ref --sort -committerdate --format %(refname)%00%(objectname)%00%(*objectname) [1ms]
2026-05-17 05:47:48.617 [info] > git config --get commit.template [2ms]
2026-05-17 05:47:48.629 [info] [Git][getRemotes] No remotes found in the git config file
2026-05-17 05:47:48.630 [info] > git for-each-ref --format=%(refname)%00%(upstream:short)%00%(objectname)%00%(upstream:track)%00%(upstream:remotename)%00%(upstream:remoteref) refs/heads/master refs/remotes/master [1ms]
2026-05-17 05:47:48.657 [info] > git status -z -uall [14ms]
2026-05-17 05:47:48.658 [info] > git for-each-ref --sort -committerdate --format %(refname)%00%(objectname)%00%(*objectname) [1ms]
2026-05-17 05:48:08.573 [info] > git config --get commit.template [2ms]
2026-05-17 05:48:08.586 [info] [Git][getRemotes] No remotes found in the git config file
2026-05-17 05:48:08.587 [info] > git for-each-ref --format=%(refname)%00%(upstream:short)%00%(objectname)%00%(upstream:track)%00%(upstream:remotename)%00%(upstream:remoteref) refs/heads/master refs/remotes/master [1ms]
2026-05-17 05:48:08.614 [info] > git status -z -uall [14ms]
2026-05-17 05:48:08.615 [info] > git for-each-ref --sort -committerdate --format %(refname)%00%(objectname)%00%(*objectname) [1ms]
2026-05-17 05:48:13.647 [info] [Git][getRemotes] No remotes found in the git config file
2026-05-17 05:48:13.648 [info] > git config --get commit.template [15ms]
2026-05-17 05:48:13.648 [info] > git for-each-ref --format=%(refname)%00%(upstream:short)%00%(objectname)%00%(upstream:track)%00%(upstream:remotename)%00%(upstream:remoteref) refs/heads/master refs/remotes/master [1ms]
2026-05-17 05:48:13.678 [info] > git status -z -uall [16ms]
2026-05-17 05:48:13.678 [info] > git for-each-ref --sort -committerdate --format %(refname)%00%(objectname)%00%(*objectname) [1ms]
2026-05-17 05:48:18.709 [info] [Git][getRemotes] No remotes found in the git config file
2026-05-17 05:48:18.710 [info] > git config --get commit.template [14ms]
2026-05-17 05:48:18.710 [info] > git for-each-ref --format=%(refname)%00%(upstream:short)%00%(objectname)%00%(upstream:track)%00%(upstream:remotename)%00%(upstream:remoteref) refs/heads/master refs/remotes/master [1ms]
2026-05-17 05:48:18.736 [info] > git status -z -uall [13ms]
2026-05-17 05:48:18.737 [info] > git for-each-ref --sort -committerdate --format %(refname)%00%(objectname)%00%(*objectname) [2ms]
2026-05-17 05:48:23.767 [info] [Git][getRemotes] No remotes found in the git config file
2026-05-17 05:48:23.767 [info] > git config --get commit.template [13ms]
2026-05-17 05:48:23.768 [info] > git for-each-ref --format=%(refname)%00%(upstream:short)%00%(objectname)%00%(upstream:track)%00%(upstream:remotename)%00%(upstream:remoteref) refs/heads/master refs/remotes/master [1ms]
2026-05-17 05:48:23.793 [info] > git status -z -uall [13ms]
2026-05-17 05:48:23.794 [info] > git for-each-ref --sort -committerdate --format %(refname)%00%(objectname)%00%(*objectname) [2ms]
2026-05-17 05:48:28.812 [info] > git config --get commit.template [2ms]
2026-05-17 05:48:28.828 [info] [Git][getRemotes] No remotes found in the git config file
2026-05-17 05:48:28.829 [info] > git for-each-ref --format=%(refname)%00%(upstream:short)%00%(objectname)%00%(upstream:track)%00%(upstream:remotename)%00%(upstream:remoteref) refs/heads/master refs/remotes/master [1ms]
2026-05-17 05:48:28.860 [info] > git status -z -uall [16ms]
2026-05-17 05:48:28.860 [info] > git for-each-ref --sort -committerdate --format %(refname)%00%(objectname)%00%(*objectname) [1ms]
2026-05-17 05:48:33.891 [info] [Git][getRemotes] No remotes found in the git config file
2026-05-17 05:48:33.892 [info] > git for-each-ref --format=%(refname)%00%(upstream:short)%00%(objectname)%00%(upstream:track)%00%(upstream:remotename)%00%(upstream:remoteref) refs/heads/master refs/remotes/master [2ms]
2026-05-17 05:48:33.892 [info] > git config --get commit.template [14ms]
2026-05-17 05:48:33.917 [info] > git status -z -uall [13ms]
2026-05-17 05:48:33.919 [info] > git for-each-ref --sort -committerdate --format %(refname)%00%(objectname)%00%(*objectname) [2ms]
2026-05-17 05:48:39.700 [info] [Git][getRemotes] No remotes found in the git config file
2026-05-17 05:48:39.701 [info] > git config --get commit.template [14ms]
2026-05-17 05:48:39.701 [info] > git for-each-ref --format=%(refname)%00%(upstream:short)%00%(objectname)%00%(upstream:track)%00%(upstream:remotename)%00%(upstream:remoteref) refs/heads/master refs/remotes/master [1ms]
2026-05-17 05:48:39.726 [info] > git status -z -uall [13ms]
2026-05-17 05:48:39.727 [info] > git for-each-ref --sort -committerdate --format %(refname)%00%(objectname)%00%(*objectname) [1ms]
2026-05-17 05:48:44.746 [info] > git config --get commit.template [1ms]
2026-05-17 05:48:44.760 [info] > git for-each-ref --format=%(refname)%00%(upstream:short)%00%(objectname)%00%(upstream:track)%00%(upstream:remotename)%00%(upstream:remoteref) refs/heads/master refs/remotes/master [1ms]
2026-05-17 05:48:44.785 [info] > git status -z -uall [13ms]
2026-05-17 05:48:44.786 [info] > git for-each-ref --sort -committerdate --format %(refname)%00%(objectname)%00%(*objectname) [1ms]
2026-05-17 05:48:49.816 [info] > git config --get commit.template [13ms]
2026-05-17 05:48:49.817 [info] > git for-each-ref --format=%(refname)%00%(upstream:short)%00%(objectname)%00%(upstream:track)%00%(upstream:remotename)%00%(upstream:remoteref) refs/heads/master refs/remotes/master [1ms]
2026-05-17 05:48:49.846 [info] > git status -z -uall [12ms]
2026-05-17 05:48:49.847 [info] > git for-each-ref --sort -committerdate --format %(refname)%00%(objectname)%00%(*objectname) [1ms]
2026-05-17 05:48:54.876 [info] > git config --get commit.template [13ms]
2026-05-17 05:48:54.877 [info] > git for-each-ref --format=%(refname)%00%(upstream:short)%00%(objectname)%00%(upstream:track)%00%(upstream:remotename)%00%(upstream:remoteref) refs/heads/master refs/remotes/master [1ms]
2026-05-17 05:48:54.904 [info] > git status -z -uall [13ms]
2026-05-17 05:48:54.905 [info] > git for-each-ref --sort -committerdate --format %(refname)%00%(objectname)%00%(*objectname) [2ms]
2026-05-17 05:49:16.928 [info] > git config --get commit.template [2ms]
2026-05-17 05:49:16.942 [info] > git for-each-ref --format=%(refname)%00%(upstream:short)%00%(objectname)%00%(upstream:track)%00%(upstream:remotename)%00%(upstream:remoteref) refs/heads/master refs/remotes/master [2ms]
2026-05-17 05:49:16.971 [info] > git status -z -uall [17ms]
2026-05-17 05:49:16.971 [info] > git for-each-ref --sort -committerdate --format %(refname)%00%(objectname)%00%(*objectname) [2ms]
2026-05-17 05:49:22.001 [info] > git config --get commit.template [14ms]
2026-05-17 05:49:22.001 [info] > git for-each-ref --format=%(refname)%00%(upstream:short)%00%(objectname)%00%(upstream:track)%00%(upstream:remotename)%00%(upstream:remoteref) refs/heads/master refs/remotes/master [1ms]
2026-05-17 05:49:22.027 [info] > git status -z -uall [13ms]
2026-05-17 05:49:22.028 [info] > git for-each-ref --sort -committerdate --format %(refname)%00%(objectname)%00%(*objectname) [2ms]
2026-05-17 05:49:27.060 [info] > git config --get commit.template [14ms]
2026-05-17 05:49:27.060 [info] > git for-each-ref --format=%(refname)%00%(upstream:short)%00%(objectname)%00%(upstream:track)%00%(upstream:remotename)%00%(upstream:remoteref) refs/heads/master refs/remotes/master [1ms]
2026-05-17 05:49:27.086 [info] > git status -z -uall [13ms]
2026-05-17 05:49:27.087 [info] > git for-each-ref --sort -committerdate --format %(refname)%00%(objectname)%00%(*objectname) [2ms]
2026-05-17 05:49:32.105 [info] > git config --get commit.template [2ms]
2026-05-17 05:49:32.119 [info] > git for-each-ref --format=%(refname)%00%(upstream:short)%00%(objectname)%00%(upstream:track)%00%(upstream:remotename)%00%(upstream:remoteref) refs/heads/master refs/remotes/master [1ms]
2026-05-17 05:49:32.145 [info] > git status -z -uall [14ms]
2026-05-17 05:49:32.146 [info] > git for-each-ref --sort -committerdate --format %(refname)%00%(objectname)%00%(*objectname) [1ms]
2026-05-17 05:49:37.178 [info] > git config --get commit.template [14ms]
2026-05-17 05:49:37.178 [info] > git for-each-ref --format=%(refname)%00%(upstream:short)%00%(objectname)%00%(upstream:track)%00%(upstream:remotename)%00%(upstream:remoteref) refs/heads/master refs/remotes/master [1ms]
2026-05-17 05:49:37.206 [info] > git status -z -uall [15ms]
2026-05-17 05:49:37.206 [info] > git for-each-ref --sort -committerdate --format %(refname)%00%(objectname)%00%(*objectname) [2ms]
2026-05-17 05:49:42.237 [info] > git config --get commit.template [13ms]
2026-05-17 05:49:42.238 [info] > git for-each-ref --format=%(refname)%00%(upstream:short)%00%(objectname)%00%(upstream:track)%00%(upstream:remotename)%00%(upstream:remoteref) refs/heads/master refs/remotes/master [1ms]
2026-05-17 05:49:42.263 [info] > git status -z -uall [13ms]
2026-05-17 05:49:42.264 [info] > git for-each-ref --sort -committerdate --format %(refname)%00%(objectname)%00%(*objectname) [1ms]
2026-05-17 05:49:47.283 [info] > git config --get commit.template [2ms]
2026-05-17 05:49:47.302 [info] > git for-each-ref --format=%(refname)%00%(upstream:short)%00%(objectname)%00%(upstream:track)%00%(upstream:remotename)%00%(upstream:remoteref) refs/heads/master refs/remotes/master [1ms]
2026-05-17 05:49:47.326 [info] > git status -z -uall [12ms]
2026-05-17 05:49:47.327 [info] > git for-each-ref --sort -committerdate --format %(refname)%00%(objectname)%00%(*objectname) [2ms]
2026-05-17 05:49:52.358 [info] > git config --get commit.template [14ms]
2026-05-17 05:49:52.358 [info] > git for-each-ref --format=%(refname)%00%(upstream:short)%00%(objectname)%00%(upstream:track)%00%(upstream:remotename)%00%(upstream:remoteref) refs/heads/master refs/remotes/master [1ms]
2026-05-17 05:49:52.384 [info] > git status -z -uall [13ms]
2026-05-17 05:49:52.385 [info] > git for-each-ref --sort -committerdate --format %(refname)%00%(objectname)%00%(*objectname) [1ms]
2026-05-17 05:50:16.938 [info] > git config --get commit.template [13ms]
2026-05-17 05:50:16.939 [info] > git for-each-ref --format=%(refname)%00%(upstream:short)%00%(objectname)%00%(upstream:track)%00%(upstream:remotename)%00%(upstream:remoteref) refs/heads/master refs/remotes/master [1ms]
2026-05-17 05:50:16.964 [info] > git status -z -uall [13ms]
2026-05-17 05:50:16.965 [info] > git for-each-ref --sort -committerdate --format %(refname)%00%(objectname)%00%(*objectname) [1ms]
2026-05-17 05:50:22.918 [info] > git config --get commit.template [13ms]
2026-05-17 05:50:22.919 [info] > git for-each-ref --format=%(refname)%00%(upstream:short)%00%(objectname)%00%(upstream:track)%00%(upstream:remotename)%00%(upstream:remoteref) refs/heads/master refs/remotes/master [1ms]
2026-05-17 05:50:22.945 [info] > git status -z -uall [14ms]
2026-05-17 05:50:22.946 [info] > git for-each-ref --sort -committerdate --format %(refname)%00%(objectname)%00%(*objectname) [1ms]
2026-05-17 05:50:35.392 [info] > git config --get commit.template [13ms]
2026-05-17 05:50:35.393 [info] > git for-each-ref --format=%(refname)%00%(upstream:short)%00%(objectname)%00%(upstream:track)%00%(upstream:remotename)%00%(upstream:remoteref) refs/heads/master refs/remotes/master [1ms]
2026-05-17 05:50:35.420 [info] > git status -z -uall [15ms]
2026-05-17 05:50:35.421 [info] > git for-each-ref --sort -committerdate --format %(refname)%00%(objectname)%00%(*objectname) [2ms]
2026-05-17 05:50:40.439 [info] > git config --get commit.template [2ms]
2026-05-17 05:50:40.452 [info] > git for-each-ref --format=%(refname)%00%(upstream:short)%00%(objectname)%00%(upstream:track)%00%(upstream:remotename)%00%(upstream:remoteref) refs/heads/clean-master refs/remotes/clean-master [1ms]
2026-05-17 05:50:40.452 [warning] [Git][getBranch] No such branch: clean-master
2026-05-17 05:50:40.480 [info] > git status -z -uall [15ms]
2026-05-17 05:50:40.484 [info] > git for-each-ref --sort -committerdate --format %(refname)%00%(objectname)%00%(*objectname) [5ms]
2026-05-17 05:50:40.511 [info] > git for-each-ref --format=%(refname)%00%(upstream:short)%00%(objectname)%00%(upstream:track)%00%(upstream:remotename)%00%(upstream:remoteref) refs/heads/clean-master refs/remotes/clean-master [4ms]
2026-05-17 05:50:40.511 [warning] [Git][getBranch] No such branch: clean-master
2026-05-17 05:50:40.511 [error] [GitHistoryProvider][resolveHEADMergeBase] Failed to resolve merge base for clean-master: Error: No such branch: clean-master.
2026-05-17 05:50:45.523 [info] > git config --get commit.template [1ms]
2026-05-17 05:50:45.537 [info] > git for-each-ref --format=%(refname)%00%(upstream:short)%00%(objectname)%00%(upstream:track)%00%(upstream:remotename)%00%(upstream:remoteref) refs/heads/clean-master refs/remotes/clean-master [1ms]
2026-05-17 05:50:45.537 [warning] [Git][getBranch] No such branch: clean-master
2026-05-17 05:50:45.566 [info] > git status -z -uall [17ms]
2026-05-17 05:50:45.569 [info] > git for-each-ref --sort -committerdate --format %(refname)%00%(objectname)%00%(*objectname) [4ms]
2026-05-17 05:50:48.333 [info] > git fetch [734ms]
2026-05-17 05:50:48.362 [info] > git config --get commit.template [16ms]
2026-05-17 05:50:48.363 [info] > git for-each-ref --format=%(refname)%00%(upstream:short)%00%(objectname)%00%(upstream:track)%00%(upstream:remotename)%00%(upstream:remoteref) refs/heads/clean-master refs/remotes/clean-master [4ms]
2026-05-17 05:50:48.363 [warning] [Git][getBranch] No such branch: clean-master
2026-05-17 05:50:48.389 [info] > git status -z -uall [14ms]
2026-05-17 05:50:48.393 [info] > git for-each-ref --sort -committerdate --format %(refname)%00%(objectname)%00%(*objectname) [5ms]
2026-05-17 05:50:53.200 [info] > git config --get commit.template [3ms]
2026-05-17 05:50:53.215 [info] > git for-each-ref --format=%(refname)%00%(upstream:short)%00%(objectname)%00%(upstream:track)%00%(upstream:remotename)%00%(upstream:remoteref) refs/heads/clean-master refs/remotes/clean-master [1ms]
2026-05-17 05:50:53.243 [info] > git status -z -uall [15ms]
2026-05-17 05:50:53.243 [info] > git for-each-ref --sort -committerdate --format %(refname)%00%(objectname)%00%(*objectname) [1ms]
2026-05-17 05:50:58.277 [info] > git config --get commit.template [14ms]
2026-05-17 05:50:58.278 [info] > git for-each-ref --format=%(refname)%00%(upstream:short)%00%(objectname)%00%(upstream:track)%00%(upstream:remotename)%00%(upstream:remoteref) refs/heads/clean-master refs/remotes/clean-master [2ms]
2026-05-17 05:50:58.303 [info] > git status -z -uall [13ms]
2026-05-17 05:50:58.304 [info] > git for-each-ref --sort -committerdate --format %(refname)%00%(objectname)%00%(*objectname) [2ms]
2026-05-17 05:51:03.334 [info] > git config --get commit.template [14ms]
2026-05-17 05:51:03.335 [info] > git for-each-ref --format=%(refname)%00%(upstream:short)%00%(objectname)%00%(upstream:track)%00%(upstream:remotename)%00%(upstream:remoteref) refs/heads/clean-master refs/remotes/clean-master [2ms]
2026-05-17 05:51:03.360 [info] > git status -z -uall [13ms]
2026-05-17 05:51:03.361 [info] > git for-each-ref --sort -committerdate --format %(refname)%00%(objectname)%00%(*objectname) [1ms]
2026-05-17 05:51:08.391 [info] > git config --get commit.template [14ms]
2026-05-17 05:51:08.392 [info] > git for-each-ref --format=%(refname)%00%(upstream:short)%00%(objectname)%00%(upstream:track)%00%(upstream:remotename)%00%(upstream:remoteref) refs/heads/master refs/remotes/master [2ms]
2026-05-17 05:51:08.419 [info] > git status -z -uall [14ms]
2026-05-17 05:51:08.420 [info] > git for-each-ref --sort -committerdate --format %(refname)%00%(objectname)%00%(*objectname) [1ms]
2026-05-17 05:51:08.440 [info] > git for-each-ref --format=%(refname)%00%(upstream:short)%00%(objectname)%00%(upstream:track)%00%(upstream:remotename)%00%(upstream:remoteref) refs/heads/master refs/remotes/master [2ms]
2026-05-17 05:51:08.454 [info] > git config --get --local branch.master.vscode-merge-base [1ms]
2026-05-17 05:51:08.454 [warning] [Git][config] git config failed: Failed to execute git
2026-05-17 05:51:08.468 [info] > git reflog master --grep-reflog=branch: Created from *. [1ms]
2026-05-17 05:51:08.483 [info] > git symbolic-ref --short refs/remotes/origin/HEAD [1ms]
2026-05-17 05:51:08.483 [info] fatal: ref refs/remotes/origin/HEAD is not a symbolic ref
2026-05-17 05:51:08.483 [warning] [Repository][getDefaultBranch] Failed to get default branch details: Failed to execute git.
2026-05-17 05:51:08.498 [info] > git merge-base refs/heads/master refs/remotes/origin/master [1ms]
2026-05-17 05:51:08.513 [info] > git diff --name-status -z --diff-filter=ADMR --find-renames=50% 3df875d846cba0fa24b893d69435df3f1ff41535...refs/remotes/origin/master -- [2ms]
2026-05-17 05:51:14.355 [info] > git config --get commit.template [14ms]
2026-05-17 05:51:14.355 [info] > git for-each-ref --format=%(refname)%00%(upstream:short)%00%(objectname)%00%(upstream:track)%00%(upstream:remotename)%00%(upstream:remoteref) refs/heads/master refs/remotes/master [1ms]
2026-05-17 05:51:14.381 [info] > git status -z -uall [14ms]
2026-05-17 05:51:14.382 [info] > git for-each-ref --sort -committerdate --format %(refname)%00%(objectname)%00%(*objectname) [2ms]
2026-05-17 05:51:19.399 [info] > git config --get commit.template [1ms]
2026-05-17 05:51:19.414 [info] > git for-each-ref --format=%(refname)%00%(upstream:short)%00%(objectname)%00%(upstream:track)%00%(upstream:remotename)%00%(upstream:remoteref) refs/heads/master refs/remotes/master [1ms]
2026-05-17 05:51:19.442 [info] > git status -z -uall [16ms]
2026-05-17 05:51:19.443 [info] > git for-each-ref --sort -committerdate --format %(refname)%00%(objectname)%00%(*objectname) [2ms]
2026-05-17 05:52:16.940 [info] > git config --get commit.template [14ms]
2026-05-17 05:52:16.941 [info] > git for-each-ref --format=%(refname)%00%(upstream:short)%00%(objectname)%00%(upstream:track)%00%(upstream:remotename)%00%(upstream:remoteref) refs/heads/master refs/remotes/master [2ms]
2026-05-17 05:52:16.966 [info] > git status -z -uall [13ms]
2026-05-17 05:52:16.967 [info] > git for-each-ref --sort -committerdate --format %(refname)%00%(objectname)%00%(*objectname) [2ms]
2026-05-17 05:52:23.017 [info] > git config --get commit.template [15ms]
2026-05-17 05:52:23.018 [info] > git for-each-ref --format=%(refname)%00%(upstream:short)%00%(objectname)%00%(upstream:track)%00%(upstream:remotename)%00%(upstream:remoteref) refs/heads/master refs/remotes/master [2ms]
2026-05-17 05:52:23.046 [info] > git status -z -uall [15ms]
2026-05-17 05:52:23.048 [info] > git for-each-ref --sort -committerdate --format %(refname)%00%(objectname)%00%(*objectname) [3ms]
2026-05-17 05:52:48.926 [info] > git config --get commit.template [2ms]
2026-05-17 05:52:48.940 [info] > git for-each-ref --format=%(refname)%00%(upstream:short)%00%(objectname)%00%(upstream:track)%00%(upstream:remotename)%00%(upstream:remoteref) refs/heads/master refs/remotes/master [1ms]
2026-05-17 05:52:48.967 [info] > git status -z -uall [14ms]
2026-05-17 05:52:48.968 [info] > git for-each-ref --sort -committerdate --format %(refname)%00%(objectname)%00%(*objectname) [1ms]
2026-05-17 05:53:14.327 [info] > git config --get commit.template [14ms]
2026-05-17 05:53:14.327 [info] > git for-each-ref --format=%(refname)%00%(upstream:short)%00%(objectname)%00%(upstream:track)%00%(upstream:remotename)%00%(upstream:remoteref) refs/heads/master refs/remotes/master [1ms]
2026-05-17 05:53:14.354 [info] > git status -z -uall [14ms]
2026-05-17 05:53:14.354 [info] > git for-each-ref --sort -committerdate --format %(refname)%00%(objectname)%00%(*objectname) [2ms]
2026-05-17 05:53:19.386 [info] > git config --get commit.template [13ms]
2026-05-17 05:53:19.387 [info] > git for-each-ref --format=%(refname)%00%(upstream:short)%00%(objectname)%00%(upstream:track)%00%(upstream:remotename)%00%(upstream:remoteref) refs/heads/master refs/remotes/master [2ms]
2026-05-17 05:53:19.413 [info] > git status -z -uall [13ms]
2026-05-17 05:53:19.414 [info] > git for-each-ref --sort -committerdate --format %(refname)%00%(objectname)%00%(*objectname) [1ms]
2026-05-17 05:53:24.446 [info] > git config --get commit.template [13ms]
2026-05-17 05:53:24.446 [info] > git for-each-ref --format=%(refname)%00%(upstream:short)%00%(objectname)%00%(upstream:track)%00%(upstream:remotename)%00%(upstream:remoteref) refs/heads/master refs/remotes/master [1ms]
2026-05-17 05:53:24.475 [info] > git status -z -uall [16ms]
2026-05-17 05:53:24.475 [info] > git for-each-ref --sort -committerdate --format %(refname)%00%(objectname)%00%(*objectname) [2ms]
2026-05-17 05:53:29.507 [info] > git config --get commit.template [15ms]
2026-05-17 05:53:29.507 [info] > git for-each-ref --format=%(refname)%00%(upstream:short)%00%(objectname)%00%(upstream:track)%00%(upstream:remotename)%00%(upstream:remoteref) refs/heads/master refs/remotes/master [1ms]
2026-05-17 05:53:29.537 [info] > git status -z -uall [15ms]
2026-05-17 05:53:29.537 [info] > git for-each-ref --sort -committerdate --format %(refname)%00%(objectname)%00%(*objectname) [1ms]
2026-05-17 05:53:32.423 [info] > git log --format=%H%n%aN%n%aE%n%at%n%ct%n%P%n%D%n%B -z --shortstat --diff-merges=first-parent -n50 --skip=0 --topo-order --decorate=full --stdin [44ms]
2026-05-17 05:53:32.469 [info] > git merge-base master origin/master [1ms]
2026-05-17 05:53:34.556 [info] > git config --get commit.template [2ms]
2026-05-17 05:53:34.569 [info] > git for-each-ref --format=%(refname)%00%(upstream:short)%00%(objectname)%00%(upstream:track)%00%(upstream:remotename)%00%(upstream:remoteref) refs/heads/master refs/remotes/master [1ms]
2026-05-17 05:53:34.596 [info] > git status -z -uall [14ms]
2026-05-17 05:53:34.597 [info] > git for-each-ref --sort -committerdate --format %(refname)%00%(objectname)%00%(*objectname) [2ms]
2026-05-17 05:53:35.923 [info] > git show --textconv HEAD:config/claude/settings.json [19ms]
2026-05-17 05:53:35.923 [info] > git ls-tree -l HEAD -- config/claude/settings.json [3ms]
2026-05-17 05:53:35.996 [info] > git check-ignore -v -z --stdin [24ms]
2026-05-17 05:53:35.997 [info] > git check-ignore -v -z --stdin [4ms]
2026-05-17 05:53:36.109 [info] > git check-ignore -v -z --stdin [17ms]
2026-05-17 05:53:36.110 [info] > git blame --root --incremental 3df875d846cba0fa24b893d69435df3f1ff41535 -- config/claude/settings.json [4ms]
2026-05-17 05:53:44.102 [info] > git config --get commit.template [13ms]
2026-05-17 05:53:44.103 [info] > git for-each-ref --format=%(refname)%00%(upstream:short)%00%(objectname)%00%(upstream:track)%00%(upstream:remotename)%00%(upstream:remoteref) refs/heads/master refs/remotes/master [2ms]
2026-05-17 05:53:44.131 [info] > git status -z -uall [15ms]
2026-05-17 05:53:44.131 [info] > git for-each-ref --sort -committerdate --format %(refname)%00%(objectname)%00%(*objectname) [3ms]
2026-05-17 05:53:49.180 [info] > git fetch [768ms]
2026-05-17 05:53:49.205 [info] > git config --get commit.template [13ms]
2026-05-17 05:53:49.206 [info] > git for-each-ref --format=%(refname)%00%(upstream:short)%00%(objectname)%00%(upstream:track)%00%(upstream:remotename)%00%(upstream:remoteref) refs/heads/master refs/remotes/master [2ms]
2026-05-17 05:53:49.231 [info] > git status -z -uall [13ms]
2026-05-17 05:53:49.232 [info] > git for-each-ref --sort -committerdate --format %(refname)%00%(objectname)%00%(*objectname) [2ms]
2026-05-17 05:53:49.249 [info] > git config --get commit.template [1ms]
2026-05-17 05:53:49.264 [info] > git for-each-ref --format=%(refname)%00%(upstream:short)%00%(objectname)%00%(upstream:track)%00%(upstream:remotename)%00%(upstream:remoteref) refs/heads/master refs/remotes/master [1ms]
2026-05-17 05:53:49.290 [info] > git status -z -uall [14ms]
2026-05-17 05:53:49.290 [info] > git for-each-ref --sort -committerdate --format %(refname)%00%(objectname)%00%(*objectname) [1ms]
2026-05-17 05:54:16.940 [info] > git config --get commit.template [14ms]
2026-05-17 05:54:16.940 [info] > git for-each-ref --format=%(refname)%00%(upstream:short)%00%(objectname)%00%(upstream:track)%00%(upstream:remotename)%00%(upstream:remoteref) refs/heads/master refs/remotes/master [1ms]
2026-05-17 05:54:16.971 [info] > git status -z -uall [17ms]
2026-05-17 05:54:16.971 [info] > git for-each-ref --sort -committerdate --format %(refname)%00%(objectname)%00%(*objectname) [5ms]
2026-05-17 05:54:22.002 [info] > git config --get commit.template [14ms]
2026-05-17 05:54:22.002 [info] > git for-each-ref --format=%(refname)%00%(upstream:short)%00%(objectname)%00%(upstream:track)%00%(upstream:remotename)%00%(upstream:remoteref) refs/heads/master refs/remotes/master [1ms]
2026-05-17 05:54:22.028 [info] > git status -z -uall [13ms]
2026-05-17 05:54:22.029 [info] > git for-each-ref --sort -committerdate --format %(refname)%00%(objectname)%00%(*objectname) [1ms]
2026-05-17 05:54:30.946 [info] > git for-each-ref --format=%(refname)%00%(upstream:short)%00%(objectname)%00%(upstream:track)%00%(upstream:remotename)%00%(upstream:remoteref) refs/heads/master refs/remotes/master [2ms]
2026-05-17 05:54:30.946 [info] > git config --get commit.template [14ms]
2026-05-17 05:54:30.973 [info] > git status -z -uall [13ms]
2026-05-17 05:54:30.974 [info] > git for-each-ref --sort -committerdate --format %(refname)%00%(objectname)%00%(*objectname) [2ms]
2026-05-17 05:55:16.940 [info] > git config --get commit.template [14ms]
2026-05-17 05:55:16.941 [info] > git for-each-ref --format=%(refname)%00%(upstream:short)%00%(objectname)%00%(upstream:track)%00%(upstream:remotename)%00%(upstream:remoteref) refs/heads/master refs/remotes/master [2ms]
2026-05-17 05:55:16.968 [info] > git status -z -uall [14ms]
2026-05-17 05:55:16.968 [info] > git for-each-ref --sort -committerdate --format %(refname)%00%(objectname)%00%(*objectname) [1ms]
2026-05-17 05:55:23.870 [info] > git config --get commit.template [13ms]
2026-05-17 05:55:23.871 [info] > git for-each-ref --format=%(refname)%00%(upstream:short)%00%(objectname)%00%(upstream:track)%00%(upstream:remotename)%00%(upstream:remoteref) refs/heads/master refs/remotes/master [1ms]
2026-05-17 05:55:23.899 [info] > git status -z -uall [14ms]
2026-05-17 05:55:23.900 [info] > git for-each-ref --sort -committerdate --format %(refname)%00%(objectname)%00%(*objectname) [2ms]
2026-05-17 05:55:45.546 [info] > git check-ignore -v -z --stdin [2ms]
2026-05-17 05:55:46.654 [info] > git config --get commit.template [15ms]
2026-05-17 05:55:46.655 [info] > git for-each-ref --format=%(refname)%00%(upstream:short)%00%(objectname)%00%(upstream:track)%00%(upstream:remotename)%00%(upstream:remoteref) refs/heads/master refs/remotes/master [2ms]
2026-05-17 05:55:46.681 [info] > git status -z -uall [13ms]
2026-05-17 05:55:46.682 [info] > git for-each-ref --sort -committerdate --format %(refname)%00%(objectname)%00%(*objectname) [2ms]
2026-05-17 05:55:51.713 [info] > git config --get commit.template [13ms]
2026-05-17 05:55:51.713 [info] > git for-each-ref --format=%(refname)%00%(upstream:short)%00%(objectname)%00%(upstream:track)%00%(upstream:remotename)%00%(upstream:remoteref) refs/heads/master refs/remotes/master [1ms]
2026-05-17 05:55:51.738 [info] > git status -z -uall [13ms]
2026-05-17 05:55:51.739 [info] > git for-each-ref --sort -committerdate --format %(refname)%00%(objectname)%00%(*objectname) [1ms]
2026-05-17 05:56:16.935 [info] > git check-ignore -v -z --stdin [1ms]
2026-05-17 05:56:18.313 [info] > git config --get commit.template [13ms]
2026-05-17 05:56:18.313 [info] > git for-each-ref --format=%(refname)%00%(upstream:short)%00%(objectname)%00%(upstream:track)%00%(upstream:remotename)%00%(upstream:remoteref) refs/heads/master refs/remotes/master [1ms]
2026-05-17 05:56:18.337 [info] > git status -z -uall [12ms]
2026-05-17 05:56:18.338 [info] > git for-each-ref --sort -committerdate --format %(refname)%00%(objectname)%00%(*objectname) [2ms]
2026-05-17 05:56:48.473 [info] > git check-ignore -v -z --stdin [1ms]
2026-05-17 05:56:50.004 [info] > git fetch [755ms]
2026-05-17 05:56:50.031 [info] > git config --get commit.template [14ms]
2026-05-17 05:56:50.032 [info] > git for-each-ref --format=%(refname)%00%(upstream:short)%00%(objectname)%00%(upstream:track)%00%(upstream:remotename)%00%(upstream:remoteref) refs/heads/master refs/remotes/master [1ms]
2026-05-17 05:56:50.058 [info] > git status -z -uall [13ms]
2026-05-17 05:56:50.058 [info] > git for-each-ref --sort -committerdate --format %(refname)%00%(objectname)%00%(*objectname) [1ms]
2026-05-17 05:56:50.078 [info] > git config --get commit.template [2ms]
2026-05-17 05:56:50.093 [info] > git for-each-ref --format=%(refname)%00%(upstream:short)%00%(objectname)%00%(upstream:track)%00%(upstream:remotename)%00%(upstream:remoteref) refs/heads/master refs/remotes/master [1ms]
2026-05-17 05:56:50.119 [info] > git status -z -uall [14ms]
2026-05-17 05:56:50.120 [info] > git for-each-ref --sort -committerdate --format %(refname)%00%(objectname)%00%(*objectname) [2ms]
2026-05-17 05:57:16.940 [info] > git config --get commit.template [13ms]
2026-05-17 05:57:16.941 [info] > git for-each-ref --format=%(refname)%00%(upstream:short)%00%(objectname)%00%(upstream:track)%00%(upstream:remotename)%00%(upstream:remoteref) refs/heads/master refs/remotes/master [1ms]
2026-05-17 05:57:16.970 [info] > git status -z -uall [15ms]
2026-05-17 05:57:16.971 [info] > git for-each-ref --sort -committerdate --format %(refname)%00%(objectname)%00%(*objectname) [2ms]
2026-05-17 05:57:22.002 [info] > git config --get commit.template [12ms]
2026-05-17 05:57:22.003 [info] > git for-each-ref --format=%(refname)%00%(upstream:short)%00%(objectname)%00%(upstream:track)%00%(upstream:remotename)%00%(upstream:remoteref) refs/heads/master refs/remotes/master [2ms]
2026-05-17 05:57:22.022 [info] > git status -z -uall [9ms]
2026-05-17 05:57:22.022 [info] > git for-each-ref --sort -committerdate --format %(refname)%00%(objectname)%00%(*objectname) [1ms]
2026-05-17 05:57:30.958 [info] > git check-ignore -v -z --stdin [2ms]
2026-05-17 05:57:32.051 [info] > git config --get commit.template [2ms]
2026-05-17 05:57:32.065 [info] > git for-each-ref --format=%(refname)%00%(upstream:short)%00%(objectname)%00%(upstream:track)%00%(upstream:remotename)%00%(upstream:remoteref) refs/heads/master refs/remotes/master [1ms]
2026-05-17 05:57:32.093 [info] > git status -z -uall [14ms]
2026-05-17 05:57:32.094 [info] > git for-each-ref --sort -committerdate --format %(refname)%00%(objectname)%00%(*objectname) [2ms]
2026-05-17 05:57:37.127 [info] > git config --get commit.template [14ms]
2026-05-17 05:57:37.128 [info] > git for-each-ref --format=%(refname)%00%(upstream:short)%00%(objectname)%00%(upstream:track)%00%(upstream:remotename)%00%(upstream:remoteref) refs/heads/master refs/remotes/master [1ms]
2026-05-17 05:57:37.155 [info] > git status -z -uall [14ms]
2026-05-17 05:57:37.156 [info] > git for-each-ref --sort -committerdate --format %(refname)%00%(objectname)%00%(*objectname) [2ms]
2026-05-17 05:58:10.680 [info] > git config --get commit.template [14ms]
2026-05-17 05:58:10.680 [info] > git for-each-ref --format=%(refname)%00%(upstream:short)%00%(objectname)%00%(upstream:track)%00%(upstream:remotename)%00%(upstream:remoteref) refs/heads/master refs/remotes/master [1ms]
2026-05-17 05:58:10.705 [info] > git status -z -uall [13ms]
2026-05-17 05:58:10.705 [info] > git for-each-ref --sort -committerdate --format %(refname)%00%(objectname)%00%(*objectname) [1ms]
2026-05-17 05:58:15.724 [info] > git config --get commit.template [2ms]
2026-05-17 05:58:15.738 [info] > git for-each-ref --format=%(refname)%00%(upstream:short)%00%(objectname)%00%(upstream:track)%00%(upstream:remotename)%00%(upstream:remoteref) refs/heads/master refs/remotes/master [1ms]
2026-05-17 05:58:15.765 [info] > git status -z -uall [14ms]
2026-05-17 05:58:15.766 [info] > git for-each-ref --sort -committerdate --format %(refname)%00%(objectname)%00%(*objectname) [1ms]
2026-05-17 05:58:20.797 [info] > git config --get commit.template [14ms]
2026-05-17 05:58:20.798 [info] > git for-each-ref --format=%(refname)%00%(upstream:short)%00%(objectname)%00%(upstream:track)%00%(upstream:remotename)%00%(upstream:remoteref) refs/heads/master refs/remotes/master [2ms]
2026-05-17 05:58:20.823 [info] > git status -z -uall [13ms]
2026-05-17 05:58:20.824 [info] > git for-each-ref --sort -committerdate --format %(refname)%00%(objectname)%00%(*objectname) [1ms]
2026-05-17 05:58:20.843 [info] > git merge-base refs/heads/master refs/remotes/origin/master [3ms]
2026-05-17 05:58:20.862 [info] > git diff --name-status -z --diff-filter=ADMR --find-renames=50% 3df875d846cba0fa24b893d69435df3f1ff41535...refs/remotes/origin/master -- [3ms]
2026-05-17 05:58:25.870 [info] > git config --get commit.template [14ms]
2026-05-17 05:58:25.871 [info] > git for-each-ref --format=%(refname)%00%(upstream:short)%00%(objectname)%00%(upstream:track)%00%(upstream:remotename)%00%(upstream:remoteref) refs/heads/master refs/remotes/master [2ms]
2026-05-17 05:58:25.897 [info] > git status -z -uall [13ms]
2026-05-17 05:58:25.898 [info] > git for-each-ref --sort -committerdate --format %(refname)%00%(objectname)%00%(*objectname) [2ms]
2026-05-17 05:58:25.916 [info] > git merge-base refs/heads/master refs/remotes/origin/master [3ms]
2026-05-17 05:58:25.931 [info] > git diff --name-status -z --diff-filter=ADMR --find-renames=50% c8fc7d8d7ed64b88366e1d710903a43468662472...refs/remotes/origin/master -- [2ms]
2026-05-17 05:58:30.943 [info] > git config --get commit.template [14ms]
2026-05-17 05:58:30.944 [info] > git for-each-ref --format=%(refname)%00%(upstream:short)%00%(objectname)%00%(upstream:track)%00%(upstream:remotename)%00%(upstream:remoteref) refs/heads/master refs/remotes/master [2ms]
2026-05-17 05:58:30.968 [info] > git status -z -uall [12ms]
2026-05-17 05:58:30.969 [info] > git for-each-ref --sort -committerdate --format %(refname)%00%(objectname)%00%(*objectname) [2ms]
2026-05-17 05:58:48.941 [info] > git config --get commit.template [16ms]
2026-05-17 05:58:48.942 [info] > git for-each-ref --format=%(refname)%00%(upstream:short)%00%(objectname)%00%(upstream:track)%00%(upstream:remotename)%00%(upstream:remoteref) refs/heads/master refs/remotes/master [2ms]
2026-05-17 05:58:48.972 [info] > git status -z -uall [16ms]
2026-05-17 05:58:48.973 [info] > git for-each-ref --sort -committerdate --format %(refname)%00%(objectname)%00%(*objectname) [2ms]
2026-05-17 05:59:16.937 [info] > git config --get commit.template [12ms]
2026-05-17 05:59:16.938 [info] > git for-each-ref --format=%(refname)%00%(upstream:short)%00%(objectname)%00%(upstream:track)%00%(upstream:remotename)%00%(upstream:remoteref) refs/heads/master refs/remotes/master [1ms]
2026-05-17 05:59:16.965 [info] > git status -z -uall [15ms]
2026-05-17 05:59:16.965 [info] > git for-each-ref --sort -committerdate --format %(refname)%00%(objectname)%00%(*objectname) [1ms]
2026-05-17 05:59:50.898 [info] > git fetch [822ms]
2026-05-17 05:59:50.926 [info] > git for-each-ref --format=%(refname)%00%(upstream:short)%00%(objectname)%00%(upstream:track)%00%(upstream:remotename)%00%(upstream:remoteref) refs/heads/master refs/remotes/master [2ms]
2026-05-17 05:59:50.926 [info] > git config --get commit.template [14ms]
2026-05-17 05:59:50.953 [info] > git status -z -uall [15ms]
2026-05-17 05:59:50.954 [info] > git for-each-ref --sort -committerdate --format %(refname)%00%(objectname)%00%(*objectname) [2ms]
2026-05-17 05:59:51.994 [info] > git config --get commit.template [14ms]
2026-05-17 05:59:51.995 [info] > git for-each-ref --format=%(refname)%00%(upstream:short)%00%(objectname)%00%(upstream:track)%00%(upstream:remotename)%00%(upstream:remoteref) refs/heads/master refs/remotes/master [2ms]
2026-05-17 05:59:52.021 [info] > git status -z -uall [14ms]
2026-05-17 05:59:52.022 [info] > git for-each-ref --sort -committerdate --format %(refname)%00%(objectname)%00%(*objectname) [2ms]
2026-05-17 06:00:16.926 [info] > git config --get commit.template [2ms]
2026-05-17 06:00:16.939 [info] > git for-each-ref --format=%(refname)%00%(upstream:short)%00%(objectname)%00%(upstream:track)%00%(upstream:remotename)%00%(upstream:remoteref) refs/heads/master refs/remotes/master [1ms]
2026-05-17 06:00:16.965 [info] > git status -z -uall [13ms]
2026-05-17 06:00:16.966 [info] > git for-each-ref --sort -committerdate --format %(refname)%00%(objectname)%00%(*objectname) [2ms]
2026-05-17 06:00:21.996 [info] > git config --get commit.template [13ms]
2026-05-17 06:00:21.997 [info] > git for-each-ref --format=%(refname)%00%(upstream:short)%00%(objectname)%00%(upstream:track)%00%(upstream:remotename)%00%(upstream:remoteref) refs/heads/master refs/remotes/master [2ms]
2026-05-17 06:00:22.024 [info] > git status -z -uall [14ms]
2026-05-17 06:00:22.025 [info] > git for-each-ref --sort -committerdate --format %(refname)%00%(objectname)%00%(*objectname) [2ms]
2026-05-17 06:01:16.938 [info] > git config --get commit.template [13ms]
2026-05-17 06:01:16.939 [info] > git for-each-ref --format=%(refname)%00%(upstream:short)%00%(objectname)%00%(upstream:track)%00%(upstream:remotename)%00%(upstream:remoteref) refs/heads/master refs/remotes/master [1ms]
2026-05-17 06:01:16.964 [info] > git status -z -uall [13ms]
2026-05-17 06:01:16.965 [info] > git for-each-ref --sort -committerdate --format %(refname)%00%(objectname)%00%(*objectname) [1ms]
2026-05-17 06:01:25.630 [info] > git config --get commit.template [13ms]
2026-05-17 06:01:25.631 [info] > git for-each-ref --format=%(refname)%00%(upstream:short)%00%(objectname)%00%(upstream:track)%00%(upstream:remotename)%00%(upstream:remoteref) refs/heads/master refs/remotes/master [2ms]
2026-05-17 06:01:25.659 [info] > git status -z -uall [16ms]
2026-05-17 06:01:25.659 [info] > git for-each-ref --sort -committerdate --format %(refname)%00%(objectname)%00%(*objectname) [3ms]
2026-05-17 06:01:48.939 [info] > git config --get commit.template [14ms]
2026-05-17 06:01:48.939 [info] > git for-each-ref --format=%(refname)%00%(upstream:short)%00%(objectname)%00%(upstream:track)%00%(upstream:remotename)%00%(upstream:remoteref) refs/heads/master refs/remotes/master [1ms]
2026-05-17 06:01:48.967 [info] > git status -z -uall [15ms]
2026-05-17 06:01:48.967 [info] > git for-each-ref --sort -committerdate --format %(refname)%00%(objectname)%00%(*objectname) [2ms]
2026-05-17 06:02:16.937 [info] > git config --get commit.template [13ms]
2026-05-17 06:02:16.938 [info] > git for-each-ref --format=%(refname)%00%(upstream:short)%00%(objectname)%00%(upstream:track)%00%(upstream:remotename)%00%(upstream:remoteref) refs/heads/master refs/remotes/master [2ms]
2026-05-17 06:02:16.963 [info] > git status -z -uall [13ms]
2026-05-17 06:02:16.964 [info] > git for-each-ref --sort -committerdate --format %(refname)%00%(objectname)%00%(*objectname) [1ms]
2026-05-17 06:02:51.737 [info] > git fetch [766ms]
2026-05-17 06:02:51.756 [info] > git config --get commit.template [9ms]
2026-05-17 06:02:51.757 [info] > git for-each-ref --format=%(refname)%00%(upstream:short)%00%(objectname)%00%(upstream:track)%00%(upstream:remotename)%00%(upstream:remoteref) refs/heads/master refs/remotes/master [1ms]
2026-05-17 06:02:51.782 [info] > git status -z -uall [12ms]
2026-05-17 06:02:51.783 [info] > git for-each-ref --sort -committerdate --format %(refname)%00%(objectname)%00%(*objectname) [1ms]
2026-05-17 06:02:52.834 [info] > git config --get commit.template [13ms]
2026-05-17 06:02:52.835 [info] > git for-each-ref --format=%(refname)%00%(upstream:short)%00%(objectname)%00%(upstream:track)%00%(upstream:remotename)%00%(upstream:remoteref) refs/heads/master refs/remotes/master [2ms]
2026-05-17 06:02:52.862 [info] > git status -z -uall [15ms]
2026-05-17 06:02:52.862 [info] > git for-each-ref --sort -committerdate --format %(refname)%00%(objectname)%00%(*objectname) [2ms]
2026-05-17 06:03:16.937 [info] > git config --get commit.template [13ms]
2026-05-17 06:03:16.938 [info] > git for-each-ref --format=%(refname)%00%(upstream:short)%00%(objectname)%00%(upstream:track)%00%(upstream:remotename)%00%(upstream:remoteref) refs/heads/master refs/remotes/master [2ms]
2026-05-17 06:03:16.964 [info] > git status -z -uall [14ms]
2026-05-17 06:03:16.965 [info] > git for-each-ref --sort -committerdate --format %(refname)%00%(objectname)%00%(*objectname) [2ms]
2026-05-17 06:03:21.997 [info] > git config --get commit.template [14ms]
2026-05-17 06:03:21.997 [info] > git for-each-ref --format=%(refname)%00%(upstream:short)%00%(objectname)%00%(upstream:track)%00%(upstream:remotename)%00%(upstream:remoteref) refs/heads/master refs/remotes/master [2ms]
2026-05-17 06:03:22.022 [info] > git status -z -uall [14ms]
2026-05-17 06:03:22.023 [info] > git for-each-ref --sort -committerdate --format %(refname)%00%(objectname)%00%(*objectname) [2ms]
2026-05-17 06:04:00.392 [info] > git config --get commit.template [14ms]
2026-05-17 06:04:00.392 [info] > git for-each-ref --format=%(refname)%00%(upstream:short)%00%(objectname)%00%(upstream:track)%00%(upstream:remotename)%00%(upstream:remoteref) refs/heads/master refs/remotes/master [1ms]
2026-05-17 06:04:00.412 [info] > git status -z -uall [9ms]
2026-05-17 06:04:00.413 [info] > git for-each-ref --sort -committerdate --format %(refname)%00%(objectname)%00%(*objectname) [1ms]
2026-05-17 06:04:05.444 [info] > git config --get commit.template [13ms]
2026-05-17 06:04:05.444 [info] > git for-each-ref --format=%(refname)%00%(upstream:short)%00%(objectname)%00%(upstream:track)%00%(upstream:remotename)%00%(upstream:remoteref) refs/heads/master refs/remotes/master [1ms]
2026-05-17 06:04:05.471 [info] > git status -z -uall [13ms]
2026-05-17 06:04:05.473 [info] > git for-each-ref --sort -committerdate --format %(refname)%00%(objectname)%00%(*objectname) [2ms]
2026-05-17 06:04:16.927 [info] > git config --get commit.template [2ms]
2026-05-17 06:04:16.940 [info] > git for-each-ref --format=%(refname)%00%(upstream:short)%00%(objectname)%00%(upstream:track)%00%(upstream:remotename)%00%(upstream:remoteref) refs/heads/master refs/remotes/master [1ms]
2026-05-17 06:04:16.960 [info] > git status -z -uall [10ms]
2026-05-17 06:04:16.960 [info] > git for-each-ref --sort -committerdate --format %(refname)%00%(objectname)%00%(*objectname) [1ms]
2026-05-17 06:04:26.476 [info] > git config --get commit.template [13ms]
2026-05-17 06:04:26.477 [info] > git for-each-ref --format=%(refname)%00%(upstream:short)%00%(objectname)%00%(upstream:track)%00%(upstream:remotename)%00%(upstream:remoteref) refs/heads/master refs/remotes/master [2ms]
2026-05-17 06:04:26.504 [info] > git status -z -uall [14ms]
2026-05-17 06:04:26.505 [info] > git for-each-ref --sort -committerdate --format %(refname)%00%(objectname)%00%(*objectname) [2ms]
2026-05-17 06:04:44.989 [info] > git config --get commit.template [13ms]
2026-05-17 06:04:44.990 [info] > git for-each-ref --format=%(refname)%00%(upstream:short)%00%(objectname)%00%(upstream:track)%00%(upstream:remotename)%00%(upstream:remoteref) refs/heads/master refs/remotes/master [2ms]
2026-05-17 06:04:45.016 [info] > git status -z -uall [14ms]
2026-05-17 06:04:45.016 [info] > git for-each-ref --sort -committerdate --format %(refname)%00%(objectname)%00%(*objectname) [2ms]
2026-05-17 06:04:50.049 [info] > git config --get commit.template [14ms]
2026-05-17 06:04:50.049 [info] > git for-each-ref --format=%(refname)%00%(upstream:short)%00%(objectname)%00%(upstream:track)%00%(upstream:remotename)%00%(upstream:remoteref) refs/heads/master refs/remotes/master [1ms]
2026-05-17 06:04:50.075 [info] > git status -z -uall [13ms]
2026-05-17 06:04:50.076 [info] > git for-each-ref --sort -committerdate --format %(refname)%00%(objectname)%00%(*objectname) [1ms]
2026-05-17 06:04:55.103 [info] > git config --get commit.template [11ms]
2026-05-17 06:04:55.104 [info] > git for-each-ref --format=%(refname)%00%(upstream:short)%00%(objectname)%00%(upstream:track)%00%(upstream:remotename)%00%(upstream:remoteref) refs/heads/master refs/remotes/master [2ms]
2026-05-17 06:04:55.126 [info] > git status -z -uall [11ms]
2026-05-17 06:04:55.127 [info] > git for-each-ref --sort -committerdate --format %(refname)%00%(objectname)%00%(*objectname) [2ms]
2026-05-17 06:05:04.944 [info] > git check-ignore -v -z --stdin [2ms]
2026-05-17 06:05:05.057 [info] > git check-ignore -v -z --stdin [1ms]
2026-05-17 06:05:05.205 [info] > git show --textconv :workflow.md [12ms]
2026-05-17 06:05:05.206 [info] > git ls-files --stage -- workflow.md [1ms]
2026-05-17 06:05:05.219 [info] > git cat-file -s a1e519a47f2723edc18b50b22c4acf12a482e95e [3ms]
2026-05-17 06:05:07.453 [info] > git check-ignore -v -z --stdin [2ms]
2026-05-17 06:05:07.533 [info] > git check-ignore -v -z --stdin [2ms]
2026-05-17 06:05:07.672 [info] > git show --textconv :README.md [11ms]
2026-05-17 06:05:07.675 [info] > git ls-files --stage -- README.md [3ms]
2026-05-17 06:05:07.686 [info] > git cat-file -s 4be23800c8fe98306b04e61fc758ae78617aa7de [2ms]
2026-05-17 06:05:12.447 [info] > git check-ignore -v -z --stdin [2ms]
2026-05-17 06:05:16.942 [info] > git config --get commit.template [14ms]
2026-05-17 06:05:16.943 [info] > git for-each-ref --format=%(refname)%00%(upstream:short)%00%(objectname)%00%(upstream:track)%00%(upstream:remotename)%00%(upstream:remoteref) refs/heads/master refs/remotes/master [2ms]
2026-05-17 06:05:16.969 [info] > git status -z -uall [14ms]
2026-05-17 06:05:16.970 [info] > git for-each-ref --sort -committerdate --format %(refname)%00%(objectname)%00%(*objectname) [2ms]
2026-05-17 06:05:18.331 [info] > git check-ignore -v -z --stdin [1ms]
2026-05-17 06:05:18.629 [info] > git check-ignore -v -z --stdin [2ms]
2026-05-17 06:05:18.695 [info] > git check-ignore -v -z --stdin [31ms]
2026-05-17 06:05:18.827 [info] > git show --textconv :memory/shared/context.md [15ms]
2026-05-17 06:05:18.827 [warning] [GitFileSystemProvider][readFile] File not found - git:/home/dev/AI_Workflow/memory/shared/context.md.git?%7B%22path%22%3A%22%2Fhome%2Fdev%2FAI_Workflow%2Fmemory%2Fshared%2Fcontext.md%22%2C%22ref%22%3A%22%22%7D
2026-05-17 06:05:18.828 [info] > git ls-files --stage -- memory/shared/context.md [2ms]
2026-05-17 06:05:18.829 [warning] [GitFileSystemProvider][stat] File not found - git:/home/dev/AI_Workflow/memory/shared/context.md.git?%7B%22path%22%3A%22%2Fhome%2Fdev%2FAI_Workflow%2Fmemory%2Fshared%2Fcontext.md%22%2C%22ref%22%3A%22%22%7D
2026-05-17 06:05:52.539 [info] > git fetch [740ms]
2026-05-17 06:05:52.568 [info] > git config --get commit.template [15ms]
2026-05-17 06:05:52.568 [info] > git for-each-ref --format=%(refname)%00%(upstream:short)%00%(objectname)%00%(upstream:track)%00%(upstream:remotename)%00%(upstream:remoteref) refs/heads/master refs/remotes/master [1ms]
2026-05-17 06:05:52.596 [info] > git status -z -uall [14ms]
2026-05-17 06:05:52.597 [info] > git for-each-ref --sort -committerdate --format %(refname)%00%(objectname)%00%(*objectname) [2ms]
2026-05-17 06:05:53.634 [info] > git config --get commit.template [13ms]
2026-05-17 06:05:53.635 [info] > git for-each-ref --format=%(refname)%00%(upstream:short)%00%(objectname)%00%(upstream:track)%00%(upstream:remotename)%00%(upstream:remoteref) refs/heads/master refs/remotes/master [2ms]
2026-05-17 06:05:53.662 [info] > git status -z -uall [14ms]
2026-05-17 06:05:53.663 [info] > git for-each-ref --sort -committerdate --format %(refname)%00%(objectname)%00%(*objectname) [2ms]
2026-05-17 06:06:16.929 [info] > git config --get commit.template [2ms]
2026-05-17 06:06:16.943 [info] > git for-each-ref --format=%(refname)%00%(upstream:short)%00%(objectname)%00%(upstream:track)%00%(upstream:remotename)%00%(upstream:remoteref) refs/heads/master refs/remotes/master [1ms]
2026-05-17 06:06:16.968 [info] > git status -z -uall [13ms]
2026-05-17 06:06:16.969 [info] > git for-each-ref --sort -committerdate --format %(refname)%00%(objectname)%00%(*objectname) [1ms]
2026-05-17 06:06:21.999 [info] > git config --get commit.template [14ms]
2026-05-17 06:06:21.999 [info] > git for-each-ref --format=%(refname)%00%(upstream:short)%00%(objectname)%00%(upstream:track)%00%(upstream:remotename)%00%(upstream:remoteref) refs/heads/master refs/remotes/master [1ms]
2026-05-17 06:06:22.026 [info] > git status -z -uall [14ms]
2026-05-17 06:06:22.028 [info] > git for-each-ref --sort -committerdate --format %(refname)%00%(objectname)%00%(*objectname) [3ms]
2026-05-17 06:07:16.942 [info] > git config --get commit.template [14ms]
2026-05-17 06:07:16.942 [info] > git for-each-ref --format=%(refname)%00%(upstream:short)%00%(objectname)%00%(upstream:track)%00%(upstream:remotename)%00%(upstream:remoteref) refs/heads/master refs/remotes/master [1ms]
2026-05-17 06:07:16.968 [info] > git status -z -uall [13ms]
2026-05-17 06:07:16.969 [info] > git for-each-ref --sort -committerdate --format %(refname)%00%(objectname)%00%(*objectname) [1ms]
2026-05-17 06:07:48.941 [info] > git config --get commit.template [13ms]
2026-05-17 06:07:48.942 [info] > git for-each-ref --format=%(refname)%00%(upstream:short)%00%(objectname)%00%(upstream:track)%00%(upstream:remotename)%00%(upstream:remoteref) refs/heads/master refs/remotes/master [1ms]
2026-05-17 06:07:48.967 [info] > git status -z -uall [13ms]
2026-05-17 06:07:48.968 [info] > git for-each-ref --sort -committerdate --format %(refname)%00%(objectname)%00%(*objectname) [2ms]
2026-05-17 06:08:16.941 [info] > git config --get commit.template [13ms]
2026-05-17 06:08:16.941 [info] > git for-each-ref --format=%(refname)%00%(upstream:short)%00%(objectname)%00%(upstream:track)%00%(upstream:remotename)%00%(upstream:remoteref) refs/heads/master refs/remotes/master [1ms]
2026-05-17 06:08:16.967 [info] > git status -z -uall [13ms]
2026-05-17 06:08:16.968 [info] > git for-each-ref --sort -committerdate --format %(refname)%00%(objectname)%00%(*objectname) [2ms]
2026-05-17 06:08:53.398 [info] > git fetch [785ms]
2026-05-17 06:08:53.424 [info] > git config --get commit.template [13ms]
2026-05-17 06:08:53.425 [info] > git for-each-ref --format=%(refname)%00%(upstream:short)%00%(objectname)%00%(upstream:track)%00%(upstream:remotename)%00%(upstream:remoteref) refs/heads/master refs/remotes/master [2ms]
2026-05-17 06:08:53.449 [info] > git status -z -uall [12ms]
2026-05-17 06:08:53.450 [info] > git for-each-ref --sort -committerdate --format %(refname)%00%(objectname)%00%(*objectname) [1ms]
2026-05-17 06:08:54.492 [info] > git config --get commit.template [12ms]
2026-05-17 06:08:54.493 [info] > git for-each-ref --format=%(refname)%00%(upstream:short)%00%(objectname)%00%(upstream:track)%00%(upstream:remotename)%00%(upstream:remoteref) refs/heads/master refs/remotes/master [1ms]
2026-05-17 06:08:54.518 [info] > git status -z -uall [12ms]
2026-05-17 06:08:54.519 [info] > git for-each-ref --sort -committerdate --format %(refname)%00%(objectname)%00%(*objectname) [1ms]
2026-05-17 06:09:16.941 [info] > git config --get commit.template [13ms]
2026-05-17 06:09:16.942 [info] > git for-each-ref --format=%(refname)%00%(upstream:short)%00%(objectname)%00%(upstream:track)%00%(upstream:remotename)%00%(upstream:remoteref) refs/heads/master refs/remotes/master [1ms]
2026-05-17 06:09:16.967 [info] > git status -z -uall [13ms]
2026-05-17 06:09:16.967 [info] > git for-each-ref --sort -committerdate --format %(refname)%00%(objectname)%00%(*objectname) [1ms]
2026-05-17 06:09:21.997 [info] > git config --get commit.template [13ms]
2026-05-17 06:09:21.998 [info] > git for-each-ref --format=%(refname)%00%(upstream:short)%00%(objectname)%00%(upstream:track)%00%(upstream:remotename)%00%(upstream:remoteref) refs/heads/master refs/remotes/master [1ms]
2026-05-17 06:09:22.023 [info] > git status -z -uall [12ms]
2026-05-17 06:09:22.024 [info] > git for-each-ref --sort -committerdate --format %(refname)%00%(objectname)%00%(*objectname) [1ms]
2026-05-17 06:10:16.942 [info] > git config --get commit.template [14ms]
2026-05-17 06:10:16.943 [info] > git for-each-ref --format=%(refname)%00%(upstream:short)%00%(objectname)%00%(upstream:track)%00%(upstream:remotename)%00%(upstream:remoteref) refs/heads/master refs/remotes/master [2ms]
2026-05-17 06:10:16.968 [info] > git status -z -uall [13ms]
2026-05-17 06:10:16.969 [info] > git for-each-ref --sort -committerdate --format %(refname)%00%(objectname)%00%(*objectname) [2ms]
2026-05-17 06:10:48.929 [info] > git config --get commit.template [2ms]
2026-05-17 06:10:48.943 [info] > git for-each-ref --format=%(refname)%00%(upstream:short)%00%(objectname)%00%(upstream:track)%00%(upstream:remotename)%00%(upstream:remoteref) refs/heads/master refs/remotes/master [2ms]
2026-05-17 06:10:48.969 [info] > git status -z -uall [12ms]
2026-05-17 06:10:48.970 [info] > git for-each-ref --sort -committerdate --format %(refname)%00%(objectname)%00%(*objectname) [2ms]
2026-05-17 06:11:16.941 [info] > git config --get commit.template [13ms]
2026-05-17 06:11:16.941 [info] > git for-each-ref --format=%(refname)%00%(upstream:short)%00%(objectname)%00%(upstream:track)%00%(upstream:remotename)%00%(upstream:remoteref) refs/heads/master refs/remotes/master [1ms]
2026-05-17 06:11:16.967 [info] > git status -z -uall [13ms]
2026-05-17 06:11:16.968 [info] > git for-each-ref --sort -committerdate --format %(refname)%00%(objectname)%00%(*objectname) [2ms]
2026-05-17 06:11:54.214 [info] > git fetch [749ms]
2026-05-17 06:11:54.240 [info] > git config --get commit.template [14ms]
2026-05-17 06:11:54.240 [info] > git for-each-ref --format=%(refname)%00%(upstream:short)%00%(objectname)%00%(upstream:track)%00%(upstream:remotename)%00%(upstream:remoteref) refs/heads/master refs/remotes/master [1ms]
2026-05-17 06:11:54.265 [info] > git status -z -uall [12ms]
2026-05-17 06:11:54.266 [info] > git for-each-ref --sort -committerdate --format %(refname)%00%(objectname)%00%(*objectname) [1ms]
2026-05-17 06:11:55.308 [info] > git config --get commit.template [13ms]
2026-05-17 06:11:55.309 [info] > git for-each-ref --format=%(refname)%00%(upstream:short)%00%(objectname)%00%(upstream:track)%00%(upstream:remotename)%00%(upstream:remoteref) refs/heads/master refs/remotes/master [2ms]
2026-05-17 06:11:55.335 [info] > git status -z -uall [13ms]
2026-05-17 06:11:55.335 [info] > git for-each-ref --sort -committerdate --format %(refname)%00%(objectname)%00%(*objectname) [2ms]
2026-05-17 06:12:16.942 [info] > git config --get commit.template [13ms]
2026-05-17 06:12:16.942 [info] > git for-each-ref --format=%(refname)%00%(upstream:short)%00%(objectname)%00%(upstream:track)%00%(upstream:remotename)%00%(upstream:remoteref) refs/heads/master refs/remotes/master [1ms]
2026-05-17 06:12:16.969 [info] > git status -z -uall [14ms]
2026-05-17 06:12:16.969 [info] > git for-each-ref --sort -committerdate --format %(refname)%00%(objectname)%00%(*objectname) [2ms]
2026-05-17 06:12:21.998 [info] > git config --get commit.template [13ms]
2026-05-17 06:12:21.999 [info] > git for-each-ref --format=%(refname)%00%(upstream:short)%00%(objectname)%00%(upstream:track)%00%(upstream:remotename)%00%(upstream:remoteref) refs/heads/master refs/remotes/master [2ms]
2026-05-17 06:12:22.024 [info] > git status -z -uall [13ms]
2026-05-17 06:12:22.025 [info] > git for-each-ref --sort -committerdate --format %(refname)%00%(objectname)%00%(*objectname) [2ms]
2026-05-17 06:13:16.941 [info] > git config --get commit.template [12ms]
2026-05-17 06:13:16.942 [info] > git for-each-ref --format=%(refname)%00%(upstream:short)%00%(objectname)%00%(upstream:track)%00%(upstream:remotename)%00%(upstream:remoteref) refs/heads/master refs/remotes/master [1ms]
2026-05-17 06:13:16.968 [info] > git status -z -uall [13ms]
2026-05-17 06:13:16.969 [info] > git for-each-ref --sort -committerdate --format %(refname)%00%(objectname)%00%(*objectname) [2ms]
2026-05-17 06:13:48.928 [info] > git config --get commit.template [1ms]
2026-05-17 06:13:48.942 [info] > git for-each-ref --format=%(refname)%00%(upstream:short)%00%(objectname)%00%(upstream:track)%00%(upstream:remotename)%00%(upstream:remoteref) refs/heads/master refs/remotes/master [2ms]
2026-05-17 06:13:48.966 [info] > git status -z -uall [12ms]
2026-05-17 06:13:48.967 [info] > git for-each-ref --sort -committerdate --format %(refname)%00%(objectname)%00%(*objectname) [1ms]
2026-05-17 06:14:16.942 [info] > git config --get commit.template [14ms]
2026-05-17 06:14:16.942 [info] > git for-each-ref --format=%(refname)%00%(upstream:short)%00%(objectname)%00%(upstream:track)%00%(upstream:remotename)%00%(upstream:remoteref) refs/heads/master refs/remotes/master [1ms]
2026-05-17 06:14:16.967 [info] > git status -z -uall [13ms]
2026-05-17 06:14:16.967 [info] > git for-each-ref --sort -committerdate --format %(refname)%00%(objectname)%00%(*objectname) [1ms]
2026-05-17 06:14:55.037 [info] > git fetch [756ms]
2026-05-17 06:14:55.064 [info] > git config --get commit.template [13ms]
2026-05-17 06:14:55.064 [info] > git for-each-ref --format=%(refname)%00%(upstream:short)%00%(objectname)%00%(upstream:track)%00%(upstream:remotename)%00%(upstream:remoteref) refs/heads/master refs/remotes/master [1ms]
2026-05-17 06:14:55.089 [info] > git status -z -uall [13ms]
2026-05-17 06:14:55.090 [info] > git for-each-ref --sort -committerdate --format %(refname)%00%(objectname)%00%(*objectname) [2ms]
2026-05-17 06:14:56.134 [info] > git config --get commit.template [13ms]
2026-05-17 06:14:56.134 [info] > git for-each-ref --format=%(refname)%00%(upstream:short)%00%(objectname)%00%(upstream:track)%00%(upstream:remotename)%00%(upstream:remoteref) refs/heads/master refs/remotes/master [1ms]
2026-05-17 06:14:56.160 [info] > git status -z -uall [13ms]
2026-05-17 06:14:56.161 [info] > git for-each-ref --sort -committerdate --format %(refname)%00%(objectname)%00%(*objectname) [2ms]
2026-05-17 06:15:16.942 [info] > git config --get commit.template [14ms]
2026-05-17 06:15:16.942 [info] > git for-each-ref --format=%(refname)%00%(upstream:short)%00%(objectname)%00%(upstream:track)%00%(upstream:remotename)%00%(upstream:remoteref) refs/heads/master refs/remotes/master [1ms]
2026-05-17 06:15:16.968 [info] > git status -z -uall [13ms]
2026-05-17 06:15:16.969 [info] > git for-each-ref --sort -committerdate --format %(refname)%00%(objectname)%00%(*objectname) [2ms]
2026-05-17 06:15:21.998 [info] > git config --get commit.template [13ms]
2026-05-17 06:15:21.999 [info] > git for-each-ref --format=%(refname)%00%(upstream:short)%00%(objectname)%00%(upstream:track)%00%(upstream:remotename)%00%(upstream:remoteref) refs/heads/master refs/remotes/master [2ms]
2026-05-17 06:15:22.024 [info] > git status -z -uall [14ms]
2026-05-17 06:15:22.025 [info] > git for-each-ref --sort -committerdate --format %(refname)%00%(objectname)%00%(*objectname) [2ms]
2026-05-17 06:15:23.247 [info] > git check-ignore -v -z --stdin [1ms]
2026-05-17 06:15:23.601 [info] > git check-ignore -v -z --stdin [16ms]
2026-05-17 06:15:23.675 [info] > git check-ignore -v -z --stdin [30ms]
2026-05-17 06:15:23.772 [info] > git show --textconv :memory/prompts/_template.md [10ms]
2026-05-17 06:15:23.772 [warning] [GitFileSystemProvider][readFile] File not found - git:/home/dev/AI_Workflow/memory/prompts/_template.md.git?%7B%22path%22%3A%22%2Fhome%2Fdev%2FAI_Workflow%2Fmemory%2Fprompts%2F_template.md%22%2C%22ref%22%3A%22%22%7D
2026-05-17 06:15:23.773 [info] > git ls-files --stage -- memory/prompts/_template.md [1ms]
2026-05-17 06:15:23.773 [warning] [GitFileSystemProvider][stat] File not found - git:/home/dev/AI_Workflow/memory/prompts/_template.md.git?%7B%22path%22%3A%22%2Fhome%2Fdev%2FAI_Workflow%2Fmemory%2Fprompts%2F_template.md%22%2C%22ref%22%3A%22%22%7D
2026-05-17 06:15:25.368 [info] > git check-ignore -v -z --stdin [1ms]
2026-05-17 06:15:25.402 [info] > git check-ignore -v -z --stdin [4ms]
2026-05-17 06:15:25.565 [info] > git show --textconv :memory/prompts/index.md [13ms]
2026-05-17 06:15:25.565 [warning] [GitFileSystemProvider][readFile] File not found - git:/home/dev/AI_Workflow/memory/prompts/index.md.git?%7B%22path%22%3A%22%2Fhome%2Fdev%2FAI_Workflow%2Fmemory%2Fprompts%2Findex.md%22%2C%22ref%22%3A%22%22%7D
2026-05-17 06:15:25.566 [info] > git ls-files --stage -- memory/prompts/index.md [2ms]
2026-05-17 06:15:25.566 [warning] [GitFileSystemProvider][stat] File not found - git:/home/dev/AI_Workflow/memory/prompts/index.md.git?%7B%22path%22%3A%22%2Fhome%2Fdev%2FAI_Workflow%2Fmemory%2Fprompts%2Findex.md%22%2C%22ref%22%3A%22%22%7D
2026-05-17 06:15:27.014 [info] > git check-ignore -v -z --stdin [17ms]
2026-05-17 06:15:27.036 [info] > git check-ignore -v -z --stdin [3ms]
2026-05-17 06:15:27.208 [info] > git show --textconv :memory/prompts/_template.md [13ms]
2026-05-17 06:15:27.208 [warning] [GitFileSystemProvider][readFile] File not found - git:/home/dev/AI_Workflow/memory/prompts/_template.md.git?%7B%22path%22%3A%22%2Fhome%2Fdev%2FAI_Workflow%2Fmemory%2Fprompts%2F_template.md%22%2C%22ref%22%3A%22%22%7D
2026-05-17 06:15:27.209 [info] > git ls-files --stage -- memory/prompts/_template.md [2ms]
2026-05-17 06:15:27.209 [warning] [GitFileSystemProvider][stat] File not found - git:/home/dev/AI_Workflow/memory/prompts/_template.md.git?%7B%22path%22%3A%22%2Fhome%2Fdev%2FAI_Workflow%2Fmemory%2Fprompts%2F_template.md%22%2C%22ref%22%3A%22%22%7D
2026-05-17 06:15:30.259 [info] > git check-ignore -v -z --stdin [2ms]
2026-05-17 06:15:30.970 [info] > git check-ignore -v -z --stdin [1ms]
2026-05-17 06:15:31.273 [info] > git check-ignore -v -z --stdin [3ms]
2026-05-17 06:15:31.337 [info] > git check-ignore -v -z --stdin [31ms]
2026-05-17 06:15:31.467 [info] > git show --textconv :memory/projects/project-gemini/ledger.md [13ms]
2026-05-17 06:15:31.468 [warning] [GitFileSystemProvider][readFile] File not found - git:/home/dev/AI_Workflow/memory/projects/project-gemini/ledger.md.git?%7B%22path%22%3A%22%2Fhome%2Fdev%2FAI_Workflow%2Fmemory%2Fprojects%2Fproject-gemini%2Fledger.md%22%2C%22ref%22%3A%22%22%7D
2026-05-17 06:15:31.469 [info] > git ls-files --stage -- memory/projects/project-gemini/ledger.md [2ms]
2026-05-17 06:15:31.469 [warning] [GitFileSystemProvider][stat] File not found - git:/home/dev/AI_Workflow/memory/projects/project-gemini/ledger.md.git?%7B%22path%22%3A%22%2Fhome%2Fdev%2FAI_Workflow%2Fmemory%2Fprojects%2Fproject-gemini%2Fledger.md%22%2C%22ref%22%3A%22%22%7D
2026-05-17 06:15:33.088 [info] > git check-ignore -v -z --stdin [1ms]
2026-05-17 06:15:33.255 [info] > git check-ignore -v -z --stdin [2ms]
2026-05-17 06:15:33.326 [info] > git check-ignore -v -z --stdin [39ms]
2026-05-17 06:15:33.450 [info] > git show --textconv :memory/projects/project-gpt/ledger.md [14ms]
2026-05-17 06:15:33.451 [warning] [GitFileSystemProvider][readFile] File not found - git:/home/dev/AI_Workflow/memory/projects/project-gpt/ledger.md.git?%7B%22path%22%3A%22%2Fhome%2Fdev%2FAI_Workflow%2Fmemory%2Fprojects%2Fproject-gpt%2Fledger.md%22%2C%22ref%22%3A%22%22%7D
2026-05-17 06:15:33.451 [info] > git ls-files --stage -- memory/projects/project-gpt/ledger.md [1ms]
2026-05-17 06:15:33.452 [warning] [GitFileSystemProvider][stat] File not found - git:/home/dev/AI_Workflow/memory/projects/project-gpt/ledger.md.git?%7B%22path%22%3A%22%2Fhome%2Fdev%2FAI_Workflow%2Fmemory%2Fprojects%2Fproject-gpt%2Fledger.md%22%2C%22ref%22%3A%22%22%7D
2026-05-17 06:15:34.634 [info] > git check-ignore -v -z --stdin [1ms]
2026-05-17 06:15:34.759 [info] > git check-ignore -v -z --stdin [2ms]
2026-05-17 06:15:34.819 [info] > git check-ignore -v -z --stdin [29ms]
2026-05-17 06:15:34.957 [info] > git show --textconv :memory/projects/Tradingview/ledger.md [13ms]
2026-05-17 06:15:34.957 [warning] [GitFileSystemProvider][readFile] File not found - git:/home/dev/AI_Workflow/memory/projects/Tradingview/ledger.md.git?%7B%22path%22%3A%22%2Fhome%2Fdev%2FAI_Workflow%2Fmemory%2Fprojects%2FTradingview%2Fledger.md%22%2C%22ref%22%3A%22%22%7D
2026-05-17 06:15:34.958 [info] > git ls-files --stage -- memory/projects/Tradingview/ledger.md [2ms]
2026-05-17 06:15:34.958 [warning] [GitFileSystemProvider][stat] File not found - git:/home/dev/AI_Workflow/memory/projects/Tradingview/ledger.md.git?%7B%22path%22%3A%22%2Fhome%2Fdev%2FAI_Workflow%2Fmemory%2Fprojects%2FTradingview%2Fledger.md%22%2C%22ref%22%3A%22%22%7D
2026-05-17 06:15:36.136 [info] > git check-ignore -v -z --stdin [2ms]
2026-05-17 06:15:36.181 [info] > git check-ignore -v -z --stdin [17ms]
2026-05-17 06:15:36.328 [info] > git show --textconv :memory/projects/_template.md [13ms]
2026-05-17 06:15:36.329 [warning] [GitFileSystemProvider][readFile] File not found - git:/home/dev/AI_Workflow/memory/projects/_template.md.git?%7B%22path%22%3A%22%2Fhome%2Fdev%2FAI_Workflow%2Fmemory%2Fprojects%2F_template.md%22%2C%22ref%22%3A%22%22%7D
2026-05-17 06:15:36.329 [info] > git ls-files --stage -- memory/projects/_template.md [1ms]
2026-05-17 06:15:36.329 [warning] [GitFileSystemProvider][stat] File not found - git:/home/dev/AI_Workflow/memory/projects/_template.md.git?%7B%22path%22%3A%22%2Fhome%2Fdev%2FAI_Workflow%2Fmemory%2Fprojects%2F_template.md%22%2C%22ref%22%3A%22%22%7D
2026-05-17 06:15:36.861 [info] > git check-ignore -v -z --stdin [2ms]
2026-05-17 06:15:36.914 [info] > git check-ignore -v -z --stdin [17ms]
2026-05-17 06:15:37.058 [info] > git show --textconv :memory/projects/index.md [14ms]
2026-05-17 06:15:37.059 [warning] [GitFileSystemProvider][readFile] File not found - git:/home/dev/AI_Workflow/memory/projects/index.md.git?%7B%22path%22%3A%22%2Fhome%2Fdev%2FAI_Workflow%2Fmemory%2Fprojects%2Findex.md%22%2C%22ref%22%3A%22%22%7D
2026-05-17 06:15:37.059 [info] > git ls-files --stage -- memory/projects/index.md [1ms]
2026-05-17 06:15:37.060 [warning] [GitFileSystemProvider][stat] File not found - git:/home/dev/AI_Workflow/memory/projects/index.md.git?%7B%22path%22%3A%22%2Fhome%2Fdev%2FAI_Workflow%2Fmemory%2Fprojects%2Findex.md%22%2C%22ref%22%3A%22%22%7D
2026-05-17 06:15:43.135 [info] > git check-ignore -v -z --stdin [1ms]
2026-05-17 06:15:43.677 [info] > git check-ignore -v -z --stdin [1ms]
2026-05-17 06:15:43.708 [info] > git check-ignore -v -z --stdin [2ms]
2026-05-17 06:15:43.871 [info] > git show --textconv :memory/opencode-developer/events.md [14ms]
2026-05-17 06:15:43.871 [warning] [GitFileSystemProvider][readFile] File not found - git:/home/dev/AI_Workflow/memory/opencode-developer/events.md.git?%7B%22path%22%3A%22%2Fhome%2Fdev%2FAI_Workflow%2Fmemory%2Fopencode-developer%2Fevents.md%22%2C%22ref%22%3A%22%22%7D
2026-05-17 06:15:43.872 [info] > git ls-files --stage -- memory/opencode-developer/events.md [2ms]
2026-05-17 06:15:43.872 [warning] [GitFileSystemProvider][stat] File not found - git:/home/dev/AI_Workflow/memory/opencode-developer/events.md.git?%7B%22path%22%3A%22%2Fhome%2Fdev%2FAI_Workflow%2Fmemory%2Fopencode-developer%2Fevents.md%22%2C%22ref%22%3A%22%22%7D
2026-05-17 06:15:48.743 [info] > git check-ignore -v -z --stdin [1ms]
2026-05-17 06:15:50.227 [info] > git check-ignore -v -z --stdin [2ms]
2026-05-17 06:15:50.258 [info] > git check-ignore -v -z --stdin [2ms]
2026-05-17 06:15:50.420 [info] > git show --textconv :memory/opencode/events.md [14ms]
2026-05-17 06:15:50.421 [warning] [GitFileSystemProvider][readFile] File not found - git:/home/dev/AI_Workflow/memory/opencode/events.md.git?%7B%22path%22%3A%22%2Fhome%2Fdev%2FAI_Workflow%2Fmemory%2Fopencode%2Fevents.md%22%2C%22ref%22%3A%22%22%7D
2026-05-17 06:15:50.422 [info] > git ls-files --stage -- memory/opencode/events.md [3ms]
2026-05-17 06:15:50.422 [warning] [GitFileSystemProvider][stat] File not found - git:/home/dev/AI_Workflow/memory/opencode/events.md.git?%7B%22path%22%3A%22%2Fhome%2Fdev%2FAI_Workflow%2Fmemory%2Fopencode%2Fevents.md%22%2C%22ref%22%3A%22%22%7D
2026-05-17 06:15:54.574 [info] > git check-ignore -v -z --stdin [1ms]
2026-05-17 06:15:55.429 [info] > git check-ignore -v -z --stdin [1ms]
2026-05-17 06:15:55.675 [info] > git check-ignore -v -z --stdin [13ms]
2026-05-17 06:15:55.698 [info] > git check-ignore -v -z --stdin [12ms]
2026-05-17 06:15:55.854 [info] > git show --textconv :memory/openclaw/events.md [13ms]
2026-05-17 06:15:55.854 [warning] [GitFileSystemProvider][readFile] File not found - git:/home/dev/AI_Workflow/memory/openclaw/events.md.git?%7B%22path%22%3A%22%2Fhome%2Fdev%2FAI_Workflow%2Fmemory%2Fopenclaw%2Fevents.md%22%2C%22ref%22%3A%22%22%7D
2026-05-17 06:15:55.855 [info] > git ls-files --stage -- memory/openclaw/events.md [2ms]
2026-05-17 06:15:55.855 [warning] [GitFileSystemProvider][stat] File not found - git:/home/dev/AI_Workflow/memory/openclaw/events.md.git?%7B%22path%22%3A%22%2Fhome%2Fdev%2FAI_Workflow%2Fmemory%2Fopenclaw%2Fevents.md%22%2C%22ref%22%3A%22%22%7D
2026-05-17 06:15:57.955 [info] > git check-ignore -v -z --stdin [1ms]
2026-05-17 06:15:58.134 [info] > git check-ignore -v -z --stdin [1ms]
2026-05-17 06:15:58.168 [info] > git check-ignore -v -z --stdin [4ms]
2026-05-17 06:15:58.330 [info] > git show --textconv :memory/ollama/events.md [14ms]
2026-05-17 06:15:58.330 [warning] [GitFileSystemProvider][readFile] File not found - git:/home/dev/AI_Workflow/memory/ollama/events.md.git?%7B%22path%22%3A%22%2Fhome%2Fdev%2FAI_Workflow%2Fmemory%2Follama%2Fevents.md%22%2C%22ref%22%3A%22%22%7D
2026-05-17 06:15:58.331 [info] > git ls-files --stage -- memory/ollama/events.md [2ms]
2026-05-17 06:15:58.332 [warning] [GitFileSystemProvider][stat] File not found - git:/home/dev/AI_Workflow/memory/ollama/events.md.git?%7B%22path%22%3A%22%2Fhome%2Fdev%2FAI_Workflow%2Fmemory%2Follama%2Fevents.md%22%2C%22ref%22%3A%22%22%7D
2026-05-17 06:15:59.821 [info] > git check-ignore -v -z --stdin [1ms]
2026-05-17 06:16:01.193 [info] > git check-ignore -v -z --stdin [1ms]
2026-05-17 06:16:01.225 [info] > git check-ignore -v -z --stdin [3ms]
2026-05-17 06:16:01.386 [info] > git show --textconv :memory/inbox/claude.md [13ms]
2026-05-17 06:16:01.387 [warning] [GitFileSystemProvider][readFile] File not found - git:/home/dev/AI_Workflow/memory/inbox/claude.md.git?%7B%22path%22%3A%22%2Fhome%2Fdev%2FAI_Workflow%2Fmemory%2Finbox%2Fclaude.md%22%2C%22ref%22%3A%22%22%7D
2026-05-17 06:16:01.388 [info] > git ls-files --stage -- memory/inbox/claude.md [3ms]
2026-05-17 06:16:01.388 [warning] [GitFileSystemProvider][stat] File not found - git:/home/dev/AI_Workflow/memory/inbox/claude.md.git?%7B%22path%22%3A%22%2Fhome%2Fdev%2FAI_Workflow%2Fmemory%2Finbox%2Fclaude.md%22%2C%22ref%22%3A%22%22%7D
2026-05-17 06:16:05.695 [info] > git check-ignore -v -z --stdin [1ms]
2026-05-17 06:16:06.128 [info] > git check-ignore -v -z --stdin [2ms]
2026-05-17 06:16:06.168 [info] > git check-ignore -v -z --stdin [13ms]
2026-05-17 06:16:06.330 [info] > git show --textconv :memory/inbox/developer/1778975411793-claude.md [18ms]
2026-05-17 06:16:06.331 [warning] [GitFileSystemProvider][readFile] File not found - git:/home/dev/AI_Workflow/memory/inbox/developer/1778975411793-claude.md.git?%7B%22path%22%3A%22%2Fhome%2Fdev%2FAI_Workflow%2Fmemory%2Finbox%2Fdeveloper%2F1778975411793-claude.md%22%2C%22ref%22%3A%22%22%7D
2026-05-17 06:16:06.332 [info] > git ls-files --stage -- memory/inbox/developer/1778975411793-claude.md [3ms]
2026-05-17 06:16:06.332 [warning] [GitFileSystemProvider][stat] File not found - git:/home/dev/AI_Workflow/memory/inbox/developer/1778975411793-claude.md.git?%7B%22path%22%3A%22%2Fhome%2Fdev%2FAI_Workflow%2Fmemory%2Finbox%2Fdeveloper%2F1778975411793-claude.md%22%2C%22ref%22%3A%22%22%7D
2026-05-17 06:16:16.931 [info] > git config --get commit.template [2ms]
2026-05-17 06:16:16.944 [info] > git for-each-ref --format=%(refname)%00%(upstream:short)%00%(objectname)%00%(upstream:track)%00%(upstream:remotename)%00%(upstream:remoteref) refs/heads/master refs/remotes/master [1ms]
2026-05-17 06:16:16.968 [info] > git status -z -uall [12ms]
2026-05-17 06:16:16.969 [info] > git for-each-ref --sort -committerdate --format %(refname)%00%(objectname)%00%(*objectname) [1ms]
2026-05-17 06:16:26.109 [info] > git check-ignore -v -z --stdin [1ms]
2026-05-17 06:16:26.638 [info] > git check-ignore -v -z --stdin [2ms]
2026-05-17 06:16:26.702 [info] > git check-ignore -v -z --stdin [31ms]
2026-05-17 06:16:26.831 [info] > git show --textconv :memory/inbox/architect/1778975441210-opencode-developer.md [14ms]
2026-05-17 06:16:26.831 [warning] [GitFileSystemProvider][readFile] File not found - git:/home/dev/AI_Workflow/memory/inbox/architect/1778975441210-opencode-developer.md.git?%7B%22path%22%3A%22%2Fhome%2Fdev%2FAI_Workflow%2Fmemory%2Finbox%2Farchitect%2F1778975441210-opencode-developer.md%22%2C%22ref%22%3A%22%22%7D
2026-05-17 06:16:26.832 [info] > git ls-files --stage -- memory/inbox/architect/1778975441210-opencode-developer.md [2ms]
2026-05-17 06:16:26.833 [warning] [GitFileSystemProvider][stat] File not found - git:/home/dev/AI_Workflow/memory/inbox/architect/1778975441210-opencode-developer.md.git?%7B%22path%22%3A%22%2Fhome%2Fdev%2FAI_Workflow%2Fmemory%2Finbox%2Farchitect%2F1778975441210-opencode-developer.md%22%2C%22ref%22%3A%22%22%7D
2026-05-17 06:16:30.533 [info] > git check-ignore -v -z --stdin [2ms]
2026-05-17 06:16:30.891 [info] > git check-ignore -v -z --stdin [1ms]
2026-05-17 06:16:30.959 [info] > git check-ignore -v -z --stdin [33ms]
2026-05-17 06:16:31.089 [info] > git show --textconv :memory/developer/events.md [15ms]
2026-05-17 06:16:31.089 [warning] [GitFileSystemProvider][readFile] File not found - git:/home/dev/AI_Workflow/memory/developer/events.md.git?%7B%22path%22%3A%22%2Fhome%2Fdev%2FAI_Workflow%2Fmemory%2Fdeveloper%2Fevents.md%22%2C%22ref%22%3A%22%22%7D
2026-05-17 06:16:31.090 [info] > git ls-files --stage -- memory/developer/events.md [2ms]
2026-05-17 06:16:31.091 [warning] [GitFileSystemProvider][stat] File not found - git:/home/dev/AI_Workflow/memory/developer/events.md.git?%7B%22path%22%3A%22%2Fhome%2Fdev%2FAI_Workflow%2Fmemory%2Fdeveloper%2Fevents.md%22%2C%22ref%22%3A%22%22%7D
2026-05-17 06:16:32.331 [info] > git check-ignore -v -z --stdin [2ms]
2026-05-17 06:16:32.506 [info] > git check-ignore -v -z --stdin [1ms]
2026-05-17 06:16:32.553 [info] > git check-ignore -v -z --stdin [31ms]
2026-05-17 06:16:32.690 [info] > git show --textconv :memory/codex/events.md [15ms]
2026-05-17 06:16:32.690 [warning] [GitFileSystemProvider][readFile] File not found - git:/home/dev/AI_Workflow/memory/codex/events.md.git?%7B%22path%22%3A%22%2Fhome%2Fdev%2FAI_Workflow%2Fmemory%2Fcodex%2Fevents.md%22%2C%22ref%22%3A%22%22%7D
2026-05-17 06:16:32.691 [info] > git ls-files --stage -- memory/codex/events.md [2ms]
2026-05-17 06:16:32.691 [warning] [GitFileSystemProvider][stat] File not found - git:/home/dev/AI_Workflow/memory/codex/events.md.git?%7B%22path%22%3A%22%2Fhome%2Fdev%2FAI_Workflow%2Fmemory%2Fcodex%2Fevents.md%22%2C%22ref%22%3A%22%22%7D
2026-05-17 06:16:34.354 [info] > git check-ignore -v -z --stdin [1ms]
2026-05-17 06:16:34.980 [info] > git check-ignore -v -z --stdin [1ms]
2026-05-17 06:16:35.134 [info] > git check-ignore -v -z --stdin [2ms]
2026-05-17 06:16:35.200 [info] > git check-ignore -v -z --stdin [32ms]
2026-05-17 06:16:35.326 [info] > git show --textconv :memory/claude/auto-memory/MEMORY.md [14ms]
2026-05-17 06:16:35.327 [warning] [GitFileSystemProvider][readFile] File not found - git:/home/dev/AI_Workflow/memory/claude/auto-memory/MEMORY.md.git?%7B%22path%22%3A%22%2Fhome%2Fdev%2FAI_Workflow%2Fmemory%2Fclaude%2Fauto-memory%2FMEMORY.md%22%2C%22ref%22%3A%22%22%7D
2026-05-17 06:16:35.327 [info] > git ls-files --stage -- memory/claude/auto-memory/MEMORY.md [1ms]
2026-05-17 06:16:35.328 [warning] [GitFileSystemProvider][stat] File not found - git:/home/dev/AI_Workflow/memory/claude/auto-memory/MEMORY.md.git?%7B%22path%22%3A%22%2Fhome%2Fdev%2FAI_Workflow%2Fmemory%2Fclaude%2Fauto-memory%2FMEMORY.md%22%2C%22ref%22%3A%22%22%7D
2026-05-17 06:16:39.852 [info] > git check-ignore -v -z --stdin [2ms]
2026-05-17 06:16:39.902 [info] > git check-ignore -v -z --stdin [16ms]
2026-05-17 06:16:40.045 [info] > git show --textconv :memory/claude/auto-memory/feedback_logging.md [14ms]
2026-05-17 06:16:40.045 [warning] [GitFileSystemProvider][readFile] File not found - git:/home/dev/AI_Workflow/memory/claude/auto-memory/feedback_logging.md.git?%7B%22path%22%3A%22%2Fhome%2Fdev%2FAI_Workflow%2Fmemory%2Fclaude%2Fauto-memory%2Ffeedback_logging.md%22%2C%22ref%22%3A%22%22%7D
2026-05-17 06:16:40.046 [info] > git ls-files --stage -- memory/claude/auto-memory/feedback_logging.md [3ms]
2026-05-17 06:16:40.046 [warning] [GitFileSystemProvider][stat] File not found - git:/home/dev/AI_Workflow/memory/claude/auto-memory/feedback_logging.md.git?%7B%22path%22%3A%22%2Fhome%2Fdev%2FAI_Workflow%2Fmemory%2Fclaude%2Fauto-memory%2Ffeedback_logging.md%22%2C%22ref%22%3A%22%22%7D
2026-05-17 06:16:43.613 [info] > git check-ignore -v -z --stdin [2ms]
2026-05-17 06:16:43.669 [info] > git check-ignore -v -z --stdin [19ms]
2026-05-17 06:16:43.808 [info] > git show --textconv :memory/claude/auto-memory/project_ai_workflow.md [13ms]
2026-05-17 06:16:43.809 [warning] [GitFileSystemProvider][readFile] File not found - git:/home/dev/AI_Workflow/memory/claude/auto-memory/project_ai_workflow.md.git?%7B%22path%22%3A%22%2Fhome%2Fdev%2FAI_Workflow%2Fmemory%2Fclaude%2Fauto-memory%2Fproject_ai_workflow.md%22%2C%22ref%22%3A%22%22%7D
2026-05-17 06:16:43.809 [info] > git ls-files --stage -- memory/claude/auto-memory/project_ai_workflow.md [1ms]
2026-05-17 06:16:43.810 [warning] [GitFileSystemProvider][stat] File not found - git:/home/dev/AI_Workflow/memory/claude/auto-memory/project_ai_workflow.md.git?%7B%22path%22%3A%22%2Fhome%2Fdev%2FAI_Workflow%2Fmemory%2Fclaude%2Fauto-memory%2Fproject_ai_workflow.md%22%2C%22ref%22%3A%22%22%7D
2026-05-17 06:16:44.630 [info] > git check-ignore -v -z --stdin [2ms]
2026-05-17 06:16:44.667 [info] > git check-ignore -v -z --stdin [2ms]
2026-05-17 06:16:44.825 [info] > git show --textconv :memory/claude/auto-memory/project_openclaw.md [15ms]
2026-05-17 06:16:44.825 [warning] [GitFileSystemProvider][readFile] File not found - git:/home/dev/AI_Workflow/memory/claude/auto-memory/project_openclaw.md.git?%7B%22path%22%3A%22%2Fhome%2Fdev%2FAI_Workflow%2Fmemory%2Fclaude%2Fauto-memory%2Fproject_openclaw.md%22%2C%22ref%22%3A%22%22%7D
2026-05-17 06:16:44.826 [info] > git ls-files --stage -- memory/claude/auto-memory/project_openclaw.md [2ms]
2026-05-17 06:16:44.826 [warning] [GitFileSystemProvider][stat] File not found - git:/home/dev/AI_Workflow/memory/claude/auto-memory/project_openclaw.md.git?%7B%22path%22%3A%22%2Fhome%2Fdev%2FAI_Workflow%2Fmemory%2Fclaude%2Fauto-memory%2Fproject_openclaw.md%22%2C%22ref%22%3A%22%22%7D
2026-05-17 06:16:45.316 [info] > git check-ignore -v -z --stdin [2ms]
2026-05-17 06:16:45.350 [info] > git check-ignore -v -z --stdin [16ms]
2026-05-17 06:16:45.499 [info] > git show --textconv :memory/claude/auto-memory/user_profile.md [13ms]
2026-05-17 06:16:45.500 [warning] [GitFileSystemProvider][readFile] File not found - git:/home/dev/AI_Workflow/memory/claude/auto-memory/user_profile.md.git?%7B%22path%22%3A%22%2Fhome%2Fdev%2FAI_Workflow%2Fmemory%2Fclaude%2Fauto-memory%2Fuser_profile.md%22%2C%22ref%22%3A%22%22%7D
2026-05-17 06:16:45.500 [info] > git ls-files --stage -- memory/claude/auto-memory/user_profile.md [1ms]
2026-05-17 06:16:45.500 [warning] [GitFileSystemProvider][stat] File not found - git:/home/dev/AI_Workflow/memory/claude/auto-memory/user_profile.md.git?%7B%22path%22%3A%22%2Fhome%2Fdev%2FAI_Workflow%2Fmemory%2Fclaude%2Fauto-memory%2Fuser_profile.md%22%2C%22ref%22%3A%22%22%7D
2026-05-17 06:16:48.942 [info] > git config --get commit.template [14ms]
2026-05-17 06:16:48.944 [info] > git for-each-ref --format=%(refname)%00%(upstream:short)%00%(objectname)%00%(upstream:track)%00%(upstream:remotename)%00%(upstream:remoteref) refs/heads/master refs/remotes/master [2ms]
2026-05-17 06:16:48.969 [info] > git status -z -uall [13ms]
2026-05-17 06:16:48.970 [info] > git for-each-ref --sort -committerdate --format %(refname)%00%(objectname)%00%(*objectname) [1ms]
2026-05-17 06:16:54.432 [info] > git check-ignore -v -z --stdin [5ms]
2026-05-17 06:16:54.460 [info] > git check-ignore -v -z --stdin [2ms]
2026-05-17 06:16:54.638 [info] > git show --textconv :memory/claude/auto-memory/feedback_logging.md [14ms]
2026-05-17 06:16:54.638 [warning] [GitFileSystemProvider][readFile] File not found - git:/home/dev/AI_Workflow/memory/claude/auto-memory/feedback_logging.md.git?%7B%22path%22%3A%22%2Fhome%2Fdev%2FAI_Workflow%2Fmemory%2Fclaude%2Fauto-memory%2Ffeedback_logging.md%22%2C%22ref%22%3A%22%22%7D
2026-05-17 06:16:54.639 [info] > git ls-files --stage -- memory/claude/auto-memory/feedback_logging.md [2ms]
2026-05-17 06:16:54.639 [warning] [GitFileSystemProvider][stat] File not found - git:/home/dev/AI_Workflow/memory/claude/auto-memory/feedback_logging.md.git?%7B%22path%22%3A%22%2Fhome%2Fdev%2FAI_Workflow%2Fmemory%2Fclaude%2Fauto-memory%2Ffeedback_logging.md%22%2C%22ref%22%3A%22%22%7D
2026-05-17 06:16:58.037 [info] > git check-ignore -v -z --stdin [1ms]
2026-05-17 06:16:58.085 [info] > git check-ignore -v -z --stdin [17ms]
2026-05-17 06:16:58.236 [info] > git show --textconv :memory/antigravity/events.md [15ms]
2026-05-17 06:16:58.237 [warning] [GitFileSystemProvider][readFile] File not found - git:/home/dev/AI_Workflow/memory/antigravity/events.md.git?%7B%22path%22%3A%22%2Fhome%2Fdev%2FAI_Workflow%2Fmemory%2Fantigravity%2Fevents.md%22%2C%22ref%22%3A%22%22%7D
2026-05-17 06:16:58.237 [info] > git ls-files --stage -- memory/antigravity/events.md [2ms]
2026-05-17 06:16:58.238 [warning] [GitFileSystemProvider][stat] File not found - git:/home/dev/AI_Workflow/memory/antigravity/events.md.git?%7B%22path%22%3A%22%2Fhome%2Fdev%2FAI_Workflow%2Fmemory%2Fantigravity%2Fevents.md%22%2C%22ref%22%3A%22%22%7D
2026-05-17 06:17:16.930 [info] > git config --get commit.template [1ms]
2026-05-17 06:17:16.946 [info] > git for-each-ref --format=%(refname)%00%(upstream:short)%00%(objectname)%00%(upstream:track)%00%(upstream:remotename)%00%(upstream:remoteref) refs/heads/master refs/remotes/master [3ms]
2026-05-17 06:17:16.972 [info] > git status -z -uall [13ms]
2026-05-17 06:17:16.973 [info] > git for-each-ref --sort -committerdate --format %(refname)%00%(objectname)%00%(*objectname) [2ms]
2026-05-17 06:17:32.307 [info] > git check-ignore -v -z --stdin [24ms]
2026-05-17 06:17:32.308 [info] > git check-ignore -v -z --stdin [12ms]
2026-05-17 06:17:32.468 [info] > git show --textconv :mcp/mcp-config.json [11ms]
2026-05-17 06:17:32.469 [info] > git ls-files --stage -- mcp/mcp-config.json [2ms]
2026-05-17 06:17:32.479 [info] > git cat-file -s 291e5be1fe5fcc3c7df2c7118306a49cb5c6026b [1ms]
2026-05-17 06:17:43.127 [info] > git check-ignore -v -z --stdin [4ms]
2026-05-17 06:17:43.185 [info] > git check-ignore -v -z --stdin [39ms]
2026-05-17 06:17:43.394 [info] > git show --textconv :mcp/shared-memory-server/package.json [13ms]
2026-05-17 06:17:43.395 [info] > git ls-files --stage -- mcp/shared-memory-server/package.json [2ms]
2026-05-17 06:17:43.408 [info] > git cat-file -s fa2425df0bc887a5dd0e7b1dc48a4eb8a6104d87 [2ms]
2026-05-17 06:17:46.076 [info] > git check-ignore -v -z --stdin [2ms]
2026-05-17 06:17:46.143 [info] > git check-ignore -v -z --stdin [2ms]
2026-05-17 06:17:46.272 [info] > git show --textconv :mcp/shared-memory-server/package-lock.json [13ms]
2026-05-17 06:17:46.273 [info] > git ls-files --stage -- mcp/shared-memory-server/package-lock.json [2ms]
2026-05-17 06:17:46.285 [info] > git cat-file -s 6b8fd755e14a1feb3413a620679a7ae53e928c39 [1ms]
2026-05-17 06:17:47.636 [info] > git check-ignore -v -z --stdin [8ms]
2026-05-17 06:17:47.785 [info] > git check-ignore -v -z --stdin [2ms]
2026-05-17 06:17:47.901 [info] > git show --textconv :mcp/shared-memory-server/index.js [12ms]
2026-05-17 06:17:47.904 [info] > git ls-files --stage -- mcp/shared-memory-server/index.js [4ms]
2026-05-17 06:17:47.916 [info] > git cat-file -s 85bf3bfcd699342fa61ed0d572ac86c88eafaf99 [2ms]
2026-05-17 06:17:51.003 [info] > git check-ignore -v -z --stdin [2ms]
2026-05-17 06:17:51.909 [info] > git check-ignore -v -z --stdin [2ms]
2026-05-17 06:17:52.005 [info] > git check-ignore -v -z --stdin [17ms]
2026-05-17 06:17:52.103 [info] > git show --textconv :mcp/scaffold-server/package.json [13ms]
2026-05-17 06:17:52.104 [info] > git ls-files --stage -- mcp/scaffold-server/package.json [2ms]
2026-05-17 06:17:52.116 [info] > git cat-file -s bbff886807e1fa6800df8456dad37b4a67b46b17 [2ms]
2026-05-17 06:17:54.994 [info] > git check-ignore -v -z --stdin [2ms]
2026-05-17 06:17:55.104 [info] > git check-ignore -v -z --stdin [25ms]
2026-05-17 06:17:55.187 [info] > git show --textconv :mcp/scaffold-server/package-lock.json [13ms]
2026-05-17 06:17:55.189 [info] > git ls-files --stage -- mcp/scaffold-server/package-lock.json [2ms]
2026-05-17 06:17:55.201 [info] > git cat-file -s 8f6cd787bd3113363098496ddf6093b5e0aba030 [1ms]
2026-05-17 06:17:55.857 [info] > git fetch [754ms]
2026-05-17 06:17:55.883 [info] > git config --get commit.template [13ms]
2026-05-17 06:17:55.883 [info] > git for-each-ref --format=%(refname)%00%(upstream:short)%00%(objectname)%00%(upstream:track)%00%(upstream:remotename)%00%(upstream:remoteref) refs/heads/master refs/remotes/master [1ms]
2026-05-17 06:17:55.911 [info] > git status -z -uall [14ms]
2026-05-17 06:17:55.912 [info] > git for-each-ref --sort -committerdate --format %(refname)%00%(objectname)%00%(*objectname) [2ms]
2026-05-17 06:17:56.954 [info] > git config --get commit.template [13ms]
2026-05-17 06:17:56.955 [info] > git for-each-ref --format=%(refname)%00%(upstream:short)%00%(objectname)%00%(upstream:track)%00%(upstream:remotename)%00%(upstream:remoteref) refs/heads/master refs/remotes/master [2ms]
2026-05-17 06:17:56.980 [info] > git status -z -uall [12ms]
2026-05-17 06:17:56.981 [info] > git for-each-ref --sort -committerdate --format %(refname)%00%(objectname)%00%(*objectname) [1ms]
2026-05-17 06:17:57.042 [info] > git ls-files --stage -- mcp/scaffold-server/package-lock.json [1ms]
2026-05-17 06:17:57.055 [info] > git cat-file -s 8f6cd787bd3113363098496ddf6093b5e0aba030 [1ms]
2026-05-17 06:17:57.070 [info] > git show --textconv :mcp/scaffold-server/package-lock.json [1ms]
2026-05-17 06:17:58.433 [info] > git check-ignore -v -z --stdin [1ms]
2026-05-17 06:17:59.729 [info] > git check-ignore -v -z --stdin [1ms]
2026-05-17 06:17:59.810 [info] > git check-ignore -v -z --stdin [13ms]
2026-05-17 06:17:59.923 [info] > git show --textconv :logs/index.md [11ms]
2026-05-17 06:17:59.923 [info] > git ls-files --stage -- logs/index.md [1ms]
2026-05-17 06:17:59.934 [info] > git cat-file -s 45979655025224628571a43dd07b065ce05a79cf [1ms]
2026-05-17 06:18:01.575 [info] > git check-ignore -v -z --stdin [3ms]
2026-05-17 06:18:01.615 [info] > git check-ignore -v -z --stdin [2ms]
2026-05-17 06:18:01.764 [info] > git show --textconv :logs/global_ledger.md [11ms]
2026-05-17 06:18:01.765 [info] > git ls-files --stage -- logs/global_ledger.md [1ms]
2026-05-17 06:18:01.776 [info] > git cat-file -s 4f74b125776f0149cd6567c19097efafbfe21265 [1ms]
2026-05-17 06:18:16.941 [info] > git config --get commit.template [13ms]
2026-05-17 06:18:16.942 [info] > git for-each-ref --format=%(refname)%00%(upstream:short)%00%(objectname)%00%(upstream:track)%00%(upstream:remotename)%00%(upstream:remoteref) refs/heads/master refs/remotes/master [2ms]
2026-05-17 06:18:16.967 [info] > git status -z -uall [12ms]
2026-05-17 06:18:16.968 [info] > git for-each-ref --sort -committerdate --format %(refname)%00%(objectname)%00%(*objectname) [1ms]
2026-05-17 06:18:22.009 [info] > git for-each-ref --format=%(refname)%00%(upstream:short)%00%(objectname)%00%(upstream:track)%00%(upstream:remotename)%00%(upstream:remoteref) refs/heads/master refs/remotes/master [11ms]
2026-05-17 06:18:22.009 [info] > git config --get commit.template [24ms]
2026-05-17 06:18:22.036 [info] > git status -z -uall [13ms]
2026-05-17 06:18:22.036 [info] > git for-each-ref --sort -committerdate --format %(refname)%00%(objectname)%00%(*objectname) [1ms]
2026-05-17 06:18:41.759 [info] > git log --format=%H%n%aN%n%aE%n%at%n%ct%n%P%n%D%n%B -z --shortstat --diff-merges=first-parent -n50 --skip=0 --topo-order --decorate=full --stdin [46ms]
2026-05-17 06:18:41.799 [info] > git merge-base master origin/master [2ms]
2026-05-17 06:18:42.263 [info] > git check-ignore -v -z --stdin [1ms]
2026-05-17 06:18:43.969 [info] > git diff --name-status -z --diff-filter=ADMR --find-renames=50% 10edbb817d2c1ca7f44fa7676525dcbd883b2a2b...c8fc7d8d7ed64b88366e1d710903a43468662472 -- [1ms]
2026-05-17 06:18:44.501 [info] > git check-ignore -v -z --stdin [2ms]
2026-05-17 06:18:49.539 [info] > git log --format=%H%n%aN%n%aE%n%at%n%ct%n%P%n%D%n%B -z --shortstat --diff-merges=first-parent -n50 --skip=0 --topo-order --decorate=full --stdin [41ms]
2026-05-17 06:18:49.563 [info] > git merge-base master origin/master [1ms]
2026-05-17 06:18:55.418 [info] > git diff --name-status -z --diff-filter=ADMR --find-renames=50% 10edbb817d2c1ca7f44fa7676525dcbd883b2a2b...c8fc7d8d7ed64b88366e1d710903a43468662472 -- [2ms]
2026-05-17 06:18:56.492 [info] > git show --textconv 10edbb817d2c1ca7f44fa7676525dcbd883b2a2b:logs/global_ledger.md [46ms]
2026-05-17 06:18:56.492 [info] > git show --textconv c8fc7d8d7ed64b88366e1d710903a43468662472:logs/global_ledger.md [31ms]
2026-05-17 06:18:56.492 [info] > git ls-tree -l c8fc7d8d7ed64b88366e1d710903a43468662472 -- logs/global_ledger.md [3ms]
2026-05-17 06:18:56.493 [info] > git ls-tree -l 10edbb817d2c1ca7f44fa7676525dcbd883b2a2b -- logs/global_ledger.md [18ms]
2026-05-17 06:18:56.552 [info] > git check-ignore -v -z --stdin [16ms]
2026-05-17 06:18:56.552 [info] > git check-ignore -v -z --stdin [2ms]
2026-05-17 06:18:56.721 [info] > git blame --root --incremental c8fc7d8d7ed64b88366e1d710903a43468662472 -- logs/global_ledger.md [20ms]
2026-05-17 06:18:57.005 [info] > git check-ignore -v -z --stdin [1ms]
2026-05-17 06:19:00.423 [info] > git show --textconv 10edbb817d2c1ca7f44fa7676525dcbd883b2a2b:logs/ollama/events.md [41ms]
2026-05-17 06:19:00.423 [info] > git show --textconv c8fc7d8d7ed64b88366e1d710903a43468662472:logs/ollama/events.md [28ms]
2026-05-17 06:19:00.423 [info] > git ls-tree -l 10edbb817d2c1ca7f44fa7676525dcbd883b2a2b -- logs/ollama/events.md [15ms]
2026-05-17 06:19:00.427 [info] > git ls-tree -l c8fc7d8d7ed64b88366e1d710903a43468662472 -- logs/ollama/events.md [6ms]
2026-05-17 06:19:00.488 [info] > git check-ignore -v -z --stdin [20ms]
2026-05-17 06:19:00.488 [info] > git check-ignore -v -z --stdin [1ms]
2026-05-17 06:19:00.520 [info] > git blame --root --incremental c8fc7d8d7ed64b88366e1d710903a43468662472 -- logs/ollama/events.md [16ms]
2026-05-17 06:19:00.940 [info] > git check-ignore -v -z --stdin [2ms]
2026-05-17 06:19:07.351 [info] > git diff --name-status -z --diff-filter=ADMR --find-renames=50% 2ca9468e1dea8453f6e96ae43752c0f797fd1433...10edbb817d2c1ca7f44fa7676525dcbd883b2a2b -- [1ms]
2026-05-17 06:19:07.881 [info] > git check-ignore -v -z --stdin [1ms]
2026-05-17 06:19:08.658 [info] > git show --textconv 2ca9468e1dea8453f6e96ae43752c0f797fd1433:logs/openclaw/events.md [40ms]
2026-05-17 06:19:08.658 [info] > git show --textconv 10edbb817d2c1ca7f44fa7676525dcbd883b2a2b:logs/openclaw/events.md [27ms]
2026-05-17 06:19:08.658 [info] > git ls-tree -l 10edbb817d2c1ca7f44fa7676525dcbd883b2a2b -- logs/openclaw/events.md [3ms]
2026-05-17 06:19:08.659 [info] > git ls-tree -l 2ca9468e1dea8453f6e96ae43752c0f797fd1433 -- logs/openclaw/events.md [16ms]
2026-05-17 06:19:08.725 [info] > git check-ignore -v -z --stdin [19ms]
2026-05-17 06:19:08.726 [info] > git check-ignore -v -z --stdin [3ms]
2026-05-17 06:19:08.768 [info] > git blame --root --incremental 10edbb817d2c1ca7f44fa7676525dcbd883b2a2b -- logs/openclaw/events.md [29ms]
2026-05-17 06:19:09.173 [info] > git check-ignore -v -z --stdin [1ms]
2026-05-17 06:19:16.902 [info] > git check-ignore -v -z --stdin [16ms]
2026-05-17 06:19:16.940 [info] > git config --get commit.template [11ms]
2026-05-17 06:19:17.076 [info] > git for-each-ref --format=%(refname)%00%(upstream:short)%00%(objectname)%00%(upstream:track)%00%(upstream:remotename)%00%(upstream:remoteref) refs/heads/master refs/remotes/master [112ms]
2026-05-17 06:19:17.109 [info] > git check-ignore -v -z --stdin [19ms]
2026-05-17 06:19:17.158 [info] > git status -z -uall [22ms]
2026-05-17 06:19:17.160 [info] > git for-each-ref --sort -committerdate --format %(refname)%00%(objectname)%00%(*objectname) [14ms]
2026-05-17 06:19:17.287 [info] > git check-ignore -v -z --stdin [50ms]
2026-05-17 06:19:17.332 [info] > git ls-files --stage -- config/codex/cache/codex_app_directory/3d2d429312c6ce34fde2cb45368ebc0fc76f4770.json [2ms]
2026-05-17 06:19:17.346 [info] > git cat-file -s fd9e927808fd82de1ca2b0c7733e7931fd27a74b [2ms]
2026-05-17 06:19:17.374 [info] > git show --textconv :config/codex/cache/codex_app_directory/3d2d429312c6ce34fde2cb45368ebc0fc76f4770.json [56ms]
2026-05-17 06:19:35.019 [info] > git check-ignore -v -z --stdin [1ms]
2026-05-17 06:19:35.129 [info] > git check-ignore -v -z --stdin [20ms]
2026-05-17 06:19:48.940 [info] > git config --get commit.template [13ms]
2026-05-17 06:19:48.941 [info] > git for-each-ref --format=%(refname)%00%(upstream:short)%00%(objectname)%00%(upstream:track)%00%(upstream:remotename)%00%(upstream:remoteref) refs/heads/master refs/remotes/master [1ms]
2026-05-17 06:19:48.966 [info] > git status -z -uall [12ms]
2026-05-17 06:19:48.967 [info] > git for-each-ref --sort -committerdate --format %(refname)%00%(objectname)%00%(*objectname) [1ms]
2026-05-17 06:20:16.943 [info] > git config --get commit.template [14ms]
2026-05-17 06:20:16.943 [info] > git for-each-ref --format=%(refname)%00%(upstream:short)%00%(objectname)%00%(upstream:track)%00%(upstream:remotename)%00%(upstream:remoteref) refs/heads/master refs/remotes/master [1ms]
2026-05-17 06:20:16.969 [info] > git status -z -uall [13ms]
2026-05-17 06:20:16.970 [info] > git for-each-ref --sort -committerdate --format %(refname)%00%(objectname)%00%(*objectname) [2ms]
2026-05-17 06:20:21.245 [info] > git check-ignore -v -z --stdin [3ms]
2026-05-17 06:20:21.338 [info] > git check-ignore -v -z --stdin [14ms]
2026-05-17 06:20:21.444 [info] > git show --textconv :notes.md [15ms]
2026-05-17 06:20:21.444 [warning] [GitFileSystemProvider][readFile] File not found - git:/home/dev/AI_Workflow/notes.md.git?%7B%22path%22%3A%22%2Fhome%2Fdev%2FAI_Workflow%2Fnotes.md%22%2C%22ref%22%3A%22%22%7D
2026-05-17 06:20:21.445 [info] > git ls-files --stage -- notes.md [2ms]
2026-05-17 06:20:21.445 [warning] [GitFileSystemProvider][stat] File not found - git:/home/dev/AI_Workflow/notes.md.git?%7B%22path%22%3A%22%2Fhome%2Fdev%2FAI_Workflow%2Fnotes.md%22%2C%22ref%22%3A%22%22%7D
2026-05-17 06:20:21.716 [info] > git check-ignore -v -z --stdin [1ms]
2026-05-17 06:20:22.320 [info] > git config --get commit.template [14ms]
2026-05-17 06:20:22.320 [info] > git for-each-ref --format=%(refname)%00%(upstream:short)%00%(objectname)%00%(upstream:track)%00%(upstream:remotename)%00%(upstream:remoteref) refs/heads/master refs/remotes/master [1ms]
2026-05-17 06:20:22.347 [info] > git status -z -uall [14ms]
2026-05-17 06:20:22.348 [info] > git for-each-ref --sort -committerdate --format %(refname)%00%(objectname)%00%(*objectname) [2ms]
2026-05-17 06:20:51.020 [info] > git check-ignore -v -z --stdin [3ms]
2026-05-17 06:20:51.083 [info] > git check-ignore -v -z --stdin [5ms]
2026-05-17 06:20:52.074 [info] > git config --get commit.template [14ms]
2026-05-17 06:20:52.074 [info] > git for-each-ref --format=%(refname)%00%(upstream:short)%00%(objectname)%00%(upstream:track)%00%(upstream:remotename)%00%(upstream:remoteref) refs/heads/master refs/remotes/master [1ms]
2026-05-17 06:20:52.100 [info] > git status -z -uall [13ms]
2026-05-17 06:20:52.101 [info] > git for-each-ref --sort -committerdate --format %(refname)%00%(objectname)%00%(*objectname) [1ms]
2026-05-17 06:20:56.682 [info] > git fetch [752ms]
2026-05-17 06:20:56.709 [info] > git config --get commit.template [14ms]
2026-05-17 06:20:56.710 [info] > git for-each-ref --format=%(refname)%00%(upstream:short)%00%(objectname)%00%(upstream:track)%00%(upstream:remotename)%00%(upstream:remoteref) refs/heads/master refs/remotes/master [1ms]
2026-05-17 06:20:56.736 [info] > git status -z -uall [13ms]
2026-05-17 06:20:56.736 [info] > git for-each-ref --sort -committerdate --format %(refname)%00%(objectname)%00%(*objectname) [1ms]
2026-05-17 06:20:57.778 [info] > git config --get commit.template [14ms]
2026-05-17 06:20:57.778 [info] > git for-each-ref --format=%(refname)%00%(upstream:short)%00%(objectname)%00%(upstream:track)%00%(upstream:remotename)%00%(upstream:remoteref) refs/heads/master refs/remotes/master [1ms]
2026-05-17 06:20:57.806 [info] > git status -z -uall [14ms]
2026-05-17 06:20:57.807 [info] > git for-each-ref --sort -committerdate --format %(refname)%00%(objectname)%00%(*objectname) [2ms]
2026-05-17 06:21:02.837 [info] > git config --get commit.template [14ms]
2026-05-17 06:21:02.837 [info] > git for-each-ref --format=%(refname)%00%(upstream:short)%00%(objectname)%00%(upstream:track)%00%(upstream:remotename)%00%(upstream:remoteref) refs/heads/master refs/remotes/master [1ms]
2026-05-17 06:21:02.863 [info] > git status -z -uall [13ms]
2026-05-17 06:21:02.863 [info] > git for-each-ref --sort -committerdate --format %(refname)%00%(objectname)%00%(*objectname) [1ms]
2026-05-17 06:21:16.941 [info] > git config --get commit.template [13ms]
2026-05-17 06:21:16.942 [info] > git for-each-ref --format=%(refname)%00%(upstream:short)%00%(objectname)%00%(upstream:track)%00%(upstream:remotename)%00%(upstream:remoteref) refs/heads/master refs/remotes/master [1ms]
2026-05-17 06:21:16.968 [info] > git status -z -uall [13ms]
2026-05-17 06:21:16.969 [info] > git for-each-ref --sort -committerdate --format %(refname)%00%(objectname)%00%(*objectname) [2ms]
2026-05-17 06:21:21.999 [info] > git config --get commit.template [14ms]
2026-05-17 06:21:21.999 [info] > git for-each-ref --format=%(refname)%00%(upstream:short)%00%(objectname)%00%(upstream:track)%00%(upstream:remotename)%00%(upstream:remoteref) refs/heads/master refs/remotes/master [1ms]
2026-05-17 06:21:22.025 [info] > git status -z -uall [13ms]
2026-05-17 06:21:22.026 [info] > git for-each-ref --sort -committerdate --format %(refname)%00%(objectname)%00%(*objectname) [1ms]
2026-05-17 06:21:49.900 [info] > git check-ignore -v -z --stdin [1ms]
2026-05-17 06:21:51.010 [info] > git check-ignore -v -z --stdin [2ms]
2026-05-17 06:21:51.084 [info] > git check-ignore -v -z --stdin [36ms]
2026-05-17 06:21:51.202 [info] > git show --textconv :memory/tasks/index.md [12ms]
2026-05-17 06:21:51.203 [warning] [GitFileSystemProvider][readFile] File not found - git:/home/dev/AI_Workflow/memory/tasks/index.md.git?%7B%22path%22%3A%22%2Fhome%2Fdev%2FAI_Workflow%2Fmemory%2Ftasks%2Findex.md%22%2C%22ref%22%3A%22%22%7D
2026-05-17 06:21:51.203 [info] > git ls-files --stage -- memory/tasks/index.md [1ms]
2026-05-17 06:21:51.204 [warning] [GitFileSystemProvider][stat] File not found - git:/home/dev/AI_Workflow/memory/tasks/index.md.git?%7B%22path%22%3A%22%2Fhome%2Fdev%2FAI_Workflow%2Fmemory%2Ftasks%2Findex.md%22%2C%22ref%22%3A%22%22%7D
2026-05-17 06:21:52.319 [info] > git check-ignore -v -z --stdin [2ms]
2026-05-17 06:21:52.367 [info] > git check-ignore -v -z --stdin [17ms]
2026-05-17 06:21:52.529 [info] > git show --textconv :memory/tasks/_template.md [14ms]
2026-05-17 06:21:52.530 [warning] [GitFileSystemProvider][readFile] File not found - git:/home/dev/AI_Workflow/memory/tasks/_template.md.git?%7B%22path%22%3A%22%2Fhome%2Fdev%2FAI_Workflow%2Fmemory%2Ftasks%2F_template.md%22%2C%22ref%22%3A%22%22%7D
2026-05-17 06:21:52.530 [info] > git ls-files --stage -- memory/tasks/_template.md [1ms]
2026-05-17 06:21:52.531 [warning] [GitFileSystemProvider][stat] File not found - git:/home/dev/AI_Workflow/memory/tasks/_template.md.git?%7B%22path%22%3A%22%2Fhome%2Fdev%2FAI_Workflow%2Fmemory%2Ftasks%2F_template.md%22%2C%22ref%22%3A%22%22%7D
2026-05-17 06:22:00.147 [info] > git check-ignore -v -z --stdin [2ms]
2026-05-17 06:22:00.180 [info] > git check-ignore -v -z --stdin [2ms]
2026-05-17 06:22:16.943 [info] > git config --get commit.template [14ms]
2026-05-17 06:22:16.943 [info] > git for-each-ref --format=%(refname)%00%(upstream:short)%00%(objectname)%00%(upstream:track)%00%(upstream:remotename)%00%(upstream:remoteref) refs/heads/master refs/remotes/master [1ms]
2026-05-17 06:22:16.969 [info] > git status -z -uall [13ms]
2026-05-17 06:22:16.970 [info] > git for-each-ref --sort -committerdate --format %(refname)%00%(objectname)%00%(*objectname) [2ms]
2026-05-17 06:22:20.350 [info] > git check-ignore -v -z --stdin [2ms]
2026-05-17 06:22:20.427 [info] > git check-ignore -v -z --stdin [1ms]
2026-05-17 06:22:37.898 [info] > git check-ignore -v -z --stdin [2ms]
2026-05-17 06:22:37.940 [info] > git check-ignore -v -z --stdin [10ms]
2026-05-17 06:22:38.093 [info] > git show --textconv :memory/prompts/index.md [14ms]
2026-05-17 06:22:38.094 [warning] [GitFileSystemProvider][readFile] File not found - git:/home/dev/AI_Workflow/memory/prompts/index.md.git?%7B%22path%22%3A%22%2Fhome%2Fdev%2FAI_Workflow%2Fmemory%2Fprompts%2Findex.md%22%2C%22ref%22%3A%22%22%7D
2026-05-17 06:22:38.095 [info] > git ls-files --stage -- memory/prompts/index.md [2ms]
2026-05-17 06:22:38.095 [warning] [GitFileSystemProvider][stat] File not found - git:/home/dev/AI_Workflow/memory/prompts/index.md.git?%7B%22path%22%3A%22%2Fhome%2Fdev%2FAI_Workflow%2Fmemory%2Fprompts%2Findex.md%22%2C%22ref%22%3A%22%22%7D
2026-05-17 06:22:39.441 [info] > git check-ignore -v -z --stdin [2ms]
2026-05-17 06:22:39.496 [info] > git check-ignore -v -z --stdin [16ms]
2026-05-17 06:22:39.639 [info] > git show --textconv :memory/prompts/_template.md [14ms]
2026-05-17 06:22:39.640 [warning] [GitFileSystemProvider][readFile] File not found - git:/home/dev/AI_Workflow/memory/prompts/_template.md.git?%7B%22path%22%3A%22%2Fhome%2Fdev%2FAI_Workflow%2Fmemory%2Fprompts%2F_template.md%22%2C%22ref%22%3A%22%22%7D
2026-05-17 06:22:39.640 [info] > git ls-files --stage -- memory/prompts/_template.md [2ms]
2026-05-17 06:22:39.641 [warning] [GitFileSystemProvider][stat] File not found - git:/home/dev/AI_Workflow/memory/prompts/_template.md.git?%7B%22path%22%3A%22%2Fhome%2Fdev%2FAI_Workflow%2Fmemory%2Fprompts%2F_template.md%22%2C%22ref%22%3A%22%22%7D
2026-05-17 06:22:42.618 [info] > git check-ignore -v -z --stdin [17ms]
2026-05-17 06:22:42.638 [info] > git check-ignore -v -z --stdin [4ms]
2026-05-17 06:22:42.812 [info] > git show --textconv :memory/prompts/index.md [15ms]
2026-05-17 06:22:42.812 [warning] [GitFileSystemProvider][readFile] File not found - git:/home/dev/AI_Workflow/memory/prompts/index.md.git?%7B%22path%22%3A%22%2Fhome%2Fdev%2FAI_Workflow%2Fmemory%2Fprompts%2Findex.md%22%2C%22ref%22%3A%22%22%7D
2026-05-17 06:22:42.813 [info] > git ls-files --stage -- memory/prompts/index.md [2ms]
2026-05-17 06:22:42.814 [warning] [GitFileSystemProvider][stat] File not found - git:/home/dev/AI_Workflow/memory/prompts/index.md.git?%7B%22path%22%3A%22%2Fhome%2Fdev%2FAI_Workflow%2Fmemory%2Fprompts%2Findex.md%22%2C%22ref%22%3A%22%22%7D
2026-05-17 06:22:46.345 [info] > git check-ignore -v -z --stdin [18ms]
2026-05-17 06:22:46.367 [info] > git check-ignore -v -z --stdin [4ms]
2026-05-17 06:22:46.540 [info] > git show --textconv :memory/prompts/_template.md [14ms]
2026-05-17 06:22:46.541 [warning] [GitFileSystemProvider][readFile] File not found - git:/home/dev/AI_Workflow/memory/prompts/_template.md.git?%7B%22path%22%3A%22%2Fhome%2Fdev%2FAI_Workflow%2Fmemory%2Fprompts%2F_template.md%22%2C%22ref%22%3A%22%22%7D
2026-05-17 06:22:46.542 [info] > git ls-files --stage -- memory/prompts/_template.md [2ms]
2026-05-17 06:22:46.542 [warning] [GitFileSystemProvider][stat] File not found - git:/home/dev/AI_Workflow/memory/prompts/_template.md.git?%7B%22path%22%3A%22%2Fhome%2Fdev%2FAI_Workflow%2Fmemory%2Fprompts%2F_template.md%22%2C%22ref%22%3A%22%22%7D
2026-05-17 06:22:48.942 [info] > git config --get commit.template [14ms]
2026-05-17 06:22:48.943 [info] > git for-each-ref --format=%(refname)%00%(upstream:short)%00%(objectname)%00%(upstream:track)%00%(upstream:remotename)%00%(upstream:remoteref) refs/heads/master refs/remotes/master [1ms]
2026-05-17 06:22:48.969 [info] > git status -z -uall [14ms]
2026-05-17 06:22:48.970 [info] > git for-each-ref --sort -committerdate --format %(refname)%00%(objectname)%00%(*objectname) [2ms]
2026-05-17 06:22:52.657 [info] > git check-ignore -v -z --stdin [5ms]
2026-05-17 06:22:52.732 [info] > git check-ignore -v -z --stdin [4ms]
2026-05-17 06:22:53.842 [info] > git check-ignore -v -z --stdin [3ms]
2026-05-17 06:22:53.905 [info] > git check-ignore -v -z --stdin [2ms]
2026-05-17 06:23:03.603 [info] > git check-ignore -v -z --stdin [11ms]
2026-05-17 06:23:03.680 [info] > git check-ignore -v -z --stdin [5ms]
2026-05-17 06:23:09.259 [info] > git check-ignore -v -z --stdin [4ms]
2026-05-17 06:23:09.356 [info] > git check-ignore -v -z --stdin [4ms]
2026-05-17 06:23:10.509 [info] > git check-ignore -v -z --stdin [2ms]
2026-05-17 06:23:16.942 [info] > git config --get commit.template [14ms]
2026-05-17 06:23:16.942 [info] > git for-each-ref --format=%(refname)%00%(upstream:short)%00%(objectname)%00%(upstream:track)%00%(upstream:remotename)%00%(upstream:remoteref) refs/heads/master refs/remotes/master [1ms]
2026-05-17 06:23:16.969 [info] > git status -z -uall [13ms]
2026-05-17 06:23:16.970 [info] > git for-each-ref --sort -committerdate --format %(refname)%00%(objectname)%00%(*objectname) [1ms]
2026-05-17 06:23:44.074 [info] > git check-ignore -v -z --stdin [2ms]
2026-05-17 06:23:44.177 [info] > git check-ignore -v -z --stdin [14ms]
2026-05-17 06:23:57.507 [info] > git fetch [754ms]
2026-05-17 06:23:57.534 [info] > git config --get commit.template [13ms]
2026-05-17 06:23:57.534 [info] > git for-each-ref --format=%(refname)%00%(upstream:short)%00%(objectname)%00%(upstream:track)%00%(upstream:remotename)%00%(upstream:remoteref) refs/heads/master refs/remotes/master [1ms]
2026-05-17 06:23:57.560 [info] > git status -z -uall [13ms]
2026-05-17 06:23:57.561 [info] > git for-each-ref --sort -committerdate --format %(refname)%00%(objectname)%00%(*objectname) [2ms]
2026-05-17 06:23:58.602 [info] > git config --get commit.template [13ms]
2026-05-17 06:23:58.602 [info] > git for-each-ref --format=%(refname)%00%(upstream:short)%00%(objectname)%00%(upstream:track)%00%(upstream:remotename)%00%(upstream:remoteref) refs/heads/master refs/remotes/master [1ms]
2026-05-17 06:23:58.628 [info] > git status -z -uall [13ms]
2026-05-17 06:23:58.628 [info] > git for-each-ref --sort -committerdate --format %(refname)%00%(objectname)%00%(*objectname) [1ms]
2026-05-17 06:24:03.659 [info] > git config --get commit.template [13ms]
2026-05-17 06:24:03.660 [info] > git for-each-ref --format=%(refname)%00%(upstream:short)%00%(objectname)%00%(upstream:track)%00%(upstream:remotename)%00%(upstream:remoteref) refs/heads/master refs/remotes/master [1ms]
2026-05-17 06:24:03.686 [info] > git status -z -uall [14ms]
2026-05-17 06:24:03.686 [info] > git for-each-ref --sort -committerdate --format %(refname)%00%(objectname)%00%(*objectname) [1ms]
2026-05-17 06:24:12.578 [info] > git check-ignore -v -z --stdin [3ms]
2026-05-17 06:24:12.648 [info] > git check-ignore -v -z --stdin [4ms]
2026-05-17 06:24:16.942 [info] > git config --get commit.template [13ms]
2026-05-17 06:24:16.943 [info] > git for-each-ref --format=%(refname)%00%(upstream:short)%00%(objectname)%00%(upstream:track)%00%(upstream:remotename)%00%(upstream:remoteref) refs/heads/master refs/remotes/master [2ms]
2026-05-17 06:24:16.971 [info] > git status -z -uall [14ms]
2026-05-17 06:24:16.971 [info] > git for-each-ref --sort -committerdate --format %(refname)%00%(objectname)%00%(*objectname) [1ms]
2026-05-17 06:24:22.001 [info] > git config --get commit.template [13ms]
2026-05-17 06:24:22.001 [info] > git for-each-ref --format=%(refname)%00%(upstream:short)%00%(objectname)%00%(upstream:track)%00%(upstream:remotename)%00%(upstream:remoteref) refs/heads/master refs/remotes/master [1ms]
2026-05-17 06:24:22.026 [info] > git status -z -uall [13ms]
2026-05-17 06:24:22.027 [info] > git for-each-ref --sort -committerdate --format %(refname)%00%(objectname)%00%(*objectname) [1ms]
2026-05-17 06:25:10.779 [info] > git check-ignore -v -z --stdin [2ms]
2026-05-17 06:25:16.945 [info] > git config --get commit.template [13ms]
2026-05-17 06:25:16.945 [info] > git for-each-ref --format=%(refname)%00%(upstream:short)%00%(objectname)%00%(upstream:track)%00%(upstream:remotename)%00%(upstream:remoteref) refs/heads/master refs/remotes/master [1ms]
2026-05-17 06:25:16.971 [info] > git status -z -uall [14ms]
2026-05-17 06:25:16.972 [info] > git for-each-ref --sort -committerdate --format %(refname)%00%(objectname)%00%(*objectname) [1ms]
2026-05-17 06:25:22.230 [info] > git check-ignore -v -z --stdin [1ms]
2026-05-17 06:25:29.334 [info] > git check-ignore -v -z --stdin [2ms]
2026-05-17 06:25:32.182 [info] > git check-ignore -v -z --stdin [2ms]
2026-05-17 06:25:32.259 [info] > git check-ignore -v -z --stdin [6ms]
2026-05-17 06:25:32.379 [info] > git show --textconv :config/claude/settings.json [15ms]
2026-05-17 06:25:32.380 [info] > git ls-files --stage -- config/claude/settings.json [2ms]
2026-05-17 06:25:32.395 [info] > git cat-file -s 9d9d0be3acd9c088b470bad87f7247e4107da40b [2ms]
2026-05-17 06:25:39.817 [info] > git check-ignore -v -z --stdin [3ms]
2026-05-17 06:25:39.909 [info] > git check-ignore -v -z --stdin [16ms]
2026-05-17 06:25:40.004 [info] > git show --textconv :config/claude/mcp.json [12ms]
2026-05-17 06:25:40.005 [info] > git ls-files --stage -- config/claude/mcp.json [2ms]
2026-05-17 06:25:40.015 [info] > git cat-file -s 6e7aaed7f7d634b862931e0a68d6e64c1a4ff735 [1ms]
2026-05-17 06:25:43.324 [info] > git check-ignore -v -z --stdin [2ms]
2026-05-17 06:25:43.360 [info] > git check-ignore -v -z --stdin [2ms]
2026-05-17 06:25:43.517 [info] > git show --textconv :config/claude/mcp-needs-auth-cache.json [14ms]
2026-05-17 06:25:43.518 [warning] [GitFileSystemProvider][readFile] File not found - git:/home/dev/AI_Workflow/config/claude/mcp-needs-auth-cache.json.git?%7B%22path%22%3A%22%2Fhome%2Fdev%2FAI_Workflow%2Fconfig%2Fclaude%2Fmcp-needs-auth-cache.json%22%2C%22ref%22%3A%22%22%7D
2026-05-17 06:25:43.518 [info] > git ls-files --stage -- config/claude/mcp-needs-auth-cache.json [2ms]
2026-05-17 06:25:43.519 [warning] [GitFileSystemProvider][stat] File not found - git:/home/dev/AI_Workflow/config/claude/mcp-needs-auth-cache.json.git?%7B%22path%22%3A%22%2Fhome%2Fdev%2FAI_Workflow%2Fconfig%2Fclaude%2Fmcp-needs-auth-cache.json%22%2C%22ref%22%3A%22%22%7D
2026-05-17 06:25:45.863 [info] > git check-ignore -v -z --stdin [17ms]
2026-05-17 06:25:45.893 [info] > git check-ignore -v -z --stdin [16ms]
2026-05-17 06:25:46.041 [info] > git show --textconv :config/claude/history.jsonl [14ms]
2026-05-17 06:25:46.042 [warning] [GitFileSystemProvider][readFile] File not found - git:/home/dev/AI_Workflow/config/claude/history.jsonl.git?%7B%22path%22%3A%22%2Fhome%2Fdev%2FAI_Workflow%2Fconfig%2Fclaude%2Fhistory.jsonl%22%2C%22ref%22%3A%22%22%7D
2026-05-17 06:25:46.042 [info] > git ls-files --stage -- config/claude/history.jsonl [1ms]
2026-05-17 06:25:46.043 [warning] [GitFileSystemProvider][stat] File not found - git:/home/dev/AI_Workflow/config/claude/history.jsonl.git?%7B%22path%22%3A%22%2Fhome%2Fdev%2FAI_Workflow%2Fconfig%2Fclaude%2Fhistory.jsonl%22%2C%22ref%22%3A%22%22%7D
2026-05-17 06:25:48.941 [info] > git config --get commit.template [13ms]
2026-05-17 06:25:48.943 [info] > git for-each-ref --format=%(refname)%00%(upstream:short)%00%(objectname)%00%(upstream:track)%00%(upstream:remotename)%00%(upstream:remoteref) refs/heads/master refs/remotes/master [2ms]
2026-05-17 06:25:48.969 [info] > git status -z -uall [13ms]
2026-05-17 06:25:48.969 [info] > git for-each-ref --sort -committerdate --format %(refname)%00%(objectname)%00%(*objectname) [1ms]
2026-05-17 06:25:52.477 [info] > git check-ignore -v -z --stdin [2ms]
2026-05-17 06:25:52.555 [info] > git check-ignore -v -z --stdin [2ms]
2026-05-17 06:25:52.915 [info] > git show --textconv :config/claude/CLAUDE.md [12ms]
2026-05-17 06:25:52.917 [info] > git ls-files --stage -- config/claude/CLAUDE.md [3ms]
2026-05-17 06:25:52.928 [info] > git cat-file -s 3e5537cf0cf21176e100291b90c80eab24032d98 [2ms]
2026-05-17 06:25:59.052 [info] > git check-ignore -v -z --stdin [2ms]
2026-05-17 06:25:59.085 [info] > git check-ignore -v -z --stdin [2ms]
2026-05-17 06:25:59.245 [info] > git show --textconv :config/claude/.credentials.json [15ms]
2026-05-17 06:25:59.245 [warning] [GitFileSystemProvider][readFile] File not found - git:/home/dev/AI_Workflow/config/claude/.credentials.json.git?%7B%22path%22%3A%22%2Fhome%2Fdev%2FAI_Workflow%2Fconfig%2Fclaude%2F.credentials.json%22%2C%22ref%22%3A%22%22%7D
2026-05-17 06:25:59.246 [info] > git ls-files --stage -- config/claude/.credentials.json [3ms]
2026-05-17 06:25:59.246 [warning] [GitFileSystemProvider][stat] File not found - git:/home/dev/AI_Workflow/config/claude/.credentials.json.git?%7B%22path%22%3A%22%2Fhome%2Fdev%2FAI_Workflow%2Fconfig%2Fclaude%2F.credentials.json%22%2C%22ref%22%3A%22%22%7D
2026-05-17 06:26:01.126 [info] > git check-ignore -v -z --stdin [1ms]
2026-05-17 06:26:01.174 [info] > git check-ignore -v -z --stdin [3ms]
2026-05-17 06:26:01.320 [info] > git show --textconv :config/claude/.claude.json [15ms]
2026-05-17 06:26:01.320 [warning] [GitFileSystemProvider][readFile] File not found - git:/home/dev/AI_Workflow/config/claude/.claude.json.git?%7B%22path%22%3A%22%2Fhome%2Fdev%2FAI_Workflow%2Fconfig%2Fclaude%2F.claude.json%22%2C%22ref%22%3A%22%22%7D
2026-05-17 06:26:01.321 [info] > git ls-files --stage -- config/claude/.claude.json [2ms]
2026-05-17 06:26:01.321 [warning] [GitFileSystemProvider][stat] File not found - git:/home/dev/AI_Workflow/config/claude/.claude.json.git?%7B%22path%22%3A%22%2Fhome%2Fdev%2FAI_Workflow%2Fconfig%2Fclaude%2F.claude.json%22%2C%22ref%22%3A%22%22%7D
2026-05-17 06:26:16.933 [info] > git config --get commit.template [1ms]
2026-05-17 06:26:16.946 [info] > git for-each-ref --format=%(refname)%00%(upstream:short)%00%(objectname)%00%(upstream:track)%00%(upstream:remotename)%00%(upstream:remoteref) refs/heads/master refs/remotes/master [1ms]
2026-05-17 06:26:16.973 [info] > git status -z -uall [14ms]
2026-05-17 06:26:16.974 [info] > git for-each-ref --sort -committerdate --format %(refname)%00%(objectname)%00%(*objectname) [2ms]
2026-05-17 06:26:37.824 [info] > git blame --root --incremental c8fc7d8d7ed64b88366e1d710903a43468662472 -- config/claude/.claude.json [3ms]
2026-05-17 06:26:37.824 [info] fatal: no such path config/claude/.claude.json in c8fc7d8d7ed64b88366e1d710903a43468662472
2026-05-17 06:26:53.375 [info] > git check-ignore -v -z --stdin [2ms]
2026-05-17 06:26:56.012 [info] > git check-ignore -v -z --stdin [1ms]
2026-05-17 06:26:57.748 [info] > git check-ignore -v -z --stdin [1ms]
2026-05-17 06:26:58.352 [info] > git fetch [774ms]
2026-05-17 06:26:58.379 [info] > git config --get commit.template [14ms]
2026-05-17 06:26:58.379 [info] > git for-each-ref --format=%(refname)%00%(upstream:short)%00%(objectname)%00%(upstream:track)%00%(upstream:remotename)%00%(upstream:remoteref) refs/heads/master refs/remotes/master [1ms]
2026-05-17 06:26:58.406 [info] > git status -z -uall [14ms]
2026-05-17 06:26:58.407 [info] > git for-each-ref --sort -committerdate --format %(refname)%00%(objectname)%00%(*objectname) [2ms]
2026-05-17 06:26:59.000 [info] > git check-ignore -v -z --stdin [2ms]
2026-05-17 06:26:59.436 [info] > git config --get commit.template [2ms]
2026-05-17 06:26:59.450 [info] > git for-each-ref --format=%(refname)%00%(upstream:short)%00%(objectname)%00%(upstream:track)%00%(upstream:remotename)%00%(upstream:remoteref) refs/heads/master refs/remotes/master [1ms]
2026-05-17 06:26:59.477 [info] > git status -z -uall [14ms]
2026-05-17 06:26:59.478 [info] > git for-each-ref --sort -committerdate --format %(refname)%00%(objectname)%00%(*objectname) [2ms]
2026-05-17 06:27:00.615 [info] > git check-ignore -v -z --stdin [1ms]
2026-05-17 06:27:00.671 [info] > git check-ignore -v -z --stdin [19ms]
2026-05-17 06:27:00.808 [info] > git show --textconv :config/claude/projects/-home-dev/memory/feedback_logging.md [13ms]
2026-05-17 06:27:00.808 [warning] [GitFileSystemProvider][readFile] File not found - git:/home/dev/AI_Workflow/config/claude/projects/-home-dev/memory/feedback_logging.md.git?%7B%22path%22%3A%22%2Fhome%2Fdev%2FAI_Workflow%2Fconfig%2Fclaude%2Fprojects%2F-home-dev%2Fmemory%2Ffeedback_logging.md%22%2C%22ref%22%3A%22%22%7D
2026-05-17 06:27:00.809 [info] > git ls-files --stage -- config/claude/projects/-home-dev/memory/feedback_logging.md [2ms]
2026-05-17 06:27:00.809 [warning] [GitFileSystemProvider][stat] File not found - git:/home/dev/AI_Workflow/config/claude/projects/-home-dev/memory/feedback_logging.md.git?%7B%22path%22%3A%22%2Fhome%2Fdev%2FAI_Workflow%2Fconfig%2Fclaude%2Fprojects%2F-home-dev%2Fmemory%2Ffeedback_logging.md%22%2C%22ref%22%3A%22%22%7D
2026-05-17 06:27:06.707 [info] > git check-ignore -v -z --stdin [1ms]
2026-05-17 06:27:07.979 [info] > git check-ignore -v -z --stdin [1ms]
2026-05-17 06:27:08.026 [info] > git check-ignore -v -z --stdin [2ms]
2026-05-17 06:27:08.223 [info] > git show --textconv :config/claude/plans/melodic-tickling-ripple.md [34ms]
2026-05-17 06:27:08.226 [info] > git ls-files --stage -- config/claude/plans/melodic-tickling-ripple.md [3ms]
2026-05-17 06:27:08.237 [info] > git cat-file -s a27dcdbb8d49e79ef5d1fbf9f65f537c3cec9a0a [1ms]
2026-05-17 06:27:16.942 [info] > git config --get commit.template [14ms]
2026-05-17 06:27:16.942 [info] > git for-each-ref --format=%(refname)%00%(upstream:short)%00%(objectname)%00%(upstream:track)%00%(upstream:remotename)%00%(upstream:remoteref) refs/heads/master refs/remotes/master [1ms]
2026-05-17 06:27:16.967 [info] > git status -z -uall [12ms]
2026-05-17 06:27:16.968 [info] > git for-each-ref --sort -committerdate --format %(refname)%00%(objectname)%00%(*objectname) [1ms]
2026-05-17 06:27:21.998 [info] > git config --get commit.template [13ms]
2026-05-17 06:27:21.999 [info] > git for-each-ref --format=%(refname)%00%(upstream:short)%00%(objectname)%00%(upstream:track)%00%(upstream:remotename)%00%(upstream:remoteref) refs/heads/master refs/remotes/master [2ms]
2026-05-17 06:27:22.024 [info] > git status -z -uall [13ms]
2026-05-17 06:27:22.025 [info] > git for-each-ref --sort -committerdate --format %(refname)%00%(objectname)%00%(*objectname) [1ms]
2026-05-17 06:27:37.184 [info] > git check-ignore -v -z --stdin [2ms]
2026-05-17 06:27:38.875 [info] > git check-ignore -v -z --stdin [2ms]
2026-05-17 06:27:40.090 [info] > git check-ignore -v -z --stdin [2ms]
2026-05-17 06:27:41.399 [info] > git check-ignore -v -z --stdin [1ms]
2026-05-17 06:27:45.561 [info] > git check-ignore -v -z --stdin [2ms]
2026-05-17 06:27:47.006 [info] > git check-ignore -v -z --stdin [2ms]
2026-05-17 06:27:47.087 [info] > git check-ignore -v -z --stdin [1ms]
2026-05-17 06:27:47.199 [info] > git show --textconv :config/codex/config.yaml [14ms]
2026-05-17 06:27:47.199 [info] > git ls-files --stage -- config/codex/config.yaml [1ms]
2026-05-17 06:27:47.212 [info] > git cat-file -s ff5262d12435f0f3282d72bb3f5f9cc593cff8a4 [2ms]
2026-05-17 06:27:53.499 [info] > git check-ignore -v -z --stdin [2ms]
2026-05-17 06:27:53.584 [info] > git check-ignore -v -z --stdin [3ms]
2026-05-17 06:27:53.827 [info] > git show --textconv :config/codex/instructions.md [11ms]
2026-05-17 06:27:53.828 [info] > git ls-files --stage -- config/codex/instructions.md [2ms]
2026-05-17 06:27:53.840 [info] > git cat-file -s 2b0158ffc7556d79b6b19c1c9c73f4a45bff53e3 [2ms]
2026-05-17 06:27:57.373 [info] > git check-ignore -v -z --stdin [2ms]
2026-05-17 06:28:01.594 [info] > git check-ignore -v -z --stdin [1ms]
2026-05-17 06:28:04.174 [info] > git check-ignore -v -z --stdin [1ms]
2026-05-17 06:28:05.621 [info] > git check-ignore -v -z --stdin [2ms]
2026-05-17 06:28:06.394 [info] > git check-ignore -v -z --stdin [2ms]
2026-05-17 06:28:08.045 [info] > git check-ignore -v -z --stdin [1ms]
2026-05-17 06:28:12.186 [info] > git check-ignore -v -z --stdin [2ms]
2026-05-17 06:28:14.330 [info] > git check-ignore -v -z --stdin [1ms]
2026-05-17 06:28:15.144 [info] > git check-ignore -v -z --stdin [2ms]
2026-05-17 06:28:15.250 [info] > git check-ignore -v -z --stdin [17ms]
2026-05-17 06:28:15.339 [info] > git show --textconv :config/ollama/config.json [16ms]
2026-05-17 06:28:15.339 [info] > git ls-files --stage -- config/ollama/config.json [2ms]
2026-05-17 06:28:15.352 [info] > git cat-file -s ad7328e7d6e6333a2bfed037f38a7862f6576c78 [1ms]
2026-05-17 06:28:16.930 [info] > git config --get commit.template [2ms]
2026-05-17 06:28:16.945 [info] > git for-each-ref --format=%(refname)%00%(upstream:short)%00%(objectname)%00%(upstream:track)%00%(upstream:remotename)%00%(upstream:remoteref) refs/heads/master refs/remotes/master [2ms]
2026-05-17 06:28:16.971 [info] > git status -z -uall [13ms]
2026-05-17 06:28:16.972 [info] > git for-each-ref --sort -committerdate --format %(refname)%00%(objectname)%00%(*objectname) [2ms]
2026-05-17 06:28:21.913 [info] > git check-ignore -v -z --stdin [1ms]
2026-05-17 06:28:23.005 [info] > git check-ignore -v -z --stdin [19ms]
2026-05-17 06:28:23.082 [info] > git check-ignore -v -z --stdin [16ms]
2026-05-17 06:28:23.315 [info] > git show --textconv :config/openclaw/README.md [13ms]
2026-05-17 06:28:23.316 [info] > git ls-files --stage -- config/openclaw/README.md [2ms]
2026-05-17 06:28:23.329 [info] > git cat-file -s e32d9b101a71131d166318ce89fd4d06b2668f66 [1ms]
2026-05-17 06:28:29.520 [info] > git check-ignore -v -z --stdin [1ms]
2026-05-17 06:28:33.944 [info] > git check-ignore -v -z --stdin [19ms]
2026-05-17 06:28:33.962 [info] > git check-ignore -v -z --stdin [3ms]
2026-05-17 06:28:34.122 [info] > git show --textconv :config/secrets/.env [15ms]
2026-05-17 06:28:34.123 [warning] [GitFileSystemProvider][readFile] File not found - git:/home/dev/AI_Workflow/config/secrets/.env.git?%7B%22path%22%3A%22%2Fhome%2Fdev%2FAI_Workflow%2Fconfig%2Fsecrets%2F.env%22%2C%22ref%22%3A%22%22%7D
2026-05-17 06:28:34.124 [info] > git ls-files --stage -- config/secrets/.env [2ms]
2026-05-17 06:28:34.124 [warning] [GitFileSystemProvider][stat] File not found - git:/home/dev/AI_Workflow/config/secrets/.env.git?%7B%22path%22%3A%22%2Fhome%2Fdev%2FAI_Workflow%2Fconfig%2Fsecrets%2F.env%22%2C%22ref%22%3A%22%22%7D
2026-05-17 06:28:34.139 [info] > git blame --root --incremental c8fc7d8d7ed64b88366e1d710903a43468662472 -- config/secrets/.env [1ms]
2026-05-17 06:28:34.139 [info] fatal: no such path config/secrets/.env in c8fc7d8d7ed64b88366e1d710903a43468662472
2026-05-17 06:28:44.099 [info] > git check-ignore -v -z --stdin [1ms]
2026-05-17 06:28:47.328 [info] > git check-ignore -v -z --stdin [4ms]
2026-05-17 06:28:47.385 [info] > git check-ignore -v -z --stdin [3ms]
2026-05-17 06:28:48.941 [info] > git config --get commit.template [13ms]
2026-05-17 06:28:48.942 [info] > git for-each-ref --format=%(refname)%00%(upstream:short)%00%(objectname)%00%(upstream:track)%00%(upstream:remotename)%00%(upstream:remoteref) refs/heads/master refs/remotes/master [2ms]
2026-05-17 06:28:48.969 [info] > git status -z -uall [14ms]
2026-05-17 06:28:48.970 [info] > git for-each-ref --sort -committerdate --format %(refname)%00%(objectname)%00%(*objectname) [2ms]
2026-05-17 06:28:50.409 [info] > git check-ignore -v -z --stdin [3ms]
2026-05-17 06:28:50.484 [info] > git check-ignore -v -z --stdin [3ms]
2026-05-17 06:28:50.617 [info] > git show --textconv :config/secrets/.env [13ms]
2026-05-17 06:28:50.618 [warning] [GitFileSystemProvider][readFile] File not found - git:/home/dev/AI_Workflow/config/secrets/.env.git?%7B%22path%22%3A%22%2Fhome%2Fdev%2FAI_Workflow%2Fconfig%2Fsecrets%2F.env%22%2C%22ref%22%3A%22%22%7D
2026-05-17 06:28:50.618 [info] > git ls-files --stage -- config/secrets/.env [2ms]
2026-05-17 06:28:50.618 [warning] [GitFileSystemProvider][stat] File not found - git:/home/dev/AI_Workflow/config/secrets/.env.git?%7B%22path%22%3A%22%2Fhome%2Fdev%2FAI_Workflow%2Fconfig%2Fsecrets%2F.env%22%2C%22ref%22%3A%22%22%7D
2026-05-17 06:28:53.989 [info] > git config --get commit.template [2ms]
2026-05-17 06:28:54.003 [info] > git for-each-ref --format=%(refname)%00%(upstream:short)%00%(objectname)%00%(upstream:track)%00%(upstream:remotename)%00%(upstream:remoteref) refs/heads/master refs/remotes/master [1ms]
2026-05-17 06:28:54.030 [info] > git status -z -uall [14ms]
2026-05-17 06:28:54.031 [info] > git for-each-ref --sort -committerdate --format %(refname)%00%(objectname)%00%(*objectname) [2ms]
